sample_id,split,tr_id,t,target_item_id,target_time_plan,cur_dev_s,target_delay_s,target_class
122048_1767665400,train,122048,2026-01-06 02:10:00,53699018679,2026-01-06 02:22:00.000000,0.0,-25.0,ontime
122048_1767665700,train,122048,2026-01-06 02:15:00,53699018678,2026-01-06 02:26:00.000000,0.0,0.0,ontime
122048_1767666000,train,122048,2026-01-06 02:20:00,53699018687,2026-01-06 02:32:00.000000,0.0,0.0,ontime
122048_1767666300,train,122048,2026-01-06 02:25:00,53699018692,2026-01-06 02:37:00.000000,0.0,0.0,ontime
122048_1767666600,train,122048,2026-01-06 02:30:00,53699018689,2026-01-06 02:41:00.000000,0.0,0.0,ontime
133957_1767666600,train,133957,2026-01-06 02:30:00,53699456164,2026-01-06 02:45:00.000000,0.0,-32.0,ontime
129964_1767666600,train,129964,2026-01-06 02:30:00,53700336279,2026-01-06 02:41:00.000000,-97.0,44.0,ontime
133957_1767666900,train,133957,2026-01-06 02:35:00,53699456165,2026-01-06 02:47:00.000000,0.0,-32.0,ontime
132430_1767666900,train,132430,2026-01-06 02:35:00,53698549255,2026-01-06 02:46:00.000000,5.0,46.0,ontime
122048_1767666900,train,122048,2026-01-06 02:35:00,53699018674,2026-01-06 02:46:00.000000,0.0,0.0,ontime
129964_1767666900,train,129964,2026-01-06 02:35:00,53700336275,2026-01-06 02:47:00.000000,-51.0,16.0,ontime
133957_1767667200,train,133957,2026-01-06 02:40:00,53699456169,2026-01-06 02:51:00.000000,0.0,17.0,ontime
132430_1767667200,train,132430,2026-01-06 02:40:00,53698549241,2026-01-06 02:51:00.000000,22.0,102.0,ontime
122048_1767667200,train,122048,2026-01-06 02:40:00,53699018698,2026-01-06 02:51:00.000000,0.0,0.0,ontime
129964_1767667200,train,129964,2026-01-06 02:40:00,53700336272,2026-01-06 02:51:00.000000,5.0,-27.0,ontime
132430_1767667500,train,132430,2026-01-06 02:45:00,53698549239,2026-01-06 02:57:00.000000,28.0,-23.0,ontime
122048_1767667500,train,122048,2026-01-06 02:45:00,53699018670,2026-01-06 02:56:00.000000,0.0,0.0,ontime
129964_1767667500,train,129964,2026-01-06 02:45:00,53700336268,2026-01-06 02:56:00.000000,46.0,2.0,ontime
133957_1767667500,train,133957,2026-01-06 02:45:00,53699456157,2026-01-06 02:56:00.000000,-32.0,-66.0,early
122048_1767667800,train,122048,2026-01-06 02:50:00,53699018706,2026-01-06 03:01:00.000000,0.0,0.0,ontime
133957_1767667800,train,133957,2026-01-06 02:50:00,53699456162,2026-01-06 03:01:00.000000,24.0,-74.0,early
132430_1767667800,train,132430,2026-01-06 02:50:00,53698549244,2026-01-06 03:01:00.000000,93.0,-2.0,ontime
129964_1767667800,train,129964,2026-01-06 02:50:00,53700336264,2026-01-06 03:02:00.000000,6.0,-70.0,early
134040_1767667800,train,134040,2026-01-06 02:50:00,53698328425,2026-01-06 03:03:00.000000,0.0,20.0,ontime
129964_1767668100,train,129964,2026-01-06 02:55:00,53700336262,2026-01-06 03:06:00.000000,-7.0,-76.0,early
132430_1767668100,train,132430,2026-01-06 02:55:00,53698549731,2026-01-06 03:06:00.000000,40.0,27.0,ontime
122048_1767668100,train,122048,2026-01-06 02:55:00,53699018694,2026-01-06 03:07:00.000000,0.0,0.0,ontime
133957_1767668100,train,133957,2026-01-06 02:55:00,53699456173,2026-01-06 03:06:00.000000,-7.0,-61.0,early
134040_1767668100,train,134040,2026-01-06 02:55:00,53698328422,2026-01-06 03:06:00.000000,0.0,93.0,ontime
132430_1767668400,train,132430,2026-01-06 03:00:00,53698549732,2026-01-06 03:11:00.000000,25.0,22.0,ontime
122048_1767668400,train,122048,2026-01-06 03:00:00,53699018704,2026-01-06 03:11:00.000000,0.0,0.0,ontime
133957_1767668400,train,133957,2026-01-06 03:00:00,53699456177,2026-01-06 03:11:00.000000,-109.0,-34.0,ontime
122048_1767668700,train,122048,2026-01-06 03:05:00,53699018826,2026-01-06 03:16:00.000000,0.0,0.0,ontime
132430_1767668700,train,132430,2026-01-06 03:05:00,53698549735,2026-01-06 03:16:00.000000,10.0,74.0,ontime
122048_1767669000,train,122048,2026-01-06 03:10:00,53699018813,2026-01-06 03:21:00.000000,0.0,0.0,ontime
132430_1767669000,train,132430,2026-01-06 03:10:00,53698549747,2026-01-06 03:21:00.000000,20.0,1.0,ontime
133957_1767669300,train,133957,2026-01-06 03:15:00,53699456195,2026-01-06 03:30:00.000000,-34.0,46.0,ontime
132430_1767669300,train,132430,2026-01-06 03:15:00,53698549752,2026-01-06 03:26:00.000000,136.0,4.0,ontime
122048_1767669300,train,122048,2026-01-06 03:15:00,53699018801,2026-01-06 03:26:00.000000,0.0,0.0,ontime
122048_1767669600,train,122048,2026-01-06 03:20:00,53699018821,2026-01-06 03:31:00.000000,0.0,0.0,ontime
133957_1767669600,train,133957,2026-01-06 03:20:00,53699456196,2026-01-06 03:32:00.000000,-34.0,58.0,ontime
132430_1767669600,train,132430,2026-01-06 03:20:00,53698549748,2026-01-06 03:31:00.000000,11.0,84.0,ontime
133957_1767669900,train,133957,2026-01-06 03:25:00,53699456199,2026-01-06 03:36:00.000000,-34.0,40.0,ontime
122048_1767669900,train,122048,2026-01-06 03:25:00,53699018809,2026-01-06 03:37:00.000000,0.0,0.0,ontime
132430_1767669900,train,132430,2026-01-06 03:25:00,53698549730,2026-01-06 03:37:00.000000,-8.0,58.0,ontime
133957_1767670200,train,133957,2026-01-06 03:30:00,53699456188,2026-01-06 03:41:00.000000,21.0,133.0,late
134040_1767670200,train,134040,2026-01-06 03:30:00,53698328448,2026-01-06 03:43:00.000000,135.0,110.0,ontime
129964_1767670200,train,129964,2026-01-06 03:30:00,53700336333,2026-01-06 03:41:00.000000,28.0,74.0,ontime
135081_1767670200,train,135081,2026-01-06 03:30:00,53699791146,2026-01-06 03:42:00.000000,0.0,14.0,ontime
122048_1767670200,train,122048,2026-01-06 03:30:00,53699018797,2026-01-06 03:41:00.000000,0.0,0.0,ontime
122048_1767670500,train,122048,2026-01-06 03:35:00,53699018837,2026-01-06 03:46:00.000000,0.0,0.0,ontime
129964_1767670500,train,129964,2026-01-06 03:35:00,53700336329,2026-01-06 03:47:00.000000,-13.0,61.0,ontime
133957_1767670500,train,133957,2026-01-06 03:35:00,53699456192,2026-01-06 03:46:00.000000,36.0,55.0,ontime
134040_1767670500,train,134040,2026-01-06 03:35:00,53698328462,2026-01-06 03:47:00.000000,125.0,129.0,late
135081_1767670500,train,135081,2026-01-06 03:35:00,53699791126,2026-01-06 03:47:00.000000,0.0,63.0,ontime
132430_1767670500,train,132430,2026-01-06 03:35:00,53698549967,2026-01-06 03:48:00.000000,99.0,215.0,late
135081_1767670800,train,135081,2026-01-06 03:40:00,53699791118,2026-01-06 03:52:00.000000,0.0,54.0,ontime
129964_1767670800,train,129964,2026-01-06 03:40:00,53700336326,2026-01-06 03:51:00.000000,103.0,-16.0,ontime
133957_1767670800,train,133957,2026-01-06 03:40:00,53699456182,2026-01-06 03:51:00.000000,112.0,-10.0,ontime
122048_1767670800,train,122048,2026-01-06 03:40:00,53699018805,2026-01-06 03:51:00.000000,0.0,0.0,ontime
134040_1767670800,train,134040,2026-01-06 03:40:00,53698328439,2026-01-06 03:52:00.000000,111.0,132.0,late
132430_1767670800,train,132430,2026-01-06 03:40:00,53698549965,2026-01-06 03:53:00.000000,58.0,162.0,late
134040_1767671100,train,134040,2026-01-06 03:45:00,53698328453,2026-01-06 03:59:00.000000,179.0,60.0,ontime
133957_1767671100,train,133957,2026-01-06 03:45:00,53699456148,2026-01-06 04:00:00.000000,82.0,-86.0,early
129964_1767671100,train,129964,2026-01-06 03:45:00,53700336323,2026-01-06 03:56:00.000000,75.0,-55.0,ontime
132430_1767671100,train,132430,2026-01-06 03:45:00,53698549947,2026-01-06 03:56:00.000000,58.0,137.0,late
122048_1767671100,train,122048,2026-01-06 03:45:00,53699018832,2026-01-06 03:56:00.000000,0.0,0.0,ontime
135081_1767671100,train,135081,2026-01-06 03:45:00,53699791128,2026-01-06 03:57:00.000000,59.0,45.0,ontime
122048_1767671400,train,122048,2026-01-06 03:50:00,53699018836,2026-01-06 04:01:00.000000,0.0,0.0,ontime
129964_1767671400,train,129964,2026-01-06 03:50:00,53700336318,2026-01-06 04:01:00.000000,4.0,22.0,ontime
132430_1767671400,train,132430,2026-01-06 03:50:00,53698549968,2026-01-06 04:01:00.000000,215.0,244.0,late
134040_1767671400,train,134040,2026-01-06 03:50:00,53698328463,2026-01-06 04:01:00.000000,140.0,43.0,ontime
133957_1767671400,train,133957,2026-01-06 03:50:00,53699456149,2026-01-06 04:02:00.000000,19.0,-86.0,early
135081_1767671400,train,135081,2026-01-06 03:50:00,53699791143,2026-01-06 04:01:00.000000,73.0,84.0,ontime
135081_1767671700,train,135081,2026-01-06 03:55:00,53699791117,2026-01-06 04:06:00.000000,29.0,104.0,ontime
132430_1767671700,train,132430,2026-01-06 03:55:00,53698549955,2026-01-06 04:06:00.000000,143.0,324.0,late
133957_1767671700,train,133957,2026-01-06 03:55:00,53699456142,2026-01-06 04:06:00.000000,-64.0,-40.0,ontime
134040_1767671700,train,134040,2026-01-06 03:55:00,53698328456,2026-01-06 04:07:00.000000,146.0,-29.0,ontime
122048_1767671700,train,122048,2026-01-06 03:55:00,53699018833,2026-01-06 04:06:00.000000,0.0,0.0,ontime
129964_1767671700,train,129964,2026-01-06 03:55:00,53700336315,2026-01-06 04:07:00.000000,-25.0,-50.0,ontime
135081_1767672000,train,135081,2026-01-06 04:00:00,53699791152,2026-01-06 04:12:00.000000,47.0,-33.0,ontime
132430_1767672000,train,132430,2026-01-06 04:00:00,53698549954,2026-01-06 04:11:00.000000,215.0,364.0,late
129964_1767672000,train,129964,2026-01-06 04:00:00,53700336312,2026-01-06 04:12:00.000000,60.0,-7.0,ontime
133957_1767672000,train,133957,2026-01-06 04:00:00,53699456145,2026-01-06 04:11:00.000000,-86.0,-29.0,ontime
135081_1767672300,train,135081,2026-01-06 04:05:00,53699791130,2026-01-06 04:16:00.000000,41.0,-40.0,ontime
133957_1767672300,train,133957,2026-01-06 04:05:00,53699456133,2026-01-06 04:16:00.000000,-118.0,-51.0,ontime
122048_1767672300,train,122048,2026-01-06 04:05:00,53699018745,2026-01-06 04:19:00.000000,0.0,66.0,ontime
132430_1767672300,train,132430,2026-01-06 04:05:00,53698549949,2026-01-06 04:17:00.000000,276.0,275.0,late
129964_1767672300,train,129964,2026-01-06 04:05:00,53700336308,2026-01-06 04:16:00.000000,-37.0,-9.0,ontime
133957_1767672600,train,133957,2026-01-06 04:10:00,53699456137,2026-01-06 04:22:00.000000,-14.0,-8.0,ontime
135081_1767672600,train,135081,2026-01-06 04:10:00,53699791141,2026-01-06 04:21:00.000000,49.0,-145.0,early
122048_1767672600,train,122048,2026-01-06 04:10:00,53699018748,2026-01-06 04:21:00.000000,0.0,66.0,ontime
132430_1767672600,train,132430,2026-01-06 04:10:00,53698549961,2026-01-06 04:21:00.000000,319.0,322.0,late
133957_1767672900,train,133957,2026-01-06 04:15:00,53699456150,2026-01-06 04:26:00.000000,-41.0,-34.0,ontime
122048_1767672900,train,122048,2026-01-06 04:15:00,53699018739,2026-01-06 04:26:00.000000,0.0,170.0,late
132430_1767672900,train,132430,2026-01-06 04:15:00,53698549497,2026-01-06 04:28:00.000000,242.0,130.0,late
130238_1767672900,train,130238,2026-01-06 04:15:00,53698370214,2026-01-06 04:27:00.000000,0.0,-23.0,ontime
135081_1767672900,train,135081,2026-01-06 04:15:00,53699791138,2026-01-06 04:26:00.000000,-32.0,-98.0,early
129964_1767672900,train,129964,2026-01-06 04:15:00,53700336370,2026-01-06 04:26:00.000000,7.0,-29.0,ontime
129964_1767673200,train,129964,2026-01-06 04:20:00,53700336366,2026-01-06 04:31:00.000000,-9.0,-57.0,ontime
130238_1767673200,train,130238,2026-01-06 04:20:00,53698370216,2026-01-06 04:31:00.000000,0.0,39.0,ontime
122048_1767673200,train,122048,2026-01-06 04:20:00,53699018727,2026-01-06 04:31:00.000000,66.0,41.0,ontime
132430_1767673200,train,132430,2026-01-06 04:20:00,53698549492,2026-01-06 04:31:00.000000,310.0,129.0,late
135081_1767673200,train,135081,2026-01-06 04:20:00,53699790882,2026-01-06 04:32:00.000000,-103.0,71.0,ontime
129964_1767673500,train,129964,2026-01-06 04:25:00,53700336362,2026-01-06 04:36:00.000000,-9.0,19.0,ontime
122048_1767673500,train,122048,2026-01-06 04:25:00,53699018726,2026-01-06 04:36:00.000000,169.0,25.0,ontime
132430_1767673500,train,132430,2026-01-06 04:25:00,53698549476,2026-01-06 04:36:00.000000,229.0,265.0,late
130238_1767673500,train,130238,2026-01-06 04:25:00,53698370199,2026-01-06 04:36:00.000000,0.0,26.0,ontime
135081_1767673500,train,135081,2026-01-06 04:25:00,53699790888,2026-01-06 04:36:00.000000,-120.0,64.0,ontime
130238_1767673800,train,130238,2026-01-06 04:30:00,53698370210,2026-01-06 04:41:00.000000,90.0,10.0,ontime
131672_1767673800,train,131672,2026-01-06 04:30:00,53700172804,2026-01-06 04:41:00.000000,-6.0,-73.0,early
133957_1767673800,train,133957,2026-01-06 04:30:00,53699456223,2026-01-06 04:45:00.000000,-4.0,32.0,ontime
129964_1767673800,train,129964,2026-01-06 04:30:00,53700336358,2026-01-06 04:41:00.000000,-64.0,-15.0,ontime
135081_1767673800,train,135081,2026-01-06 04:30:00,53699790891,2026-01-06 04:41:00.000000,-96.0,111.0,ontime
129964_1767674100,train,129964,2026-01-06 04:35:00,53700336353,2026-01-06 04:46:00.000000,34.0,72.0,ontime
130238_1767674100,train,130238,2026-01-06 04:35:00,53698370197,2026-01-06 04:46:00.000000,39.0,131.0,late
135081_1767674100,train,135081,2026-01-06 04:35:00,53699790895,2026-01-06 04:46:00.000000,71.0,80.0,ontime
131672_1767674100,train,131672,2026-01-06 04:35:00,53700172846,2026-01-06 04:48:00.000000,0.0,121.0,late
133957_1767674100,train,133957,2026-01-06 04:35:00,53699456215,2026-01-06 04:47:00.000000,-4.0,43.0,ontime
133957_1767674400,train,133957,2026-01-06 04:40:00,53699456218,2026-01-06 04:51:00.000000,-4.0,74.0,ontime
135081_1767674400,train,135081,2026-01-06 04:40:00,53699790899,2026-01-06 04:52:00.000000,133.0,122.0,late
129964_1767674400,train,129964,2026-01-06 04:40:00,53700336395,2026-01-06 04:51:00.000000,3.0,95.0,ontime
131672_1767674400,train,131672,2026-01-06 04:40:00,53700172849,2026-01-06 04:51:00.000000,-31.0,145.0,late
130238_1767674400,train,130238,2026-01-06 04:40:00,53698370207,2026-01-06 04:51:00.000000,-42.0,168.0,late
130238_1767674700,train,130238,2026-01-06 04:45:00,53698370206,2026-01-06 04:56:00.000000,139.0,240.0,late
131672_1767674700,train,131672,2026-01-06 04:45:00,53700172844,2026-01-06 04:56:00.000000,-73.0,125.0,late
133957_1767674700,train,133957,2026-01-06 04:45:00,53699456222,2026-01-06 04:56:00.000000,48.0,171.0,late
135081_1767674700,train,135081,2026-01-06 04:45:00,53699790893,2026-01-06 04:56:00.000000,82.0,94.0,ontime
129964_1767674700,train,129964,2026-01-06 04:45:00,53700336392,2026-01-06 04:56:00.000000,2.0,46.0,ontime
130238_1767675000,train,130238,2026-01-06 04:50:00,53698370227,2026-01-06 05:02:00.000000,179.0,233.0,late
135081_1767675000,train,135081,2026-01-06 04:50:00,53699790897,2026-01-06 05:02:00.000000,161.0,53.0,ontime
129964_1767675000,train,129964,2026-01-06 04:50:00,53700336388,2026-01-06 05:02:00.000000,38.0,38.0,ontime
131672_1767675000,train,131672,2026-01-06 04:50:00,53700172864,2026-01-06 05:01:00.000000,146.0,166.0,late
133300_1767675000,train,133300,2026-01-06 04:50:00,53700641008,2026-01-06 05:05:00.000000,0.0,99.0,ontime
133957_1767675000,train,133957,2026-01-06 04:50:00,53699456210,2026-01-06 05:02:00.000000,61.0,92.0,ontime
135081_1767675300,train,135081,2026-01-06 04:55:00,53699790868,2026-01-06 05:06:00.000000,114.0,208.0,late
133300_1767675300,train,133300,2026-01-06 04:55:00,53700641002,2026-01-06 05:07:00.000000,0.0,99.0,ontime
131672_1767675300,train,131672,2026-01-06 04:55:00,53700172858,2026-01-06 05:06:00.000000,108.0,88.0,ontime
129964_1767675300,train,129964,2026-01-06 04:55:00,53700336385,2026-01-06 05:06:00.000000,46.0,105.0,ontime
133957_1767675300,train,133957,2026-01-06 04:55:00,53699456213,2026-01-06 05:06:00.000000,123.0,5.0,ontime
133957_1767675600,train,133957,2026-01-06 05:00:00,53699456206,2026-01-06 05:11:00.000000,67.0,-10.0,ontime
122048_1767675600,train,122048,2026-01-06 05:00:00,53699018742,2026-01-06 05:11:00.000000,2.0,-68.0,early
133300_1767675600,train,133300,2026-01-06 05:00:00,53700641003,2026-01-06 05:12:00.000000,0.0,180.0,late
129964_1767675600,train,129964,2026-01-06 05:00:00,53700336380,2026-01-06 05:13:00.000000,28.0,46.0,ontime
135081_1767675600,train,135081,2026-01-06 05:00:00,53699790864,2026-01-06 05:11:00.000000,61.0,299.0,late
133300_1767675900,train,133300,2026-01-06 05:05:00,53700641010,2026-01-06 05:16:00.000000,99.0,135.0,late
122048_1767675900,train,122048,2026-01-06 05:05:00,53699018718,2026-01-06 05:16:00.000000,-51.0,-86.0,early
129964_1767675900,train,129964,2026-01-06 05:05:00,53700336378,2026-01-06 05:17:00.000000,84.0,20.0,ontime
133957_1767675900,train,133957,2026-01-06 05:05:00,53699456247,2026-01-06 05:17:00.000000,35.0,-32.0,ontime
135081_1767675900,train,135081,2026-01-06 05:05:00,53699790881,2026-01-06 05:16:00.000000,214.0,224.0,late
133300_1767676200,train,133300,2026-01-06 05:10:00,53700641011,2026-01-06 05:21:00.000000,253.0,170.0,late
129964_1767676200,train,129964,2026-01-06 05:10:00,53700336375,2026-01-06 05:21:00.000000,109.0,91.0,ontime
135081_1767676200,train,135081,2026-01-06 05:10:00,53699790867,2026-01-06 05:21:00.000000,320.0,126.0,late
133957_1767676200,train,133957,2026-01-06 05:10:00,53699456261,2026-01-06 05:21:00.000000,19.0,95.0,ontime
122048_1767676200,train,122048,2026-01-06 05:10:00,53699018566,2026-01-06 05:21:00.000000,-80.0,25.0,ontime
135081_1767676500,train,135081,2026-01-06 05:15:00,53699790873,2026-01-06 05:26:00.000000,236.0,-30.0,ontime
122048_1767676500,train,122048,2026-01-06 05:15:00,53699018544,2026-01-06 05:26:00.000000,-19.0,-41.0,ontime
133300_1767676500,train,133300,2026-01-06 05:15:00,53700640995,2026-01-06 05:26:00.000000,156.0,169.0,late
133957_1767676500,train,133957,2026-01-06 05:15:00,53699456264,2026-01-06 05:26:00.000000,-32.0,61.0,ontime
133300_1767676800,train,133300,2026-01-06 05:20:00,53700640996,2026-01-06 05:31:00.000000,137.0,289.0,late
122048_1767676800,train,122048,2026-01-06 05:20:00,53699018565,2026-01-06 05:32:00.000000,-56.0,-163.0,early
133957_1767676800,train,133957,2026-01-06 05:20:00,53699456252,2026-01-06 05:31:00.000000,-39.0,7.0,ontime
122048_1767677100,train,122048,2026-01-06 05:25:00,53699018576,2026-01-06 05:36:00.000000,17.0,-177.0,early
133957_1767677100,train,133957,2026-01-06 05:25:00,53699456256,2026-01-06 05:37:00.000000,111.0,-94.0,early
122048_1767677400,train,122048,2026-01-06 05:30:00,53699018563,2026-01-06 05:41:00.000000,-113.0,-65.0,early
133957_1767677400,train,133957,2026-01-06 05:30:00,53699456259,2026-01-06 05:41:00.000000,26.0,-91.0,early
133300_1767677400,train,133300,2026-01-06 05:30:00,53700641312,2026-01-06 05:45:00.000000,296.0,87.0,ontime
130238_1767677400,train,130238,2026-01-06 05:30:00,53698370096,2026-01-06 05:41:00.000000,12.0,-50.0,ontime
134040_1767677400,train,134040,2026-01-06 05:30:00,53698328574,2026-01-06 05:41:00.000000,189.0,71.0,ontime
122048_1767677700,train,122048,2026-01-06 05:35:00,53699018556,2026-01-06 05:46:00.000000,-203.0,12.0,ontime
134040_1767677700,train,134040,2026-01-06 05:35:00,53698328587,2026-01-06 05:47:00.000000,120.0,174.0,late
133300_1767677700,train,133300,2026-01-06 05:35:00,53700641306,2026-01-06 05:47:00.000000,284.0,87.0,ontime
130238_1767677700,train,130238,2026-01-06 05:35:00,53698370095,2026-01-06 05:46:00.000000,18.0,-47.0,ontime
130238_1767678000,train,130238,2026-01-06 05:40:00,53698370104,2026-01-06 05:51:00.000000,57.0,-45.0,ontime
133300_1767678000,train,133300,2026-01-06 05:40:00,53700641307,2026-01-06 05:52:00.000000,284.0,108.0,ontime
134040_1767678000,train,134040,2026-01-06 05:40:00,53698328565,2026-01-06 05:52:00.000000,71.0,-25.0,ontime
122048_1767678000,train,122048,2026-01-06 05:40:00,53699018571,2026-01-06 05:52:00.000000,-78.0,47.0,ontime
133300_1767678300,train,133300,2026-01-06 05:45:00,53700641314,2026-01-06 05:56:00.000000,87.0,59.0,ontime
130238_1767678300,train,130238,2026-01-06 05:45:00,53698370110,2026-01-06 05:57:00.000000,-49.0,-142.0,early
122048_1767678300,train,122048,2026-01-06 05:45:00,53699018542,2026-01-06 05:57:00.000000,-46.0,124.0,late
133300_1767678600,train,133300,2026-01-06 05:50:00,53700641315,2026-01-06 06:01:00.000000,178.0,40.0,ontime
122048_1767678600,train,122048,2026-01-06 05:50:00,53699018554,2026-01-06 06:02:00.000000,7.0,172.0,late
133300_1767678900,train,133300,2026-01-06 05:55:00,53700641321,2026-01-06 06:06:00.000000,76.0,-2.0,ontime
122048_1767678900,train,122048,2026-01-06 05:55:00,53699018552,2026-01-06 06:07:00.000000,83.0,140.0,late
133957_1767679500,train,133957,2026-01-06 06:05:00,53699456233,2026-01-06 06:18:00.000000,-16.0,49.0,ontime
130238_1767679500,train,130238,2026-01-06 06:05:00,53698370314,2026-01-06 06:18:00.000000,-52.0,0.0,ontime
130238_1767679800,train,130238,2026-01-06 06:10:00,53698370302,2026-01-06 06:21:00.000000,-52.0,0.0,ontime
133957_1767679800,train,133957,2026-01-06 06:10:00,53699456225,2026-01-06 06:21:00.000000,-16.0,71.0,ontime
132430_1767679800,train,132430,2026-01-06 06:10:00,53698549975,2026-01-06 06:25:00.000000,0.0,73.0,ontime
134040_1767679800,train,134040,2026-01-06 06:10:00,53698328541,2026-01-06 06:23:00.000000,-25.0,23.0,ontime
132430_1767680100,train,132430,2026-01-06 06:15:00,53698549972,2026-01-06 06:27:00.000000,0.0,73.0,ontime
134040_1767680100,train,134040,2026-01-06 06:15:00,53698328545,2026-01-06 06:26:00.000000,-25.0,26.0,ontime
133957_1767680100,train,133957,2026-01-06 06:15:00,53699456229,2026-01-06 06:26:00.000000,-16.0,111.0,ontime
130238_1767680100,train,130238,2026-01-06 06:15:00,53698370310,2026-01-06 06:26:00.000000,-52.0,0.0,ontime
134040_1767680400,train,134040,2026-01-06 06:20:00,53698328548,2026-01-06 06:31:00.000000,-25.0,-52.0,ontime
133957_1767680400,train,133957,2026-01-06 06:20:00,53699456232,2026-01-06 06:31:00.000000,58.0,18.0,ontime
130238_1767680400,train,130238,2026-01-06 06:20:00,53698370324,2026-01-06 06:32:00.000000,0.0,0.0,ontime
132430_1767680400,train,132430,2026-01-06 06:20:00,53698549974,2026-01-06 06:32:00.000000,0.0,-15.0,ontime
129964_1767680400,train,129964,2026-01-06 06:20:00,53700336475,2026-01-06 06:33:00.000000,122.0,-51.0,ontime
134040_1767680700,train,134040,2026-01-06 06:25:00,53698328553,2026-01-06 06:37:00.000000,32.0,-87.0,early
132430_1767680700,train,132430,2026-01-06 06:25:00,53698549981,2026-01-06 06:36:00.000000,73.0,-42.0,ontime
133957_1767680700,train,133957,2026-01-06 06:25:00,53699456245,2026-01-06 06:37:00.000000,99.0,39.0,ontime
130238_1767680700,train,130238,2026-01-06 06:25:00,53698370303,2026-01-06 06:36:00.000000,0.0,0.0,ontime
129964_1767680700,train,129964,2026-01-06 06:25:00,53700336473,2026-01-06 06:36:00.000000,122.0,-106.0,early
133957_1767681000,train,133957,2026-01-06 06:30:00,53699456238,2026-01-06 06:41:00.000000,75.0,-30.0,ontime
129964_1767681000,train,129964,2026-01-06 06:30:00,53700336468,2026-01-06 06:41:00.000000,122.0,7.0,ontime
132430_1767681000,train,132430,2026-01-06 06:30:00,53698549976,2026-01-06 06:42:00.000000,73.0,32.0,ontime
130238_1767681000,train,130238,2026-01-06 06:30:00,53698370305,2026-01-06 06:42:00.000000,0.0,0.0,ontime
122658_1767681000,train,122658,2026-01-06 06:30:00,53699433974,2026-01-06 06:41:00.000000,246.0,181.0,late
133300_1767681000,train,133300,2026-01-06 06:30:00,53700641303,2026-01-06 06:41:00.000000,36.0,12.0,ontime
134040_1767681000,train,134040,2026-01-06 06:30:00,53698328556,2026-01-06 06:41:00.000000,-7.0,-111.0,early
134040_1767681300,train,134040,2026-01-06 06:35:00,53698328543,2026-01-06 06:46:00.000000,-72.0,-75.0,early
129964_1767681300,train,129964,2026-01-06 06:35:00,53700336465,2026-01-06 06:46:00.000000,-51.0,47.0,ontime
132430_1767681300,train,132430,2026-01-06 06:35:00,53698549988,2026-01-06 06:47:00.000000,-11.0,126.0,late
133300_1767681300,train,133300,2026-01-06 06:35:00,53700641287,2026-01-06 06:46:00.000000,44.0,-61.0,early
122658_1767681300,train,122658,2026-01-06 06:35:00,53699433892,2026-01-06 06:47:00.000000,181.0,0.0,ontime
130238_1767681300,train,130238,2026-01-06 06:35:00,53698370308,2026-01-06 06:47:00.000000,0.0,0.0,ontime
133957_1767681300,train,133957,2026-01-06 06:35:00,53699456276,2026-01-06 06:46:00.000000,25.0,-59.0,ontime
130238_1767681600,train,130238,2026-01-06 06:40:00,53698370322,2026-01-06 06:52:00.000000,0.0,0.0,ontime
133300_1767681600,train,133300,2026-01-06 06:40:00,53700641288,2026-01-06 06:51:00.000000,-10.0,159.0,late
134040_1767681600,train,134040,2026-01-06 06:40:00,53698328557,2026-01-06 06:51:00.000000,-94.0,1.0,ontime
133957_1767681600,train,133957,2026-01-06 06:40:00,53699456280,2026-01-06 06:52:00.000000,-5.0,-30.0,ontime
132430_1767681600,train,132430,2026-01-06 06:40:00,53698549987,2026-01-06 06:52:00.000000,-39.0,65.0,ontime
122658_1767681600,train,122658,2026-01-06 06:40:00,53699433894,2026-01-06 06:52:00.000000,181.0,0.0,ontime
129964_1767681600,train,129964,2026-01-06 06:40:00,53700336460,2026-01-06 06:51:00.000000,-38.0,39.0,ontime
131672_1767681900,train,131672,2026-01-06 06:45:00,53700172889,2026-01-06 06:56:00.000000,13.0,37.0,ontime
133300_1767681900,train,133300,2026-01-06 06:45:00,53700641192,2026-01-06 07:00:00.000000,-41.0,79.0,ontime
130238_1767681900,train,130238,2026-01-06 06:45:00,53698370299,2026-01-06 06:56:00.000000,0.0,0.0,ontime
134040_1767681900,train,134040,2026-01-06 06:45:00,53698328532,2026-01-06 06:57:00.000000,-79.0,-38.0,ontime
129964_1767681900,train,129964,2026-01-06 06:45:00,53700336456,2026-01-06 06:56:00.000000,-4.0,148.0,late
122658_1767681900,train,122658,2026-01-06 06:45:00,53699433885,2026-01-06 06:56:00.000000,181.0,0.0,ontime
133957_1767681900,train,133957,2026-01-06 06:45:00,53699456283,2026-01-06 06:57:00.000000,-1.0,-58.0,ontime
132430_1767681900,train,132430,2026-01-06 06:45:00,53698549985,2026-01-06 06:56:00.000000,60.0,-62.0,early
133957_1767682200,train,133957,2026-01-06 06:50:00,53699456270,2026-01-06 07:01:00.000000,-57.0,-19.0,ontime
133300_1767682200,train,133300,2026-01-06 06:50:00,53700641186,2026-01-06 07:02:00.000000,107.0,79.0,ontime
131672_1767682200,train,131672,2026-01-06 06:50:00,53700172885,2026-01-06 07:01:00.000000,13.0,13.0,ontime
134040_1767682200,train,134040,2026-01-06 06:50:00,53698328533,2026-01-06 07:01:00.000000,-45.0,-71.0,early
129964_1767682200,train,129964,2026-01-06 06:50:00,53700336453,2026-01-06 07:02:00.000000,68.0,188.0,late
132430_1767682200,train,132430,2026-01-06 06:50:00,53698549992,2026-01-06 07:01:00.000000,104.0,-16.0,ontime
122658_1767682200,train,122658,2026-01-06 06:50:00,53699433880,2026-01-06 07:04:00.000000,0.0,0.0,ontime
129964_1767682500,train,129964,2026-01-06 06:55:00,53700336450,2026-01-06 07:06:00.000000,102.0,84.0,ontime
132430_1767682500,train,132430,2026-01-06 06:55:00,53698549558,2026-01-06 07:06:00.000000,5.0,248.0,late
133300_1767682500,train,133300,2026-01-06 06:55:00,53700641187,2026-01-06 07:07:00.000000,158.0,173.0,late
131672_1767682500,train,131672,2026-01-06 06:55:00,53700172905,2026-01-06 07:06:00.000000,13.0,16.0,ontime
133957_1767682500,train,133957,2026-01-06 06:55:00,53699456274,2026-01-06 07:06:00.000000,-12.0,-45.0,ontime
122658_1767682500,train,122658,2026-01-06 06:55:00,53699433881,2026-01-06 07:07:00.000000,0.0,0.0,ontime
134040_1767682500,train,134040,2026-01-06 06:55:00,53698328635,2026-01-06 07:06:00.000000,-31.0,46.0,ontime
133957_1767682800,train,133957,2026-01-06 07:00:00,53699456285,2026-01-06 07:11:00.000000,-58.0,-74.0,early
132430_1767682800,train,132430,2026-01-06 07:00:00,53698549566,2026-01-06 07:11:00.000000,-16.0,267.0,late
122658_1767682800,train,122658,2026-01-06 07:00:00,53699433888,2026-01-06 07:12:00.000000,0.0,0.0,ontime
133300_1767682800,train,133300,2026-01-06 07:00:00,53700641194,2026-01-06 07:11:00.000000,79.0,135.0,late
131672_1767682800,train,131672,2026-01-06 07:00:00,53700172908,2026-01-06 07:13:00.000000,47.0,-48.0,ontime
129964_1767682800,train,129964,2026-01-06 07:00:00,53700336447,2026-01-06 07:11:00.000000,194.0,70.0,ontime
133957_1767683100,train,133957,2026-01-06 07:05:00,53699456289,2026-01-06 07:16:00.000000,-37.0,-8.0,ontime
133300_1767683100,train,133300,2026-01-06 07:05:00,53700641195,2026-01-06 07:16:00.000000,252.0,169.0,late
131672_1767683100,train,131672,2026-01-06 07:05:00,53700172903,2026-01-06 07:16:00.000000,20.0,-52.0,ontime
132430_1767683100,train,132430,2026-01-06 07:05:00,53698549563,2026-01-06 07:17:00.000000,-53.0,408.0,late
129964_1767683100,train,129964,2026-01-06 07:05:00,53700336487,2026-01-06 07:16:00.000000,124.0,154.0,late
122658_1767683100,train,122658,2026-01-06 07:05:00,53699433891,2026-01-06 07:16:00.000000,0.0,0.0,ontime
129964_1767683400,train,129964,2026-01-06 07:10:00,53700336484,2026-01-06 07:22:00.000000,78.0,81.0,ontime
131672_1767683400,train,131672,2026-01-06 07:10:00,53700172904,2026-01-06 07:22:00.000000,24.0,-178.0,early
122658_1767683400,train,122658,2026-01-06 07:10:00,53699434027,2026-01-06 07:21:00.000000,0.0,-11.0,ontime
132430_1767683400,train,132430,2026-01-06 07:10:00,53698549569,2026-01-06 07:22:00.000000,291.0,270.0,late
133300_1767683400,train,133300,2026-01-06 07:10:00,53700641201,2026-01-06 07:21:00.000000,155.0,166.0,late
129964_1767683700,train,129964,2026-01-06 07:15:00,53700336481,2026-01-06 07:27:00.000000,193.0,145.0,late
133300_1767683700,train,133300,2026-01-06 07:15:00,53700641202,2026-01-06 07:26:00.000000,148.0,240.0,late
133957_1767683700,train,133957,2026-01-06 07:15:00,53699456312,2026-01-06 07:26:00.000000,-8.0,10.0,ontime
122658_1767683700,train,122658,2026-01-06 07:15:00,53699434030,2026-01-06 07:27:00.000000,0.0,96.0,ontime
132430_1767683700,train,132430,2026-01-06 07:15:00,53698549575,2026-01-06 07:26:00.000000,388.0,163.0,late
131672_1767683700,train,131672,2026-01-06 07:15:00,53700172898,2026-01-06 07:26:00.000000,-31.0,-200.0,early
122658_1767684000,train,122658,2026-01-06 07:20:00,53699434028,2026-01-06 07:32:00.000000,0.0,58.0,ontime
131672_1767684000,train,131672,2026-01-06 07:20:00,53700172893,2026-01-06 07:34:00.000000,-52.0,-74.0,early
133957_1767684000,train,133957,2026-01-06 07:20:00,53699456316,2026-01-06 07:31:00.000000,-8.0,33.0,ontime
133300_1767684000,train,133300,2026-01-06 07:20:00,53700641180,2026-01-06 07:35:00.000000,172.0,116.0,ontime
129964_1767684000,train,129964,2026-01-06 07:20:00,53700336477,2026-01-06 07:31:00.000000,90.0,134.0,late
132430_1767684000,train,132430,2026-01-06 07:20:00,53698549571,2026-01-06 07:31:00.000000,300.0,246.0,late
133300_1767684300,train,133300,2026-01-06 07:25:00,53700641174,2026-01-06 07:37:00.000000,250.0,116.0,ontime
122658_1767684300,train,122658,2026-01-06 07:25:00,53699434017,2026-01-06 07:36:00.000000,33.0,118.0,ontime
132430_1767684300,train,132430,2026-01-06 07:25:00,53698549583,2026-01-06 07:36:00.000000,200.0,230.0,late
130238_1767684300,train,130238,2026-01-06 07:25:00,53698370376,2026-01-06 07:40:00.000000,0.0,16.0,ontime
133957_1767684300,train,133957,2026-01-06 07:25:00,53699456304,2026-01-06 07:36:00.000000,-8.0,71.0,ontime
131672_1767684300,train,131672,2026-01-06 07:25:00,53700172896,2026-01-06 07:36:00.000000,-170.0,24.0,ontime
131672_1767684600,train,131672,2026-01-06 07:30:00,53700172916,2026-01-06 07:41:00.000000,-7.0,-63.0,early
129964_1767684600,train,129964,2026-01-06 07:30:00,53700336440,2026-01-06 07:42:00.000000,156.0,-29.0,ontime
122658_1767684600,train,122658,2026-01-06 07:30:00,53699434021,2026-01-06 07:41:00.000000,102.0,97.0,ontime
135081_1767684600,train,135081,2026-01-06 07:30:00,53699790861,2026-01-06 07:41:00.000000,-81.0,-78.0,early
132430_1767684600,train,132430,2026-01-06 07:30:00,53698549579,2026-01-06 07:42:00.000000,175.0,215.0,late
122048_1767684600,train,122048,2026-01-06 07:30:00,53699018662,2026-01-06 07:42:00.000000,436.0,350.0,late
133300_1767684600,train,133300,2026-01-06 07:30:00,53700641175,2026-01-06 07:42:00.000000,281.0,214.0,late
131672_1767684900,train,131672,2026-01-06 07:35:00,53700172912,2026-01-06 07:47:00.000000,5.0,-96.0,early
135081_1767684900,train,135081,2026-01-06 07:35:00,53699790853,2026-01-06 07:46:00.000000,-91.0,-28.0,ontime
122048_1767684900,train,122048,2026-01-06 07:35:00,53699018660,2026-01-06 07:46:00.000000,466.0,304.0,late
129964_1767684900,train,129964,2026-01-06 07:35:00,53700336437,2026-01-06 07:46:00.000000,134.0,-70.0,early
132430_1767684900,train,132430,2026-01-06 07:35:00,53698549561,2026-01-06 07:47:00.000000,234.0,183.0,late
133300_1767684900,train,133300,2026-01-06 07:35:00,53700641182,2026-01-06 07:46:00.000000,116.0,244.0,late
122658_1767684900,train,122658,2026-01-06 07:35:00,53699434032,2026-01-06 07:46:00.000000,188.0,97.0,ontime
135081_1767685200,train,135081,2026-01-06 07:40:00,53699790826,2026-01-06 07:51:00.000000,-83.0,59.0,ontime
122048_1767685200,train,122048,2026-01-06 07:40:00,53699018648,2026-01-06 07:51:00.000000,415.0,183.0,late
133300_1767685200,train,133300,2026-01-06 07:40:00,53700641183,2026-01-06 07:51:00.000000,263.0,255.0,late
122658_1767685200,train,122658,2026-01-06 07:40:00,53699433994,2026-01-06 07:54:00.000000,98.0,0.0,ontime
131672_1767685200,train,131672,2026-01-06 07:40:00,53700172909,2026-01-06 07:52:00.000000,7.0,-126.0,early
129964_1767685200,train,129964,2026-01-06 07:40:00,53700336432,2026-01-06 07:52:00.000000,134.0,-34.0,ontime
122048_1767685500,train,122048,2026-01-06 07:45:00,53699018633,2026-01-06 07:57:00.000000,347.0,141.0,late
129964_1767685500,train,129964,2026-01-06 07:45:00,53700336429,2026-01-06 07:56:00.000000,-89.0,-4.0,ontime
132430_1767685500,train,132430,2026-01-06 07:45:00,53698549928,2026-01-06 07:57:00.000000,183.0,167.0,late
135081_1767685500,train,135081,2026-01-06 07:45:00,53699790829,2026-01-06 07:56:00.000000,-85.0,275.0,late
122658_1767685500,train,122658,2026-01-06 07:45:00,53699433993,2026-01-06 07:56:00.000000,97.0,0.0,ontime
133300_1767685500,train,133300,2026-01-06 07:45:00,53700641167,2026-01-06 07:56:00.000000,265.0,286.0,late
135081_1767685800,train,135081,2026-01-06 07:50:00,53699790823,2026-01-06 08:01:00.000000,18.0,288.0,late
133300_1767685800,train,133300,2026-01-06 07:50:00,53700641168,2026-01-06 08:01:00.000000,244.0,404.0,late
132430_1767685800,train,132430,2026-01-06 07:50:00,53698549921,2026-01-06 08:04:00.000000,183.0,64.0,ontime
129964_1767685800,train,129964,2026-01-06 07:50:00,53700336424,2026-01-06 08:01:00.000000,-51.0,17.0,ontime
122048_1767685800,train,122048,2026-01-06 07:50:00,53699018631,2026-01-06 08:01:00.000000,228.0,45.0,ontime
122658_1767685800,train,122658,2026-01-06 07:50:00,53699433991,2026-01-06 08:01:00.000000,97.0,0.0,ontime
135081_1767686100,train,135081,2026-01-06 07:55:00,53699790827,2026-01-06 08:07:00.000000,254.0,247.0,late
132430_1767686100,train,132430,2026-01-06 07:55:00,53698549922,2026-01-06 08:06:00.000000,183.0,53.0,ontime
122048_1767686100,train,122048,2026-01-06 07:55:00,53699018646,2026-01-06 08:06:00.000000,188.0,-35.0,ontime
122658_1767686100,train,122658,2026-01-06 07:55:00,53699433984,2026-01-06 08:06:00.000000,0.0,0.0,ontime
129964_1767686100,train,129964,2026-01-06 07:55:00,53700336420,2026-01-06 08:07:00.000000,-2.0,162.0,late
133300_1767686400,train,133300,2026-01-06 08:00:00,53700641179,2026-01-06 08:12:00.000000,408.0,-26.0,ontime
132430_1767686400,train,132430,2026-01-06 08:00:00,53698549927,2026-01-06 08:11:00.000000,167.0,30.0,ontime
130238_1767686400,train,130238,2026-01-06 08:00:00,53698370382,2026-01-06 08:11:00.000000,233.0,107.0,ontime
129964_1767686400,train,129964,2026-01-06 08:00:00,53700336418,2026-01-06 08:11:00.000000,8.0,97.0,ontime
122048_1767686400,train,122048,2026-01-06 08:00:00,53699018627,2026-01-06 08:12:00.000000,101.0,-43.0,ontime
130238_1767686700,train,130238,2026-01-06 08:05:00,53698370393,2026-01-06 08:18:00.000000,202.0,1.0,ontime
122048_1767686700,train,122048,2026-01-06 08:05:00,53699018591,2026-01-06 08:17:00.000000,38.0,-49.0,ontime
132430_1767686700,train,132430,2026-01-06 08:05:00,53698549926,2026-01-06 08:16:00.000000,64.0,53.0,ontime
129964_1767686700,train,129964,2026-01-06 08:05:00,53700336414,2026-01-06 08:16:00.000000,124.0,64.0,ontime
122048_1767687000,train,122048,2026-01-06 08:10:00,53699018585,2026-01-06 08:22:00.000000,18.0,104.0,ontime
132430_1767687000,train,132430,2026-01-06 08:10:00,53698549938,2026-01-06 08:21:00.000000,24.0,42.0,ontime
129964_1767687000,train,129964,2026-01-06 08:10:00,53700336411,2026-01-06 08:21:00.000000,109.0,42.0,ontime
132430_1767687300,train,132430,2026-01-06 08:15:00,53698549939,2026-01-06 08:26:00.000000,74.0,-108.0,early
122048_1767687300,train,122048,2026-01-06 08:15:00,53699018584,2026-01-06 08:26:00.000000,-2.0,99.0,ontime
129964_1767687300,train,129964,2026-01-06 08:15:00,53700336406,2026-01-06 08:26:00.000000,42.0,108.0,ontime
132430_1767687600,train,132430,2026-01-06 08:20:00,53698549931,2026-01-06 08:31:00.000000,52.0,-132.0,early
122048_1767687600,train,122048,2026-01-06 08:20:00,53699018621,2026-01-06 08:31:00.000000,133.0,49.0,ontime
129964_1767687600,train,129964,2026-01-06 08:20:00,53700336404,2026-01-06 08:31:00.000000,-4.0,8.0,ontime
129964_1767687900,train,129964,2026-01-06 08:25:00,53700336401,2026-01-06 08:36:00.000000,88.0,95.0,ontime
132430_1767687900,train,132430,2026-01-06 08:25:00,53698549943,2026-01-06 08:36:00.000000,-50.0,-101.0,early
122048_1767687900,train,122048,2026-01-06 08:25:00,53699018609,2026-01-06 08:37:00.000000,146.0,80.0,ontime
122658_1767688200,train,122658,2026-01-06 08:30:00,53699433998,2026-01-06 08:41:00.000000,33.0,137.0,late
131672_1767688200,train,131672,2026-01-06 08:30:00,53700172924,2026-01-06 08:44:00.000000,-126.0,16.0,ontime
130238_1767688200,train,130238,2026-01-06 08:30:00,53698370234,2026-01-06 08:43:00.000000,40.0,27.0,ontime
132430_1767688200,train,132430,2026-01-06 08:30:00,53698549382,2026-01-06 08:41:00.000000,-161.0,194.0,late
122048_1767688200,train,122048,2026-01-06 08:30:00,53699018616,2026-01-06 08:42:00.000000,46.0,68.0,ontime
134040_1767688200,train,134040,2026-01-06 08:30:00,53698328610,2026-01-06 08:42:00.000000,-13.0,154.0,late
122048_1767688500,train,122048,2026-01-06 08:35:00,53699018624,2026-01-06 08:46:00.000000,125.0,49.0,ontime
122658_1767688500,train,122658,2026-01-06 08:35:00,53699433997,2026-01-06 08:46:00.000000,24.0,-33.0,ontime
134040_1767688500,train,134040,2026-01-06 08:35:00,53698328598,2026-01-06 08:49:00.000000,105.0,141.0,late
131672_1767688500,train,131672,2026-01-06 08:35:00,53700172926,2026-01-06 08:46:00.000000,-126.0,20.0,ontime
130238_1767688500,train,130238,2026-01-06 08:35:00,53698370254,2026-01-06 08:46:00.000000,40.0,-8.0,ontime
132430_1767688500,train,132430,2026-01-06 08:35:00,53698549383,2026-01-06 08:46:00.000000,-84.0,268.0,late
122048_1767688800,train,122048,2026-01-06 08:40:00,53699018597,2026-01-06 08:51:00.000000,98.0,76.0,ontime
134040_1767688800,train,134040,2026-01-06 08:40:00,53698328608,2026-01-06 08:51:00.000000,142.0,128.0,late
132430_1767688800,train,132430,2026-01-06 08:40:00,53698549387,2026-01-06 08:52:00.000000,257.0,284.0,late
131672_1767688800,train,131672,2026-01-06 08:40:00,53700172922,2026-01-06 08:52:00.000000,-126.0,-17.0,ontime
122658_1767688800,train,122658,2026-01-06 08:40:00,53699434001,2026-01-06 08:51:00.000000,153.0,-34.0,ontime
130238_1767688800,train,130238,2026-01-06 08:40:00,53698370246,2026-01-06 08:51:00.000000,40.0,-92.0,early
131672_1767689100,train,131672,2026-01-06 08:45:00,53700172947,2026-01-06 08:56:00.000000,16.0,17.0,ontime
122658_1767689100,train,122658,2026-01-06 08:45:00,53699433935,2026-01-06 08:59:00.000000,-10.0,-34.0,ontime
134040_1767689100,train,134040,2026-01-06 08:45:00,53698328601,2026-01-06 08:57:00.000000,187.0,26.0,ontime
122048_1767689100,train,122048,2026-01-06 08:45:00,53699018619,2026-01-06 08:56:00.000000,29.0,94.0,ontime
132430_1767689100,train,132430,2026-01-06 08:45:00,53698549401,2026-01-06 08:56:00.000000,257.0,163.0,late
130238_1767689100,train,130238,2026-01-06 08:45:00,53698370255,2026-01-06 08:57:00.000000,20.0,-120.0,early
122658_1767689400,train,122658,2026-01-06 08:50:00,53699433938,2026-01-06 09:01:00.000000,-34.0,-34.0,ontime
131672_1767689400,train,131672,2026-01-06 08:50:00,53700172949,2026-01-06 09:01:00.000000,17.0,-72.0,early
130238_1767689400,train,130238,2026-01-06 08:50:00,53698370248,2026-01-06 09:01:00.000000,-82.0,37.0,ontime
133300_1767689400,train,133300,2026-01-06 08:50:00,53700641021,2026-01-06 09:05:00.000000,-26.0,9.0,ontime
134040_1767689400,train,134040,2026-01-06 08:50:00,53698328605,2026-01-06 09:02:00.000000,141.0,94.0,ontime
132430_1767689400,train,132430,2026-01-06 08:50:00,53698549388,2026-01-06 09:01:00.000000,380.0,85.0,ontime
122048_1767689400,train,122048,2026-01-06 08:50:00,53699018594,2026-01-06 09:03:00.000000,58.0,121.0,late
130238_1767689700,train,130238,2026-01-06 08:55:00,53698370239,2026-01-06 09:06:00.000000,-52.0,57.0,ontime
122658_1767689700,train,122658,2026-01-06 08:55:00,53699433936,2026-01-06 09:06:00.000000,-34.0,-34.0,ontime
122613_1767689700,train,122613,2026-01-06 08:55:00,53718539198,2026-01-06 09:06:00.000000,0.0,49.0,ontime
122048_1767689700,train,122048,2026-01-06 08:55:00,53699018604,2026-01-06 09:06:00.000000,64.0,116.0,ontime
132430_1767689700,train,132430,2026-01-06 08:55:00,53698549409,2026-01-06 09:07:00.000000,215.0,7.0,ontime
134040_1767689700,train,134040,2026-01-06 08:55:00,53698328599,2026-01-06 09:07:00.000000,144.0,46.0,ontime
133300_1767689700,train,133300,2026-01-06 08:55:00,53700641015,2026-01-06 09:07:00.000000,-26.0,9.0,ontime
131672_1767689700,train,131672,2026-01-06 08:55:00,53700172945,2026-01-06 09:10:00.000000,56.0,-222.0,early
122048_1767690000,train,122048,2026-01-06 09:00:00,53699018607,2026-01-06 09:11:00.000000,89.0,73.0,ontime
134040_1767690000,train,134040,2026-01-06 09:00:00,53698328602,2026-01-06 09:11:00.000000,102.0,159.0,late
122658_1767690000,train,122658,2026-01-06 09:00:00,53699433950,2026-01-06 09:11:00.000000,-34.0,-34.0,ontime
129964_1767690000,train,129964,2026-01-06 09:00:00,53700336520,2026-01-06 09:11:00.000000,0.0,65.0,ontime
131672_1767690000,train,131672,2026-01-06 09:00:00,53700172938,2026-01-06 09:12:00.000000,26.0,-208.0,early
130238_1767690000,train,130238,2026-01-06 09:00:00,53698370243,2026-01-06 09:11:00.000000,-7.0,40.0,ontime
133300_1767690000,train,133300,2026-01-06 09:00:00,53700641022,2026-01-06 09:11:00.000000,-26.0,68.0,ontime
133957_1767690000,train,133957,2026-01-06 09:00:00,53699456369,2026-01-06 09:12:00.000000,-9.0,-116.0,early
122048_1767690300,train,122048,2026-01-06 09:05:00,53699018589,2026-01-06 09:16:00.000000,133.0,-33.0,ontime
129964_1767690300,train,129964,2026-01-06 09:05:00,53700336517,2026-01-06 09:16:00.000000,26.0,66.0,ontime
130238_1767690300,train,130238,2026-01-06 09:05:00,53698370229,2026-01-06 09:16:00.000000,84.0,49.0,ontime
133300_1767690300,train,133300,2026-01-06 09:05:00,53700641027,2026-01-06 09:16:00.000000,9.0,69.0,ontime
122658_1767690300,train,122658,2026-01-06 09:05:00,53699433949,2026-01-06 09:17:00.000000,-34.0,-34.0,ontime
134040_1767690300,train,134040,2026-01-06 09:05:00,53698328606,2026-01-06 09:16:00.000000,94.0,-28.0,ontime
131672_1767690300,train,131672,2026-01-06 09:05:00,53700172940,2026-01-06 09:17:00.000000,-62.0,-157.0,early
133957_1767690300,train,133957,2026-01-06 09:05:00,53699456373,2026-01-06 09:16:00.000000,-49.0,-68.0,early
130238_1767690600,train,130238,2026-01-06 09:10:00,53698370253,2026-01-06 09:21:00.000000,64.0,57.0,ontime
133300_1767690600,train,133300,2026-01-06 09:10:00,53700641028,2026-01-06 09:21:00.000000,70.0,59.0,ontime
131672_1767690600,train,131672,2026-01-06 09:10:00,53700172935,2026-01-06 09:22:00.000000,-222.0,-39.0,ontime
122658_1767690600,train,122658,2026-01-06 09:10:00,53699433943,2026-01-06 09:22:00.000000,-34.0,-34.0,ontime
129964_1767690600,train,129964,2026-01-06 09:10:00,53700336514,2026-01-06 09:22:00.000000,79.0,79.0,ontime
133957_1767690600,train,133957,2026-01-06 09:10:00,53699456382,2026-01-06 09:22:00.000000,-114.0,-88.0,early
122658_1767690900,train,122658,2026-01-06 09:15:00,53699433941,2026-01-06 09:27:00.000000,-34.0,-34.0,ontime
133300_1767690900,train,133300,2026-01-06 09:15:00,53700641034,2026-01-06 09:26:00.000000,43.0,62.0,ontime
133957_1767690900,train,133957,2026-01-06 09:15:00,53699456385,2026-01-06 09:27:00.000000,-88.0,-111.0,early
131672_1767690900,train,131672,2026-01-06 09:15:00,53700172951,2026-01-06 09:29:00.000000,-224.0,-68.0,early
129964_1767690900,train,129964,2026-01-06 09:15:00,53700336511,2026-01-06 09:27:00.000000,119.0,58.0,ontime
131672_1767691200,train,131672,2026-01-06 09:20:00,53700172952,2026-01-06 09:31:00.000000,-76.0,-65.0,early
129964_1767691200,train,129964,2026-01-06 09:20:00,53700336508,2026-01-06 09:31:00.000000,90.0,64.0,ontime
133957_1767691200,train,133957,2026-01-06 09:20:00,53699456388,2026-01-06 09:31:00.000000,-101.0,9.0,ontime
130238_1767691200,train,130238,2026-01-06 09:20:00,53698370272,2026-01-06 09:32:00.000000,31.0,0.0,ontime
133300_1767691200,train,133300,2026-01-06 09:20:00,53700641035,2026-01-06 09:31:00.000000,60.0,135.0,late
129964_1767691500,train,129964,2026-01-06 09:25:00,53700336504,2026-01-06 09:36:00.000000,72.0,94.0,ontime
131672_1767691500,train,131672,2026-01-06 09:25:00,53700172932,2026-01-06 09:36:00.000000,-17.0,-10.0,ontime
130238_1767691500,train,130238,2026-01-06 09:25:00,53698370290,2026-01-06 09:37:00.000000,38.0,0.0,ontime
133957_1767691800,train,133957,2026-01-06 09:30:00,53699456411,2026-01-06 09:41:00.000000,9.0,48.0,ontime
129964_1767691800,train,129964,2026-01-06 09:30:00,53700336500,2026-01-06 09:42:00.000000,57.0,42.0,ontime
122048_1767691800,train,122048,2026-01-06 09:30:00,53699019175,2026-01-06 09:42:00.000000,35.0,233.0,late
130238_1767691800,train,130238,2026-01-06 09:30:00,53698370266,2026-01-06 09:42:00.000000,38.0,0.0,ontime
130238_1767692100,train,130238,2026-01-06 09:35:00,53698370265,2026-01-06 09:46:00.000000,0.0,0.0,ontime
133957_1767692100,train,133957,2026-01-06 09:35:00,53699456415,2026-01-06 09:47:00.000000,9.0,50.0,ontime
129964_1767692100,train,129964,2026-01-06 09:35:00,53700336498,2026-01-06 09:46:00.000000,78.0,16.0,ontime
122048_1767692100,train,122048,2026-01-06 09:35:00,53699019152,2026-01-06 09:46:00.000000,35.0,200.0,late
129964_1767692400,train,129964,2026-01-06 09:40:00,53700336494,2026-01-06 09:52:00.000000,100.0,106.0,ontime
130238_1767692400,train,130238,2026-01-06 09:40:00,53698370275,2026-01-06 09:51:00.000000,0.0,0.0,ontime
133957_1767692400,train,133957,2026-01-06 09:40:00,53699456405,2026-01-06 09:52:00.000000,9.0,223.0,late
122048_1767692400,train,122048,2026-01-06 09:40:00,53699019156,2026-01-06 09:51:00.000000,35.0,91.0,ontime
130238_1767692700,train,130238,2026-01-06 09:45:00,53698370292,2026-01-06 09:56:00.000000,0.0,0.0,ontime
122048_1767692700,train,122048,2026-01-06 09:45:00,53699019154,2026-01-06 09:56:00.000000,204.0,-63.0,early
133957_1767692700,train,133957,2026-01-06 09:45:00,53699456408,2026-01-06 09:56:00.000000,40.0,191.0,late
130238_1767693000,train,130238,2026-01-06 09:50:00,53698370285,2026-01-06 10:01:00.000000,0.0,0.0,ontime
122048_1767693000,train,122048,2026-01-06 09:50:00,53699019157,2026-01-06 10:02:00.000000,98.0,-67.0,early
133957_1767693000,train,133957,2026-01-06 09:50:00,53699456396,2026-01-06 10:02:00.000000,208.0,80.0,ontime
130238_1767693300,train,130238,2026-01-06 09:55:00,53698370279,2026-01-06 10:06:00.000000,0.0,0.0,ontime
132430_1767693300,train,132430,2026-01-06 09:55:00,53698549361,2026-01-06 10:09:00.000000,-212.0,132.0,late
133957_1767693300,train,133957,2026-01-06 09:55:00,53699456399,2026-01-06 10:06:00.000000,142.0,23.0,ontime
122048_1767693300,train,122048,2026-01-06 09:55:00,53699019164,2026-01-06 10:07:00.000000,-96.0,-115.0,early
122613_1767693600,train,122613,2026-01-06 10:00:00,53718539224,2026-01-06 10:11:00.000000,-157.0,-180.0,early
122048_1767693600,train,122048,2026-01-06 10:00:00,53699019185,2026-01-06 10:11:00.000000,-59.0,-142.0,early
133300_1767693600,train,133300,2026-01-06 10:00:00,53700641071,2026-01-06 10:11:00.000000,-17.0,168.0,late
132430_1767693600,train,132430,2026-01-06 10:00:00,53698549362,2026-01-06 10:11:00.000000,-212.0,132.0,late
133957_1767693600,train,133957,2026-01-06 10:00:00,53699456453,2026-01-06 10:11:00.000000,132.0,-24.0,ontime
122613_1767693900,train,122613,2026-01-06 10:05:00,53718539217,2026-01-06 10:19:00.000000,-191.0,-108.0,early
122048_1767693900,train,122048,2026-01-06 10:05:00,53699019188,2026-01-06 10:16:00.000000,-81.0,-110.0,early
133957_1767693900,train,133957,2026-01-06 10:05:00,53699456457,2026-01-06 10:18:00.000000,29.0,13.0,ontime
132430_1767693900,train,132430,2026-01-06 10:05:00,53698549365,2026-01-06 10:16:00.000000,-212.0,33.0,ontime
133300_1767694200,train,133300,2026-01-06 10:10:00,53700641090,2026-01-06 10:25:00.000000,104.0,-63.0,early
122613_1767694200,train,122613,2026-01-06 10:10:00,53718539218,2026-01-06 10:21:00.000000,-181.0,-140.0,early
122048_1767694200,train,122048,2026-01-06 10:10:00,53699019168,2026-01-06 10:22:00.000000,-91.0,-50.0,ontime
132430_1767694200,train,132430,2026-01-06 10:10:00,53698549366,2026-01-06 10:22:00.000000,132.0,90.0,ontime
133957_1767694200,train,133957,2026-01-06 10:10:00,53699456459,2026-01-06 10:21:00.000000,45.0,21.0,ontime
122613_1767694500,train,122613,2026-01-06 10:15:00,53718539230,2026-01-06 10:26:00.000000,-185.0,-70.0,early
132430_1767694500,train,132430,2026-01-06 10:15:00,53698549374,2026-01-06 10:26:00.000000,132.0,144.0,late
133957_1767694500,train,133957,2026-01-06 10:15:00,53699456447,2026-01-06 10:26:00.000000,-21.0,-22.0,ontime
122048_1767694500,train,122048,2026-01-06 10:15:00,53699019171,2026-01-06 10:27:00.000000,-104.0,-184.0,early
133300_1767694500,train,133300,2026-01-06 10:15:00,53700641084,2026-01-06 10:27:00.000000,183.0,-63.0,early
132430_1767694800,train,132430,2026-01-06 10:20:00,53698549370,2026-01-06 10:31:00.000000,36.0,233.0,late
133957_1767694800,train,133957,2026-01-06 10:20:00,53699456451,2026-01-06 10:31:00.000000,42.0,24.0,ontime
122048_1767694800,train,122048,2026-01-06 10:20:00,53699019169,2026-01-06 10:31:00.000000,-106.0,-250.0,early
122613_1767694800,train,122613,2026-01-06 10:20:00,53718539208,2026-01-06 10:32:00.000000,-108.0,-38.0,ontime
133300_1767694800,train,133300,2026-01-06 10:20:00,53700641091,2026-01-06 10:31:00.000000,183.0,54.0,ontime
122613_1767695100,train,122613,2026-01-06 10:25:00,53718539220,2026-01-06 10:36:00.000000,-99.0,30.0,ontime
122048_1767695100,train,122048,2026-01-06 10:25:00,53699019173,2026-01-06 10:37:00.000000,-136.0,-359.0,early
133300_1767695100,train,133300,2026-01-06 10:25:00,53700641097,2026-01-06 10:36:00.000000,-63.0,90.0,ontime
132430_1767695100,train,132430,2026-01-06 10:25:00,53698549377,2026-01-06 10:36:00.000000,106.0,116.0,ontime
133957_1767695100,train,133957,2026-01-06 10:25:00,53699456439,2026-01-06 10:37:00.000000,-15.0,-17.0,ontime
132430_1767695400,train,132430,2026-01-06 10:30:00,53698549355,2026-01-06 10:42:00.000000,188.0,26.0,ontime
129964_1767695400,train,129964,2026-01-06 10:30:00,53700336553,2026-01-06 10:45:00.000000,90.0,-51.0,ontime
130238_1767695400,train,130238,2026-01-06 10:30:00,53698370404,2026-01-06 10:42:00.000000,0.0,-12.0,ontime
122613_1767695400,train,122613,2026-01-06 10:30:00,53718539241,2026-01-06 10:41:00.000000,-122.0,123.0,late
133957_1767695400,train,133957,2026-01-06 10:30:00,53699456442,2026-01-06 10:41:00.000000,-1.0,28.0,ontime
129964_1767695700,train,129964,2026-01-06 10:35:00,53700336552,2026-01-06 10:46:00.000000,90.0,-51.0,ontime
132430_1767695700,train,132430,2026-01-06 10:35:00,53698549379,2026-01-06 10:46:00.000000,217.0,30.0,ontime
130238_1767695700,train,130238,2026-01-06 10:35:00,53698370400,2026-01-06 10:46:00.000000,0.0,2.0,ontime
122613_1767695700,train,122613,2026-01-06 10:35:00,53718539212,2026-01-06 10:46:00.000000,5.0,61.0,ontime
129964_1767696000,train,129964,2026-01-06 10:40:00,53700336548,2026-01-06 10:51:00.000000,90.0,-11.0,ontime
133957_1767696000,train,133957,2026-01-06 10:40:00,53699456417,2026-01-06 10:53:00.000000,-7.0,138.0,late
132430_1767696000,train,132430,2026-01-06 10:40:00,53698549455,2026-01-06 10:51:00.000000,-5.0,-71.0,early
130238_1767696000,train,130238,2026-01-06 10:40:00,53698370415,2026-01-06 10:51:00.000000,16.0,-34.0,ontime
132430_1767696300,train,132430,2026-01-06 10:45:00,53698549448,2026-01-06 10:56:00.000000,14.0,221.0,late
129964_1767696300,train,129964,2026-01-06 10:45:00,53700336544,2026-01-06 10:57:00.000000,-51.0,73.0,ontime
133957_1767696300,train,133957,2026-01-06 10:45:00,53699456419,2026-01-06 10:56:00.000000,107.0,156.0,late
130238_1767696300,train,130238,2026-01-06 10:45:00,53698370422,2026-01-06 10:56:00.000000,-13.0,10.0,ontime
132430_1767696600,train,132430,2026-01-06 10:50:00,53698549463,2026-01-06 11:02:00.000000,48.0,264.0,late
129964_1767696600,train,129964,2026-01-06 10:50:00,53700336539,2026-01-06 11:01:00.000000,-10.0,111.0,ontime
133957_1767696600,train,133957,2026-01-06 10:50:00,53699456423,2026-01-06 11:01:00.000000,107.0,185.0,late
130238_1767696600,train,130238,2026-01-06 10:50:00,53698370407,2026-01-06 11:01:00.000000,16.0,46.0,ontime
129964_1767696900,train,129964,2026-01-06 10:55:00,53700336580,2026-01-06 11:08:00.000000,107.0,140.0,late
122613_1767696900,train,122613,2026-01-06 10:55:00,53718539260,2026-01-06 11:06:00.000000,31.0,0.0,ontime
133957_1767696900,train,133957,2026-01-06 10:55:00,53699456433,2026-01-06 11:07:00.000000,155.0,111.0,ontime
132430_1767696900,train,132430,2026-01-06 10:55:00,53698549453,2026-01-06 11:07:00.000000,237.0,113.0,ontime
130238_1767696900,train,130238,2026-01-06 10:55:00,53698370414,2026-01-06 11:06:00.000000,-74.0,29.0,ontime
132430_1767697200,train,132430,2026-01-06 11:00:00,53698549459,2026-01-06 11:11:00.000000,267.0,17.0,ontime
133300_1767697200,train,133300,2026-01-06 11:00:00,53700641371,2026-01-06 11:11:00.000000,243.0,49.0,ontime
133957_1767697200,train,133957,2026-01-06 11:00:00,53699456436,2026-01-06 11:12:00.000000,167.0,64.0,ontime
129964_1767697200,train,129964,2026-01-06 11:00:00,53700336578,2026-01-06 11:12:00.000000,120.0,133.0,late
130238_1767697200,train,130238,2026-01-06 11:00:00,53698370398,2026-01-06 11:11:00.000000,39.0,40.0,ontime
129964_1767697500,train,129964,2026-01-06 11:05:00,53700336576,2026-01-06 11:16:00.000000,169.0,75.0,ontime
133957_1767697500,train,133957,2026-01-06 11:05:00,53699456425,2026-01-06 11:16:00.000000,161.0,3.0,ontime
132430_1767697500,train,132430,2026-01-06 11:05:00,53698549443,2026-01-06 11:16:00.000000,159.0,86.0,ontime
130238_1767697500,train,130238,2026-01-06 11:05:00,53698370411,2026-01-06 11:16:00.000000,41.0,32.0,ontime
133300_1767697500,train,133300,2026-01-06 11:05:00,53700641355,2026-01-06 11:16:00.000000,-52.0,77.0,ontime
133957_1767697800,train,133957,2026-01-06 11:10:00,53699456429,2026-01-06 11:21:00.000000,86.0,18.0,ontime
135081_1767697800,train,135081,2026-01-06 11:10:00,53718723956,2026-01-06 11:25:00.000000,277.0,77.0,ontime
132430_1767697800,train,132430,2026-01-06 11:10:00,53698549467,2026-01-06 11:21:00.000000,62.0,70.0,ontime
133300_1767697800,train,133300,2026-01-06 11:10:00,53700641356,2026-01-06 11:21:00.000000,12.0,65.0,ontime
129964_1767697800,train,129964,2026-01-06 11:10:00,53700336572,2026-01-06 11:21:00.000000,138.0,26.0,ontime
135081_1767698100,train,135081,2026-01-06 11:15:00,53718723950,2026-01-06 11:26:00.000000,277.0,95.0,ontime
133300_1767698100,train,133300,2026-01-06 11:15:00,53700641362,2026-01-06 11:26:00.000000,28.0,151.0,late
132430_1767698100,train,132430,2026-01-06 11:15:00,53698549449,2026-01-06 11:27:00.000000,55.0,49.0,ontime
133957_1767698100,train,133957,2026-01-06 11:15:00,53699456470,2026-01-06 11:26:00.000000,21.0,-47.0,ontime
131672_1767698100,train,131672,2026-01-06 11:15:00,53718793654,2026-01-06 11:27:00.000000,-92.0,27.0,ontime
129964_1767698100,train,129964,2026-01-06 11:15:00,53700336569,2026-01-06 11:26:00.000000,86.0,10.0,ontime
135081_1767698400,train,135081,2026-01-06 11:20:00,53718723963,2026-01-06 11:31:00.000000,277.0,135.0,late
129964_1767698400,train,129964,2026-01-06 11:20:00,53700336564,2026-01-06 11:31:00.000000,12.0,14.0,ontime
132430_1767698400,train,132430,2026-01-06 11:20:00,53698549446,2026-01-06 11:32:00.000000,96.0,49.0,ontime
131672_1767698400,train,131672,2026-01-06 11:20:00,53718793644,2026-01-06 11:32:00.000000,-92.0,60.0,ontime
133957_1767698400,train,133957,2026-01-06 11:20:00,53699456461,2026-01-06 11:31:00.000000,36.0,-69.0,early
133300_1767698400,train,133300,2026-01-06 11:20:00,53700641363,2026-01-06 11:31:00.000000,60.0,225.0,late
131672_1767698700,train,131672,2026-01-06 11:25:00,53718793647,2026-01-06 11:36:00.000000,-92.0,82.0,ontime
129964_1767698700,train,129964,2026-01-06 11:25:00,53700336562,2026-01-06 11:36:00.000000,-27.0,0.0,ontime
135081_1767698700,train,135081,2026-01-06 11:25:00,53718723953,2026-01-06 11:36:00.000000,77.0,126.0,late
133957_1767698700,train,133957,2026-01-06 11:25:00,53699456464,2026-01-06 11:37:00.000000,-27.0,-145.0,early
133957_1767699000,train,133957,2026-01-06 11:30:00,53699456474,2026-01-06 11:41:00.000000,-78.0,-96.0,early
129964_1767699000,train,129964,2026-01-06 11:30:00,53700336559,2026-01-06 11:41:00.000000,19.0,80.0,ontime
132430_1767699000,train,132430,2026-01-06 11:30:00,53698549527,2026-01-06 11:44:00.000000,49.0,14.0,ontime
135081_1767699000,train,135081,2026-01-06 11:30:00,53718723960,2026-01-06 11:42:00.000000,242.0,28.0,ontime
122613_1767699000,train,122613,2026-01-06 11:30:00,53718539277,2026-01-06 11:42:00.000000,0.0,0.0,ontime
131672_1767699000,train,131672,2026-01-06 11:30:00,53718793643,2026-01-06 11:44:00.000000,59.0,4.0,ontime
132430_1767699300,train,132430,2026-01-06 11:35:00,53698549528,2026-01-06 11:46:00.000000,49.0,14.0,ontime
122613_1767699300,train,122613,2026-01-06 11:35:00,53718539279,2026-01-06 11:46:00.000000,0.0,0.0,ontime
129964_1767699300,train,129964,2026-01-06 11:35:00,53700336555,2026-01-06 11:46:00.000000,-49.0,49.0,ontime
133957_1767699300,train,133957,2026-01-06 11:35:00,53699456477,2026-01-06 11:47:00.000000,-169.0,-249.0,early
131672_1767699300,train,131672,2026-01-06 11:35:00,53718793637,2026-01-06 11:46:00.000000,30.0,40.0,ontime
135081_1767699300,train,135081,2026-01-06 11:35:00,53718723936,2026-01-06 11:46:00.000000,132.0,45.0,ontime
131672_1767699600,train,131672,2026-01-06 11:40:00,53718793639,2026-01-06 11:53:00.000000,114.0,-28.0,ontime
133957_1767699600,train,133957,2026-01-06 11:40:00,53699456480,2026-01-06 11:52:00.000000,-150.0,-254.0,early
135081_1767699600,train,135081,2026-01-06 11:40:00,53718723959,2026-01-06 11:51:00.000000,50.0,55.0,ontime
132430_1767699600,train,132430,2026-01-06 11:40:00,53698549525,2026-01-06 11:51:00.000000,49.0,-87.0,early
122613_1767699600,train,122613,2026-01-06 11:40:00,53718539270,2026-01-06 11:52:00.000000,0.0,-145.0,early
135081_1767699900,train,135081,2026-01-06 11:45:00,53718723937,2026-01-06 11:58:00.000000,54.0,36.0,ontime
129964_1767699900,train,129964,2026-01-06 11:45:00,53700336656,2026-01-06 11:57:00.000000,53.0,-53.0,ontime
132430_1767699900,train,132430,2026-01-06 11:45:00,53698549521,2026-01-06 11:57:00.000000,14.0,-110.0,early
131672_1767699900,train,131672,2026-01-06 11:45:00,53718793651,2026-01-06 11:57:00.000000,14.0,-29.0,ontime
133957_1767699900,train,133957,2026-01-06 11:45:00,53699456473,2026-01-06 11:56:00.000000,-181.0,-158.0,early
122613_1767699900,train,122613,2026-01-06 11:45:00,53718539307,2026-01-06 11:56:00.000000,0.0,-230.0,early
131672_1767700200,train,131672,2026-01-06 11:50:00,53718793653,2026-01-06 12:01:00.000000,53.0,-23.0,ontime
129964_1767700200,train,129964,2026-01-06 11:50:00,53700336653,2026-01-06 12:01:00.000000,49.0,-73.0,early
133957_1767700200,train,133957,2026-01-06 11:50:00,53699456505,2026-01-06 12:05:00.000000,-288.0,80.0,ontime
135081_1767700200,train,135081,2026-01-06 11:50:00,53718723939,2026-01-06 12:02:00.000000,36.0,-24.0,ontime
132430_1767700200,train,132430,2026-01-06 11:50:00,53698549505,2026-01-06 12:01:00.000000,14.0,-136.0,early
122613_1767700200,train,122613,2026-01-06 11:50:00,53718539299,2026-01-06 12:01:00.000000,-25.0,-116.0,early
129964_1767700500,train,129964,2026-01-06 11:55:00,53700336648,2026-01-06 12:07:00.000000,49.0,90.0,ontime
132430_1767700500,train,132430,2026-01-06 11:55:00,53698549504,2026-01-06 12:06:00.000000,-115.0,-6.0,ontime
133957_1767700500,train,133957,2026-01-06 11:55:00,53699456506,2026-01-06 12:08:00.000000,-158.0,42.0,ontime
131672_1767700500,train,131672,2026-01-06 11:55:00,53718793648,2026-01-06 12:06:00.000000,-13.0,-47.0,ontime
122613_1767700500,train,122613,2026-01-06 11:55:00,53718539309,2026-01-06 12:06:00.000000,-265.0,-79.0,early
135081_1767700500,train,135081,2026-01-06 11:55:00,53718723968,2026-01-06 12:07:00.000000,-18.0,-98.0,early
122048_1767700800,train,122048,2026-01-06 12:00:00,53699019078,2026-01-06 12:11:00.000000,-314.0,374.0,late
131672_1767700800,train,131672,2026-01-06 12:00:00,53718793665,2026-01-06 12:12:00.000000,-70.0,-105.0,early
133300_1767700800,train,133300,2026-01-06 12:00:00,53700641057,2026-01-06 12:11:00.000000,16.0,260.0,late
122613_1767700800,train,122613,2026-01-06 12:00:00,53718539304,2026-01-06 12:11:00.000000,-114.0,-50.0,ontime
122658_1767700800,train,122658,2026-01-06 12:00:00,53699433861,2026-01-06 12:12:00.000000,50.0,143.0,late
122048_1767701100,train,122048,2026-01-06 12:05:00,53699019067,2026-01-06 12:17:00.000000,294.0,312.0,late
122658_1767701100,train,122658,2026-01-06 12:05:00,53699433872,2026-01-06 12:17:00.000000,216.0,121.0,late
122613_1767701100,train,122613,2026-01-06 12:05:00,53718539300,2026-01-06 12:19:00.000000,-156.0,-155.0,early
131672_1767701100,train,131672,2026-01-06 12:05:00,53718793660,2026-01-06 12:16:00.000000,-83.0,-83.0,early
122613_1767701400,train,122613,2026-01-06 12:10:00,53718539301,2026-01-06 12:21:00.000000,-83.0,-175.0,early
122048_1767701400,train,122048,2026-01-06 12:10:00,53699019081,2026-01-06 12:22:00.000000,432.0,354.0,late
133300_1767701400,train,133300,2026-01-06 12:10:00,53700641253,2026-01-06 12:25:00.000000,140.0,-7.0,ontime
131672_1767701400,train,131672,2026-01-06 12:10:00,53718793658,2026-01-06 12:23:00.000000,-31.0,-207.0,early
133300_1767701700,train,133300,2026-01-06 12:15:00,53700641247,2026-01-06 12:27:00.000000,295.0,-7.0,ontime
122658_1767701700,train,122658,2026-01-06 12:15:00,53699433854,2026-01-06 12:26:00.000000,121.0,0.0,ontime
122048_1767701700,train,122048,2026-01-06 12:15:00,53699019080,2026-01-06 12:27:00.000000,427.0,273.0,late
122613_1767701700,train,122613,2026-01-06 12:15:00,53718539297,2026-01-06 12:26:00.000000,-71.0,-47.0,ontime
122658_1767702000,train,122658,2026-01-06 12:20:00,53699433856,2026-01-06 12:31:00.000000,121.0,0.0,ontime
133300_1767702000,train,133300,2026-01-06 12:20:00,53700641254,2026-01-06 12:31:00.000000,295.0,132.0,late
122613_1767702000,train,122613,2026-01-06 12:20:00,53718539283,2026-01-06 12:32:00.000000,-155.0,-61.0,early
122048_1767702000,train,122048,2026-01-06 12:20:00,53699019072,2026-01-06 12:31:00.000000,345.0,252.0,late
122658_1767702300,train,122658,2026-01-06 12:25:00,53699433849,2026-01-06 12:38:00.000000,121.0,0.0,ontime
122048_1767702300,train,122048,2026-01-06 12:25:00,53699019063,2026-01-06 12:37:00.000000,320.0,158.0,late
122613_1767702300,train,122613,2026-01-06 12:25:00,53718539295,2026-01-06 12:36:00.000000,-90.0,66.0,ontime
133300_1767702300,train,133300,2026-01-06 12:25:00,53700641238,2026-01-06 12:36:00.000000,-7.0,114.0,ontime
133957_1767702600,train,133957,2026-01-06 12:30:00,53699456551,2026-01-06 12:42:00.000000,65.0,172.0,late
133300_1767702600,train,133300,2026-01-06 12:30:00,53700641239,2026-01-06 12:41:00.000000,60.0,47.0,ontime
132430_1767702600,train,132430,2026-01-06 12:30:00,53698549414,2026-01-06 12:42:00.000000,101.0,-64.0,early
122658_1767702600,train,122658,2026-01-06 12:30:00,53699433851,2026-01-06 12:44:00.000000,0.0,0.0,ontime
122048_1767702600,train,122048,2026-01-06 12:30:00,53699019094,2026-01-06 12:42:00.000000,228.0,144.0,late
135081_1767702600,train,135081,2026-01-06 12:30:00,53718723993,2026-01-06 12:43:00.000000,-51.0,-131.0,early
135081_1767702900,train,135081,2026-01-06 12:35:00,53718723983,2026-01-06 12:46:00.000000,-36.0,-144.0,early
133300_1767702900,train,133300,2026-01-06 12:35:00,53700641245,2026-01-06 12:46:00.000000,51.0,95.0,ontime
122658_1767702900,train,122658,2026-01-06 12:35:00,53699433852,2026-01-06 12:47:00.000000,0.0,0.0,ontime
122048_1767702900,train,122048,2026-01-06 12:35:00,53699019071,2026-01-06 12:47:00.000000,207.0,138.0,late
133957_1767702900,train,133957,2026-01-06 12:35:00,53699456541,2026-01-06 12:47:00.000000,143.0,97.0,ontime
132430_1767702900,train,132430,2026-01-06 12:35:00,53698549421,2026-01-06 12:46:00.000000,104.0,-181.0,early
134040_1767703200,train,134040,2026-01-06 12:40:00,53698328493,2026-01-06 12:55:00.000000,-28.0,-35.0,ontime
122658_1767703200,train,122658,2026-01-06 12:40:00,53699433841,2026-01-06 12:52:00.000000,0.0,0.0,ontime
131672_1767703200,train,131672,2026-01-06 12:40:00,53718793678,2026-01-06 12:53:00.000000,-207.0,17.0,ontime
132430_1767703200,train,132430,2026-01-06 12:40:00,53698549417,2026-01-06 12:51:00.000000,0.0,-100.0,early
122048_1767703200,train,122048,2026-01-06 12:40:00,53699019069,2026-01-06 12:51:00.000000,175.0,87.0,ontime
133957_1767703200,train,133957,2026-01-06 12:40:00,53699456544,2026-01-06 12:51:00.000000,157.0,101.0,ontime
133300_1767703200,train,133300,2026-01-06 12:40:00,53700641246,2026-01-06 12:51:00.000000,59.0,322.0,late
135081_1767703200,train,135081,2026-01-06 12:40:00,53718723995,2026-01-06 12:51:00.000000,-60.0,-171.0,early
133957_1767703500,train,133957,2026-01-06 12:45:00,53699456532,2026-01-06 12:56:00.000000,164.0,161.0,late
132430_1767703500,train,132430,2026-01-06 12:45:00,53698549428,2026-01-06 12:56:00.000000,-120.0,-75.0,early
134040_1767703500,train,134040,2026-01-06 12:45:00,53698328476,2026-01-06 12:56:00.000000,-28.0,-35.0,ontime
122658_1767703500,train,122658,2026-01-06 12:45:00,53699433844,2026-01-06 12:56:00.000000,0.0,0.0,ontime
131672_1767703500,train,131672,2026-01-06 12:45:00,53718793681,2026-01-06 12:56:00.000000,-207.0,76.0,ontime
122048_1767703500,train,122048,2026-01-06 12:45:00,53699019097,2026-01-06 12:56:00.000000,197.0,84.0,ontime
135081_1767703500,train,135081,2026-01-06 12:45:00,53718723999,2026-01-06 12:56:00.000000,-131.0,-72.0,early
132430_1767703800,train,132430,2026-01-06 12:50:00,53698549429,2026-01-06 13:02:00.000000,-140.0,-58.0,ontime
122658_1767703800,train,122658,2026-01-06 12:50:00,53699434102,2026-01-06 13:01:00.000000,0.0,103.0,ontime
135081_1767703800,train,135081,2026-01-06 12:50:00,53718724003,2026-01-06 13:02:00.000000,-171.0,-16.0,ontime
131672_1767703800,train,131672,2026-01-06 12:50:00,53718793676,2026-01-06 13:01:00.000000,-207.0,53.0,ontime
134040_1767703800,train,134040,2026-01-06 12:50:00,53698328490,2026-01-06 13:01:00.000000,-28.0,52.0,ontime
133957_1767703800,train,133957,2026-01-06 12:50:00,53699456534,2026-01-06 13:01:00.000000,77.0,40.0,ontime
133300_1767703800,train,133300,2026-01-06 12:50:00,53700641252,2026-01-06 13:01:00.000000,158.0,-25.0,ontime
122048_1767703800,train,122048,2026-01-06 12:50:00,53699019090,2026-01-06 13:01:00.000000,98.0,84.0,ontime
131672_1767704100,train,131672,2026-01-06 12:55:00,53718793672,2026-01-06 13:06:00.000000,53.0,192.0,late
132430_1767704100,train,132430,2026-01-06 12:55:00,53698549433,2026-01-06 13:07:00.000000,-120.0,-74.0,early
133957_1767704100,train,133957,2026-01-06 12:55:00,53699456538,2026-01-06 13:07:00.000000,170.0,139.0,late
135081_1767704100,train,135081,2026-01-06 12:55:00,53718724004,2026-01-06 13:06:00.000000,-93.0,-27.0,ontime
122658_1767704100,train,122658,2026-01-06 12:55:00,53699434098,2026-01-06 13:07:00.000000,0.0,252.0,late
134040_1767704100,train,134040,2026-01-06 12:55:00,53698328494,2026-01-06 13:06:00.000000,-35.0,87.0,ontime
122048_1767704100,train,122048,2026-01-06 12:55:00,53699019020,2026-01-06 13:10:00.000000,84.0,0.0,ontime
122048_1767704400,train,122048,2026-01-06 13:00:00,53699019021,2026-01-06 13:12:00.000000,84.0,0.0,ontime
134040_1767704400,train,134040,2026-01-06 13:00:00,53698328470,2026-01-06 13:11:00.000000,78.0,91.0,ontime
135081_1767704400,train,135081,2026-01-06 13:00:00,53718724008,2026-01-06 13:11:00.000000,6.0,11.0,ontime
122658_1767704400,train,122658,2026-01-06 13:00:00,53699434096,2026-01-06 13:12:00.000000,0.0,289.0,late
129964_1767704400,train,129964,2026-01-06 13:00:00,53700336626,2026-01-06 13:11:00.000000,-57.0,-106.0,early
122048_1767704700,train,122048,2026-01-06 13:05:00,53699019024,2026-01-06 13:17:00.000000,84.0,0.0,ontime
132430_1767704700,train,132430,2026-01-06 13:05:00,53698549265,2026-01-06 13:19:00.000000,-74.0,16.0,ontime
134040_1767704700,train,134040,2026-01-06 13:05:00,53698328491,2026-01-06 13:16:00.000000,76.0,-7.0,ontime
122658_1767704700,train,122658,2026-01-06 13:05:00,53699434095,2026-01-06 13:16:00.000000,148.0,321.0,late
129964_1767704700,train,129964,2026-01-06 13:05:00,53700336622,2026-01-06 13:16:00.000000,-57.0,-150.0,early
134040_1767705000,train,134040,2026-01-06 13:10:00,53698328488,2026-01-06 13:22:00.000000,83.0,47.0,ontime
122658_1767705000,train,122658,2026-01-06 13:10:00,53699434091,2026-01-06 13:21:00.000000,319.0,406.0,late
122048_1767705000,train,122048,2026-01-06 13:10:00,53699019019,2026-01-06 13:21:00.000000,0.0,0.0,ontime
129964_1767705000,train,129964,2026-01-06 13:10:00,53700336618,2026-01-06 13:22:00.000000,-106.0,-165.0,early
132430_1767705000,train,132430,2026-01-06 13:10:00,53698549268,2026-01-06 13:21:00.000000,-74.0,16.0,ontime
132430_1767705300,train,132430,2026-01-06 13:15:00,53698549267,2026-01-06 13:26:00.000000,-74.0,17.0,ontime
122048_1767705300,train,122048,2026-01-06 13:15:00,53699019022,2026-01-06 13:26:00.000000,0.0,0.0,ontime
129964_1767705300,train,129964,2026-01-06 13:15:00,53700336613,2026-01-06 13:26:00.000000,-157.0,-95.0,early
134040_1767705300,train,134040,2026-01-06 13:15:00,53698328492,2026-01-06 13:26:00.000000,-16.0,84.0,ontime
132430_1767705600,train,132430,2026-01-06 13:20:00,53698549274,2026-01-06 13:32:00.000000,16.0,77.0,ontime
133957_1767705600,train,133957,2026-01-06 13:20:00,53699456510,2026-01-06 13:32:00.000000,139.0,113.0,ontime
129964_1767705600,train,129964,2026-01-06 13:20:00,53700336609,2026-01-06 13:33:00.000000,-129.0,11.0,ontime
122658_1767705600,train,122658,2026-01-06 13:20:00,53699434089,2026-01-06 13:33:00.000000,413.0,0.0,ontime
122048_1767705600,train,122048,2026-01-06 13:20:00,53699019042,2026-01-06 13:32:00.000000,0.0,0.0,ontime
134040_1767705600,train,134040,2026-01-06 13:20:00,53698328496,2026-01-06 13:32:00.000000,27.0,113.0,ontime
122613_1767705900,train,122613,2026-01-06 13:25:00,53718539331,2026-01-06 13:36:00.000000,64.0,0.0,ontime
133957_1767705900,train,133957,2026-01-06 13:25:00,53699456512,2026-01-06 13:36:00.000000,139.0,123.0,late
132430_1767705900,train,132430,2026-01-06 13:25:00,53698549260,2026-01-06 13:36:00.000000,16.0,57.0,ontime
129964_1767705900,train,129964,2026-01-06 13:25:00,53700336607,2026-01-06 13:37:00.000000,-135.0,-32.0,ontime
122658_1767705900,train,122658,2026-01-06 13:25:00,53699434088,2026-01-06 13:38:00.000000,406.0,0.0,ontime
134040_1767705900,train,134040,2026-01-06 13:25:00,53698328472,2026-01-06 13:36:00.000000,62.0,37.0,ontime
122048_1767705900,train,122048,2026-01-06 13:25:00,53699019049,2026-01-06 13:37:00.000000,0.0,0.0,ontime
135081_1767705900,train,135081,2026-01-06 13:25:00,53718724043,2026-01-06 13:37:00.000000,9.0,79.0,ontime
122048_1767706200,train,122048,2026-01-06 13:30:00,53699019052,2026-01-06 13:42:00.000000,0.0,0.0,ontime
131672_1767706200,train,131672,2026-01-06 13:30:00,53718793683,2026-01-06 13:41:00.000000,11.0,37.0,ontime
129964_1767706200,train,129964,2026-01-06 13:30:00,53700336605,2026-01-06 13:41:00.000000,-20.0,-50.0,ontime
132430_1767706200,train,132430,2026-01-06 13:30:00,53698549261,2026-01-06 13:41:00.000000,31.0,196.0,late
134040_1767706200,train,134040,2026-01-06 13:30:00,53698328695,2026-01-06 13:41:00.000000,112.0,123.0,late
134040_1767706500,train,134040,2026-01-06 13:35:00,53698328682,2026-01-06 13:47:00.000000,75.0,172.0,late
132430_1767706500,train,132430,2026-01-06 13:35:00,53698549279,2026-01-06 13:46:00.000000,83.0,103.0,ontime
131672_1767706500,train,131672,2026-01-06 13:35:00,53718793703,2026-01-06 13:46:00.000000,82.0,131.0,late
122048_1767706500,train,122048,2026-01-06 13:35:00,53699019051,2026-01-06 13:47:00.000000,0.0,0.0,ontime
129964_1767706500,train,129964,2026-01-06 13:35:00,53700336601,2026-01-06 13:46:00.000000,26.0,-51.0,ontime
129964_1767706800,train,129964,2026-01-06 13:40:00,53700336598,2026-01-06 13:51:00.000000,-73.0,-34.0,ontime
134040_1767706800,train,134040,2026-01-06 13:40:00,53698328686,2026-01-06 13:51:00.000000,123.0,317.0,late
122048_1767706800,train,122048,2026-01-06 13:40:00,53699019054,2026-01-06 13:51:00.000000,0.0,0.0,ontime
132430_1767706800,train,132430,2026-01-06 13:40:00,53698549275,2026-01-06 13:52:00.000000,125.0,53.0,ontime
134040_1767707100,train,134040,2026-01-06 13:45:00,53698328690,2026-01-06 13:57:00.000000,109.0,231.0,late
129964_1767707100,train,129964,2026-01-06 13:45:00,53700336593,2026-01-06 13:56:00.000000,-133.0,25.0,ontime
122048_1767707100,train,122048,2026-01-06 13:45:00,53699019029,2026-01-06 13:56:00.000000,0.0,0.0,ontime
132430_1767707100,train,132430,2026-01-06 13:45:00,53698549277,2026-01-06 13:56:00.000000,165.0,78.0,ontime
122048_1767707400,train,122048,2026-01-06 13:50:00,53699019027,2026-01-06 14:01:00.000000,0.0,0.0,ontime
134040_1767707400,train,134040,2026-01-06 13:50:00,53698328683,2026-01-06 14:01:00.000000,231.0,234.0,late
129964_1767707400,train,129964,2026-01-06 13:50:00,53700336591,2026-01-06 14:01:00.000000,-88.0,-62.0,early
132430_1767707400,train,132430,2026-01-06 13:50:00,53698549675,2026-01-06 14:01:00.000000,32.0,39.0,ontime
122048_1767707700,train,122048,2026-01-06 13:55:00,53699019031,2026-01-06 14:08:00.000000,0.0,0.0,ontime
134040_1767707700,train,134040,2026-01-06 13:55:00,53698328677,2026-01-06 14:06:00.000000,290.0,200.0,late
132430_1767707700,train,132430,2026-01-06 13:55:00,53698549674,2026-01-06 14:06:00.000000,74.0,58.0,ontime
129964_1767707700,train,129964,2026-01-06 13:55:00,53700336588,2026-01-06 14:06:00.000000,13.0,5.0,ontime
133957_1767708000,train,133957,2026-01-06 14:00:00,53699456554,2026-01-06 14:12:00.000000,251.0,253.0,late
132430_1767708000,train,132430,2026-01-06 14:00:00,53698549693,2026-01-06 14:12:00.000000,119.0,192.0,late
129964_1767708000,train,129964,2026-01-06 14:00:00,53700336584,2026-01-06 14:11:00.000000,-29.0,-6.0,ontime
122613_1767708000,train,122613,2026-01-06 14:00:00,53718539334,2026-01-06 14:12:00.000000,0.0,0.0,ontime
135081_1767708000,train,135081,2026-01-06 14:00:00,53718724022,2026-01-06 14:12:00.000000,285.0,19.0,ontime
133957_1767708300,train,133957,2026-01-06 14:05:00,53699456556,2026-01-06 14:16:00.000000,262.0,180.0,late
122613_1767708300,train,122613,2026-01-06 14:05:00,53718539340,2026-01-06 14:16:00.000000,0.0,0.0,ontime
132430_1767708300,train,132430,2026-01-06 14:05:00,53698549688,2026-01-06 14:17:00.000000,44.0,68.0,ontime
135081_1767708300,train,135081,2026-01-06 14:05:00,53718724030,2026-01-06 14:16:00.000000,174.0,-36.0,ontime
129964_1767708600,train,129964,2026-01-06 14:10:00,53700336720,2026-01-06 14:22:00.000000,-29.0,-114.0,early
122613_1767708600,train,122613,2026-01-06 14:10:00,53718539335,2026-01-06 14:22:00.000000,0.0,-77.0,early
135081_1767708600,train,135081,2026-01-06 14:10:00,53718724034,2026-01-06 14:21:00.000000,39.0,-19.0,ontime
131672_1767708600,train,131672,2026-01-06 14:10:00,53718793731,2026-01-06 14:23:00.000000,51.0,60.0,ontime
132430_1767708600,train,132430,2026-01-06 14:10:00,53698549697,2026-01-06 14:21:00.000000,146.0,-7.0,ontime
133957_1767708600,train,133957,2026-01-06 14:10:00,53699456571,2026-01-06 14:22:00.000000,222.0,238.0,late
131672_1767708900,train,131672,2026-01-06 14:15:00,53718793734,2026-01-06 14:26:00.000000,51.0,90.0,ontime
132430_1767708900,train,132430,2026-01-06 14:15:00,53698549685,2026-01-06 14:26:00.000000,98.0,115.0,ontime
122613_1767708900,train,122613,2026-01-06 14:15:00,53718539356,2026-01-06 14:26:00.000000,0.0,0.0,ontime
135081_1767708900,train,135081,2026-01-06 14:15:00,53718724042,2026-01-06 14:26:00.000000,-1.0,-17.0,ontime
129964_1767708900,train,129964,2026-01-06 14:15:00,53700336717,2026-01-06 14:26:00.000000,-6.0,-106.0,early
133957_1767708900,train,133957,2026-01-06 14:15:00,53699456573,2026-01-06 14:26:00.000000,225.0,170.0,late
132430_1767709200,train,132430,2026-01-06 14:20:00,53698549689,2026-01-06 14:31:00.000000,31.0,98.0,ontime
122613_1767709200,train,122613,2026-01-06 14:20:00,53718539384,2026-01-06 14:31:00.000000,0.0,0.0,ontime
135081_1767709200,train,135081,2026-01-06 14:20:00,53718724083,2026-01-06 14:31:00.000000,-85.0,-17.0,ontime
133957_1767709200,train,133957,2026-01-06 14:20:00,53699456564,2026-01-06 14:31:00.000000,219.0,81.0,ontime
131672_1767709200,train,131672,2026-01-06 14:20:00,53718793729,2026-01-06 14:31:00.000000,51.0,91.0,ontime
129964_1767709200,train,129964,2026-01-06 14:20:00,53700336712,2026-01-06 14:32:00.000000,-6.0,-77.0,early
131672_1767709500,train,131672,2026-01-06 14:25:00,53718793743,2026-01-06 14:36:00.000000,81.0,115.0,ontime
132430_1767709500,train,132430,2026-01-06 14:25:00,53698549681,2026-01-06 14:37:00.000000,93.0,158.0,late
122613_1767709500,train,122613,2026-01-06 14:25:00,53718539386,2026-01-06 14:36:00.000000,0.0,0.0,ontime
135081_1767709500,train,135081,2026-01-06 14:25:00,53718724058,2026-01-06 14:37:00.000000,-82.0,-102.0,early
129964_1767709500,train,129964,2026-01-06 14:25:00,53700336709,2026-01-06 14:36:00.000000,-188.0,-93.0,early
122613_1767709800,train,122613,2026-01-06 14:30:00,53718539361,2026-01-06 14:41:00.000000,0.0,0.0,ontime
135081_1767709800,train,135081,2026-01-06 14:30:00,53718724056,2026-01-06 14:41:00.000000,-13.0,-84.0,early
134040_1767709800,train,134040,2026-01-06 14:30:00,53698328716,2026-01-06 14:41:00.000000,63.0,79.0,ontime
132430_1767709800,train,132430,2026-01-06 14:30:00,53698549680,2026-01-06 14:42:00.000000,119.0,137.0,late
129964_1767709800,train,129964,2026-01-06 14:30:00,53700336704,2026-01-06 14:41:00.000000,-75.0,-69.0,early
122613_1767710100,train,122613,2026-01-06 14:35:00,53718539377,2026-01-06 14:49:00.000000,0.0,0.0,ontime
129964_1767710100,train,129964,2026-01-06 14:35:00,53700336701,2026-01-06 14:46:00.000000,-84.0,-42.0,ontime
135081_1767710100,train,135081,2026-01-06 14:35:00,53718724087,2026-01-06 14:46:00.000000,-35.0,-126.0,early
134040_1767710100,train,134040,2026-01-06 14:35:00,53698328720,2026-01-06 14:46:00.000000,31.0,4.0,ontime
122613_1767710400,train,122613,2026-01-06 14:40:00,53718539378,2026-01-06 14:51:00.000000,0.0,0.0,ontime
132430_1767710400,train,132430,2026-01-06 14:40:00,53698549590,2026-01-06 14:55:00.000000,137.0,23.0,ontime
134040_1767710400,train,134040,2026-01-06 14:40:00,53698328706,2026-01-06 14:51:00.000000,69.0,68.0,ontime
129964_1767710400,train,129964,2026-01-06 14:40:00,53700336699,2026-01-06 14:51:00.000000,-85.0,-145.0,early
135081_1767710400,train,135081,2026-01-06 14:40:00,53718724062,2026-01-06 14:52:00.000000,-50.0,-128.0,early
135081_1767710700,train,135081,2026-01-06 14:45:00,53718724059,2026-01-06 14:58:00.000000,-80.0,-145.0,early
122613_1767710700,train,122613,2026-01-06 14:45:00,53718539390,2026-01-06 14:56:00.000000,0.0,0.0,ontime
134040_1767710700,train,134040,2026-01-06 14:45:00,53698328721,2026-01-06 14:56:00.000000,68.0,87.0,ontime
132430_1767710700,train,132430,2026-01-06 14:45:00,53698549592,2026-01-06 14:57:00.000000,137.0,23.0,ontime
129964_1767710700,train,129964,2026-01-06 14:45:00,53700336696,2026-01-06 14:56:00.000000,-53.0,-127.0,early
134040_1767711000,train,134040,2026-01-06 14:50:00,53698328724,2026-01-06 15:02:00.000000,76.0,187.0,late
129964_1767711000,train,129964,2026-01-06 14:50:00,53700336692,2026-01-06 15:02:00.000000,-116.0,-207.0,early
132430_1767711000,train,132430,2026-01-06 14:50:00,53698549614,2026-01-06 15:02:00.000000,137.0,47.0,ontime
122613_1767711000,train,122613,2026-01-06 14:50:00,53718539372,2026-01-06 15:02:00.000000,0.0,0.0,ontime
135081_1767711000,train,135081,2026-01-06 14:50:00,53718724069,2026-01-06 15:02:00.000000,-59.0,-175.0,early
134040_1767711300,train,134040,2026-01-06 14:55:00,53698328718,2026-01-06 15:06:00.000000,78.0,267.0,late
129964_1767711300,train,129964,2026-01-06 14:55:00,53700336688,2026-01-06 15:06:00.000000,-142.0,-66.0,early
122613_1767711300,train,122613,2026-01-06 14:55:00,53718539380,2026-01-06 15:06:00.000000,0.0,0.0,ontime
132430_1767711300,train,132430,2026-01-06 14:55:00,53698549607,2026-01-06 15:06:00.000000,23.0,33.0,ontime
135081_1767711300,train,135081,2026-01-06 14:55:00,53718724070,2026-01-06 15:06:00.000000,-197.0,-168.0,early
135081_1767711600,train,135081,2026-01-06 15:00:00,53718724076,2026-01-06 15:12:00.000000,-140.0,11.0,ontime
131672_1767711600,train,131672,2026-01-06 15:00:00,53718793713,2026-01-06 15:11:00.000000,-71.0,-47.0,ontime
133957_1767711600,train,133957,2026-01-06 15:00:00,53699456589,2026-01-06 15:12:00.000000,187.0,26.0,ontime
132430_1767711600,train,132430,2026-01-06 15:00:00,53698549612,2026-01-06 15:12:00.000000,23.0,171.0,late
134040_1767711600,train,134040,2026-01-06 15:00:00,53698328520,2026-01-06 15:12:00.000000,174.0,199.0,late
133957_1767711900,train,133957,2026-01-06 15:05:00,53699456645,2026-01-06 15:17:00.000000,149.0,17.0,ontime
134040_1767711900,train,134040,2026-01-06 15:05:00,53698328508,2026-01-06 15:17:00.000000,241.0,181.0,late
131672_1767711900,train,131672,2026-01-06 15:05:00,53718793739,2026-01-06 15:16:00.000000,-35.0,-52.0,ontime
132430_1767711900,train,132430,2026-01-06 15:05:00,53698549602,2026-01-06 15:17:00.000000,56.0,384.0,late
135081_1767711900,train,135081,2026-01-06 15:05:00,53718724080,2026-01-06 15:16:00.000000,-156.0,-12.0,ontime
132430_1767712200,train,132430,2026-01-06 15:10:00,53698549609,2026-01-06 15:22:00.000000,132.0,291.0,late
135081_1767712200,train,135081,2026-01-06 15:10:00,53718724072,2026-01-06 15:21:00.000000,22.0,-28.0,ontime
133300_1767712200,train,133300,2026-01-06 15:10:00,53700641268,2026-01-06 15:25:00.000000,-25.0,-35.0,ontime
134040_1767712200,train,134040,2026-01-06 15:10:00,53698328511,2026-01-06 15:22:00.000000,230.0,202.0,late
133957_1767712200,train,133957,2026-01-06 15:10:00,53699456637,2026-01-06 15:21:00.000000,47.0,28.0,ontime
133957_1767712500,train,133957,2026-01-06 15:15:00,53699456640,2026-01-06 15:27:00.000000,61.0,-36.0,ontime
135081_1767712500,train,135081,2026-01-06 15:15:00,53718724077,2026-01-06 15:26:00.000000,-40.0,59.0,ontime
133300_1767712500,train,133300,2026-01-06 15:15:00,53700641262,2026-01-06 15:27:00.000000,-25.0,-35.0,ontime
132430_1767712500,train,132430,2026-01-06 15:15:00,53698549606,2026-01-06 15:26:00.000000,277.0,226.0,late
134040_1767712500,train,134040,2026-01-06 15:15:00,53698328525,2026-01-06 15:29:00.000000,194.0,199.0,late
130238_1767712500,train,130238,2026-01-06 15:15:00,53698370127,2026-01-06 15:28:00.000000,-28.0,10.0,ontime
134040_1767712800,train,134040,2026-01-06 15:20:00,53698328509,2026-01-06 15:31:00.000000,175.0,183.0,late
130238_1767712800,train,130238,2026-01-06 15:20:00,53698370145,2026-01-06 15:31:00.000000,-28.0,-40.0,ontime
132430_1767712800,train,132430,2026-01-06 15:20:00,53698549595,2026-01-06 15:31:00.000000,377.0,258.0,late
133300_1767712800,train,133300,2026-01-06 15:20:00,53700641269,2026-01-06 15:31:00.000000,-25.0,36.0,ontime
133957_1767712800,train,133957,2026-01-06 15:20:00,53699456642,2026-01-06 15:31:00.000000,23.0,-93.0,early
134040_1767713100,train,134040,2026-01-06 15:25:00,53698328528,2026-01-06 15:37:00.000000,250.0,91.0,ontime
130238_1767713100,train,130238,2026-01-06 15:25:00,53698370146,2026-01-06 15:36:00.000000,-28.0,-124.0,early
132430_1767713100,train,132430,2026-01-06 15:25:00,53698549624,2026-01-06 15:37:00.000000,237.0,199.0,late
133300_1767713100,train,133300,2026-01-06 15:25:00,53700641275,2026-01-06 15:36:00.000000,-35.0,-9.0,ontime
133957_1767713100,train,133957,2026-01-06 15:25:00,53699456631,2026-01-06 15:37:00.000000,-16.0,74.0,ontime
122658_1767713100,train,122658,2026-01-06 15:25:00,53699434068,2026-01-06 15:39:00.000000,0.0,27.0,ontime
122613_1767713400,train,122613,2026-01-06 15:30:00,53718539410,2026-01-06 15:41:00.000000,0.0,0.0,ontime
122658_1767713400,train,122658,2026-01-06 15:30:00,53699434071,2026-01-06 15:41:00.000000,0.0,86.0,ontime
131672_1767713400,train,131672,2026-01-06 15:30:00,53718793761,2026-01-06 15:43:00.000000,-93.0,12.0,ontime
130238_1767713400,train,130238,2026-01-06 15:30:00,53698370132,2026-01-06 15:41:00.000000,10.0,-99.0,early
133957_1767713400,train,133957,2026-01-06 15:30:00,53699456633,2026-01-06 15:41:00.000000,-71.0,75.0,ontime
122048_1767713400,train,122048,2026-01-06 15:30:00,53699018886,2026-01-06 15:44:00.000000,36.0,0.0,ontime
129964_1767713400,train,129964,2026-01-06 15:30:00,53700336733,2026-01-06 15:41:00.000000,290.0,-129.0,early
122613_1767713700,train,122613,2026-01-06 15:35:00,53718539414,2026-01-06 15:46:00.000000,0.0,0.0,ontime
131672_1767713700,train,131672,2026-01-06 15:35:00,53718793762,2026-01-06 15:46:00.000000,-93.0,86.0,ontime
129964_1767713700,train,129964,2026-01-06 15:35:00,53700336729,2026-01-06 15:47:00.000000,-108.0,-33.0,ontime
133957_1767713700,train,133957,2026-01-06 15:35:00,53699456636,2026-01-06 15:46:00.000000,5.0,-11.0,ontime
122658_1767713700,train,122658,2026-01-06 15:35:00,53699434062,2026-01-06 15:47:00.000000,0.0,159.0,late
122048_1767713700,train,122048,2026-01-06 15:35:00,53699018912,2026-01-06 15:46:00.000000,45.0,0.0,ontime
130238_1767713700,train,130238,2026-01-06 15:35:00,53698370142,2026-01-06 15:46:00.000000,-119.0,-47.0,ontime
122613_1767714000,train,122613,2026-01-06 15:40:00,53718539418,2026-01-06 15:54:00.000000,0.0,0.0,ontime
131672_1767714000,train,131672,2026-01-06 15:40:00,53718793759,2026-01-06 15:51:00.000000,-93.0,67.0,ontime
122048_1767714000,train,122048,2026-01-06 15:40:00,53699018915,2026-01-06 15:51:00.000000,37.0,0.0,ontime
130238_1767714000,train,130238,2026-01-06 15:40:00,53698370122,2026-01-06 15:52:00.000000,-98.0,-41.0,ontime
122658_1767714000,train,122658,2026-01-06 15:40:00,53699434064,2026-01-06 15:51:00.000000,83.0,225.0,late
129964_1767714000,train,129964,2026-01-06 15:40:00,53700336769,2026-01-06 15:51:00.000000,-124.0,25.0,ontime
122613_1767714300,train,122613,2026-01-06 15:45:00,53718539426,2026-01-06 15:56:00.000000,0.0,0.0,ontime
130238_1767714300,train,130238,2026-01-06 15:45:00,53698370134,2026-01-06 15:57:00.000000,-130.0,-45.0,ontime
129964_1767714300,train,129964,2026-01-06 15:45:00,53700336765,2026-01-06 15:58:00.000000,9.0,8.0,ontime
122048_1767714300,train,122048,2026-01-06 15:45:00,53699018885,2026-01-06 15:57:00.000000,0.0,0.0,ontime
131672_1767714300,train,131672,2026-01-06 15:45:00,53718793755,2026-01-06 15:56:00.000000,59.0,70.0,ontime
122658_1767714300,train,122658,2026-01-06 15:45:00,53699434067,2026-01-06 15:56:00.000000,82.0,348.0,late
122048_1767714600,train,122048,2026-01-06 15:50:00,53699018926,2026-01-06 16:01:00.000000,0.0,0.0,ontime
129964_1767714600,train,129964,2026-01-06 15:50:00,53700336763,2026-01-06 16:02:00.000000,26.0,-49.0,ontime
122613_1767714600,train,122613,2026-01-06 15:50:00,53718539420,2026-01-06 16:02:00.000000,0.0,0.0,ontime
130238_1767714600,train,130238,2026-01-06 15:50:00,53698370151,2026-01-06 16:01:00.000000,-37.0,-30.0,ontime
122658_1767714600,train,122658,2026-01-06 15:50:00,53699434057,2026-01-06 16:01:00.000000,150.0,362.0,late
131672_1767714600,train,131672,2026-01-06 15:50:00,53718793777,2026-01-06 16:01:00.000000,40.0,13.0,ontime
122613_1767714900,train,122613,2026-01-06 15:55:00,53718539394,2026-01-06 16:06:00.000000,0.0,0.0,ontime
130238_1767714900,train,130238,2026-01-06 15:55:00,53698370123,2026-01-06 16:06:00.000000,-6.0,-78.0,early
122658_1767714900,train,122658,2026-01-06 15:55:00,53699434046,2026-01-06 16:10:00.000000,154.0,2.0,ontime
129964_1767714900,train,129964,2026-01-06 15:55:00,53700336761,2026-01-06 16:06:00.000000,70.0,-82.0,early
122048_1767714900,train,122048,2026-01-06 15:55:00,53699018913,2026-01-06 16:06:00.000000,0.0,0.0,ontime
131672_1767714900,train,131672,2026-01-06 15:55:00,53718793778,2026-01-06 16:09:00.000000,59.0,-150.0,early
122048_1767715200,train,122048,2026-01-06 16:00:00,53699018900,2026-01-06 16:11:00.000000,0.0,0.0,ontime
122658_1767715200,train,122658,2026-01-06 16:00:00,53699434047,2026-01-06 16:12:00.000000,362.0,0.0,ontime
132430_1767715200,train,132430,2026-01-06 16:00:00,53698549632,2026-01-06 16:11:00.000000,301.0,485.0,late
122613_1767715200,train,122613,2026-01-06 16:00:00,53718539399,2026-01-06 16:13:00.000000,0.0,0.0,ontime
133300_1767715200,train,133300,2026-01-06 16:00:00,53700641347,2026-01-06 16:11:00.000000,66.0,22.0,ontime
129964_1767715200,train,129964,2026-01-06 16:00:00,53700336757,2026-01-06 16:11:00.000000,15.0,-134.0,early
130238_1767715200,train,130238,2026-01-06 16:00:00,53698370129,2026-01-06 16:11:00.000000,-66.0,-97.0,early
122658_1767715500,train,122658,2026-01-06 16:05:00,53699434049,2026-01-06 16:17:00.000000,362.0,0.0,ontime
132430_1767715500,train,132430,2026-01-06 16:05:00,53698549627,2026-01-06 16:16:00.000000,356.0,483.0,late
122048_1767715500,train,122048,2026-01-06 16:05:00,53699018904,2026-01-06 16:16:00.000000,0.0,0.0,ontime
129964_1767715500,train,129964,2026-01-06 16:05:00,53700336754,2026-01-06 16:16:00.000000,-86.0,-115.0,early
122613_1767715500,train,122613,2026-01-06 16:05:00,53718539397,2026-01-06 16:16:00.000000,0.0,0.0,ontime
133300_1767715500,train,133300,2026-01-06 16:05:00,53700641331,2026-01-06 16:16:00.000000,-7.0,-24.0,ontime
122613_1767715800,train,122613,2026-01-06 16:10:00,53718539429,2026-01-06 16:21:00.000000,0.0,-18.0,ontime
133300_1767715800,train,133300,2026-01-06 16:10:00,53700641332,2026-01-06 16:21:00.000000,-14.0,-87.0,early
122048_1767715800,train,122048,2026-01-06 16:10:00,53699018922,2026-01-06 16:21:00.000000,0.0,0.0,ontime
122658_1767715800,train,122658,2026-01-06 16:10:00,53699434052,2026-01-06 16:22:00.000000,2.0,0.0,ontime
129964_1767715800,train,129964,2026-01-06 16:10:00,53700336749,2026-01-06 16:21:00.000000,-148.0,-2.0,ontime
133300_1767716100,train,133300,2026-01-06 16:15:00,53700641338,2026-01-06 16:26:00.000000,-61.0,-38.0,ontime
122613_1767716100,train,122613,2026-01-06 16:15:00,53718539446,2026-01-06 16:27:00.000000,0.0,11.0,ontime
129964_1767716100,train,129964,2026-01-06 16:15:00,53700336747,2026-01-06 16:26:00.000000,-162.0,-46.0,ontime
122048_1767716100,train,122048,2026-01-06 16:15:00,53699018910,2026-01-06 16:26:00.000000,0.0,0.0,ontime
122658_1767716100,train,122658,2026-01-06 16:15:00,53699434038,2026-01-06 16:28:00.000000,0.0,0.0,ontime
133300_1767716400,train,133300,2026-01-06 16:20:00,53700641339,2026-01-06 16:31:00.000000,-79.0,207.0,late
122048_1767716400,train,122048,2026-01-06 16:20:00,53699018901,2026-01-06 16:31:00.000000,0.0,0.0,ontime
129964_1767716400,train,129964,2026-01-06 16:20:00,53700336744,2026-01-06 16:31:00.000000,-23.0,-13.0,ontime
133957_1767716400,train,133957,2026-01-06 16:20:00,53699456604,2026-01-06 16:32:00.000000,66.0,115.0,ontime
122613_1767716400,train,122613,2026-01-06 16:20:00,53718539444,2026-01-06 16:32:00.000000,-35.0,-88.0,early
130238_1767716400,train,130238,2026-01-06 16:20:00,53698370186,2026-01-06 16:31:00.000000,-97.0,98.0,ontime
122658_1767716400,train,122658,2026-01-06 16:20:00,53699434039,2026-01-06 16:31:00.000000,0.0,0.0,ontime
122613_1767716700,train,122613,2026-01-06 16:25:00,53718539433,2026-01-06 16:36:00.000000,70.0,-27.0,ontime
133957_1767716700,train,133957,2026-01-06 16:25:00,53699456616,2026-01-06 16:36:00.000000,66.0,104.0,ontime
130238_1767716700,train,130238,2026-01-06 16:25:00,53698370178,2026-01-06 16:36:00.000000,-97.0,9.0,ontime
122048_1767716700,train,122048,2026-01-06 16:25:00,53699018899,2026-01-06 16:36:00.000000,0.0,0.0,ontime
129964_1767716700,train,129964,2026-01-06 16:25:00,53700336740,2026-01-06 16:36:00.000000,-44.0,303.0,late
122658_1767716700,train,122658,2026-01-06 16:25:00,53699434041,2026-01-06 16:36:00.000000,0.0,0.0,ontime
122658_1767717000,train,122658,2026-01-06 16:30:00,53699434045,2026-01-06 16:41:00.000000,0.0,0.0,ontime
130238_1767717000,train,130238,2026-01-06 16:30:00,53698370184,2026-01-06 16:41:00.000000,-97.0,-55.0,ontime
135081_1767717000,train,135081,2026-01-06 16:30:00,53718724130,2026-01-06 16:41:00.000000,114.0,92.0,ontime
122613_1767717000,train,122613,2026-01-06 16:30:00,53718539443,2026-01-06 16:43:00.000000,-48.0,-62.0,early
129964_1767717300,train,129964,2026-01-06 16:35:00,53700336091,2026-01-06 16:47:00.000000,-26.0,-111.0,early
135081_1767717300,train,135081,2026-01-06 16:35:00,53718724104,2026-01-06 16:46:00.000000,150.0,-22.0,ontime
130238_1767717300,train,130238,2026-01-06 16:35:00,53698370161,2026-01-06 16:46:00.000000,67.0,-41.0,ontime
122613_1767717300,train,122613,2026-01-06 16:35:00,53718539441,2026-01-06 16:46:00.000000,-15.0,-54.0,ontime
122613_1767717600,train,122613,2026-01-06 16:40:00,53718539449,2026-01-06 16:52:00.000000,-33.0,-11.0,ontime
130238_1767717600,train,130238,2026-01-06 16:40:00,53698370169,2026-01-06 16:53:00.000000,-45.0,-57.0,ontime
135081_1767717600,train,135081,2026-01-06 16:40:00,53718724107,2026-01-06 16:51:00.000000,153.0,-133.0,early
129964_1767717600,train,129964,2026-01-06 16:40:00,53700336088,2026-01-06 16:51:00.000000,-19.0,-126.0,early
122658_1767717600,train,122658,2026-01-06 16:40:00,53699433929,2026-01-06 16:55:00.000000,0.0,-46.0,ontime
135081_1767717900,train,135081,2026-01-06 16:45:00,53718724105,2026-01-06 16:57:00.000000,24.0,-127.0,early
122613_1767717900,train,122613,2026-01-06 16:45:00,53718539454,2026-01-06 16:56:00.000000,-90.0,55.0,ontime
122658_1767717900,train,122658,2026-01-06 16:45:00,53699433925,2026-01-06 16:56:00.000000,0.0,38.0,ontime
129964_1767717900,train,129964,2026-01-06 16:45:00,53700336083,2026-01-06 16:57:00.000000,-19.0,38.0,ontime
130238_1767717900,train,130238,2026-01-06 16:45:00,53698370166,2026-01-06 16:56:00.000000,-76.0,-92.0,early
129964_1767718200,train,129964,2026-01-06 16:50:00,53700336080,2026-01-06 17:01:00.000000,-175.0,57.0,ontime
130238_1767718200,train,130238,2026-01-06 16:50:00,53698370190,2026-01-06 17:01:00.000000,-43.0,-38.0,ontime
122613_1767718200,train,122613,2026-01-06 16:50:00,53718539459,2026-01-06 17:02:00.000000,31.0,72.0,ontime
122658_1767718200,train,122658,2026-01-06 16:50:00,53699433922,2026-01-06 17:01:00.000000,0.0,39.0,ontime
135081_1767718200,train,135081,2026-01-06 16:50:00,53718724127,2026-01-06 17:01:00.000000,-121.0,-51.0,ontime
122658_1767718500,train,122658,2026-01-06 16:55:00,53699433924,2026-01-06 17:06:00.000000,23.0,63.0,ontime
122613_1767718500,train,122613,2026-01-06 16:55:00,53718539447,2026-01-06 17:06:00.000000,-11.0,72.0,ontime
129964_1767718500,train,129964,2026-01-06 16:55:00,53700336075,2026-01-06 17:06:00.000000,22.0,71.0,ontime
135081_1767718500,train,135081,2026-01-06 16:55:00,53718724156,2026-01-06 17:08:00.000000,-93.0,-77.0,early
130238_1767718500,train,130238,2026-01-06 16:55:00,53698370179,2026-01-06 17:06:00.000000,-74.0,-3.0,ontime
130238_1767718800,train,130238,2026-01-06 17:00:00,53698370177,2026-01-06 17:12:00.000000,-49.0,-85.0,early
133957_1767718800,train,133957,2026-01-06 17:00:00,53699456650,2026-01-06 17:12:00.000000,13.0,-35.0,ontime
122658_1767718800,train,122658,2026-01-06 17:00:00,53699433920,2026-01-06 17:12:00.000000,-28.0,107.0,ontime
129964_1767718800,train,129964,2026-01-06 17:00:00,53700336072,2026-01-06 17:11:00.000000,80.0,39.0,ontime
135081_1767718800,train,135081,2026-01-06 17:00:00,53718724166,2026-01-06 17:11:00.000000,-73.0,-153.0,early
133300_1767718800,train,133300,2026-01-06 17:00:00,53700641226,2026-01-06 17:12:00.000000,16.0,231.0,late
129964_1767719100,train,129964,2026-01-06 17:05:00,53700336070,2026-01-06 17:16:00.000000,54.0,-44.0,ontime
135081_1767719100,train,135081,2026-01-06 17:05:00,53718724172,2026-01-06 17:16:00.000000,-77.0,-144.0,early
130238_1767719100,train,130238,2026-01-06 17:05:00,53698370345,2026-01-06 17:17:00.000000,-16.0,99.0,ontime
133957_1767719100,train,133957,2026-01-06 17:05:00,53699456652,2026-01-06 17:16:00.000000,-35.0,-113.0,early
122658_1767719100,train,122658,2026-01-06 17:05:00,53699433916,2026-01-06 17:17:00.000000,90.0,88.0,ontime
122658_1767719400,train,122658,2026-01-06 17:10:00,53699433840,2026-01-06 17:25:00.000000,169.0,0.0,ontime
135081_1767719400,train,135081,2026-01-06 17:10:00,53718724150,2026-01-06 17:21:00.000000,-101.0,-123.0,early
133957_1767719400,train,133957,2026-01-06 17:10:00,53699456667,2026-01-06 17:22:00.000000,-8.0,-174.0,early
130238_1767719400,train,130238,2026-01-06 17:10:00,53698370337,2026-01-06 17:22:00.000000,-85.0,160.0,late
133300_1767719400,train,133300,2026-01-06 17:10:00,53700641150,2026-01-06 17:21:00.000000,195.0,-24.0,ontime
129964_1767719400,train,129964,2026-01-06 17:10:00,53700336067,2026-01-06 17:21:00.000000,32.0,-130.0,early
135081_1767719700,train,135081,2026-01-06 17:15:00,53718724171,2026-01-06 17:26:00.000000,-152.0,-137.0,early
122658_1767719700,train,122658,2026-01-06 17:15:00,53699433837,2026-01-06 17:27:00.000000,88.0,0.0,ontime
130238_1767719700,train,130238,2026-01-06 17:15:00,53698370352,2026-01-06 17:27:00.000000,-85.0,134.0,late
129964_1767719700,train,129964,2026-01-06 17:15:00,53700336063,2026-01-06 17:27:00.000000,7.0,-135.0,early
133957_1767719700,train,133957,2026-01-06 17:15:00,53699456669,2026-01-06 17:26:00.000000,-78.0,-173.0,early
133300_1767719700,train,133300,2026-01-06 17:15:00,53700641134,2026-01-06 17:26:00.000000,231.0,22.0,ontime
133300_1767720000,train,133300,2026-01-06 17:20:00,53700641140,2026-01-06 17:31:00.000000,231.0,-46.0,ontime
122048_1767720000,train,122048,2026-01-06 17:20:00,53699019008,2026-01-06 17:31:00.000000,0.0,-336.0,early
133957_1767720000,train,133957,2026-01-06 17:20:00,53699456662,2026-01-06 17:31:00.000000,-107.0,-218.0,early
130238_1767720000,train,130238,2026-01-06 17:20:00,53698370346,2026-01-06 17:31:00.000000,145.0,35.0,ontime
122658_1767720000,train,122658,2026-01-06 17:20:00,53699433839,2026-01-06 17:31:00.000000,88.0,0.0,ontime
129964_1767720000,train,129964,2026-01-06 17:20:00,53700336104,2026-01-06 17:31:00.000000,-78.0,-14.0,ontime
135081_1767720000,train,135081,2026-01-06 17:20:00,53718724163,2026-01-06 17:32:00.000000,-138.0,-199.0,early
133300_1767720300,train,133300,2026-01-06 17:25:00,53700641141,2026-01-06 17:36:00.000000,13.0,-26.0,ontime
129964_1767720300,train,129964,2026-01-06 17:25:00,53700336101,2026-01-06 17:36:00.000000,-109.0,-105.0,early
135081_1767720300,train,135081,2026-01-06 17:25:00,53718724154,2026-01-06 17:36:00.000000,-71.0,-231.0,early
122048_1767720300,train,122048,2026-01-06 17:25:00,53699019012,2026-01-06 17:36:00.000000,0.0,-130.0,early
130238_1767720300,train,130238,2026-01-06 17:25:00,53698370362,2026-01-06 17:36:00.000000,84.0,41.0,ontime
122658_1767720300,train,122658,2026-01-06 17:25:00,53699433832,2026-01-06 17:36:00.000000,0.0,0.0,ontime
122048_1767720600,train,122048,2026-01-06 17:30:00,53699018987,2026-01-06 17:44:00.000000,0.0,-32.0,ontime
129964_1767720600,train,129964,2026-01-06 17:30:00,53700336098,2026-01-06 17:41:00.000000,-46.0,-10.0,ontime
122658_1767720600,train,122658,2026-01-06 17:30:00,53699433834,2026-01-06 17:41:00.000000,0.0,0.0,ontime
135081_1767720600,train,135081,2026-01-06 17:30:00,53718724149,2026-01-06 17:41:00.000000,-222.0,-180.0,early
130238_1767720600,train,130238,2026-01-06 17:30:00,53698370335,2026-01-06 17:41:00.000000,67.0,-64.0,early
122048_1767720900,train,122048,2026-01-06 17:35:00,53699018985,2026-01-06 17:47:00.000000,-196.0,-32.0,ontime
135081_1767720900,train,135081,2026-01-06 17:35:00,53718724148,2026-01-06 17:46:00.000000,-190.0,-34.0,ontime
133957_1767720900,train,133957,2026-01-06 17:35:00,53699456685,2026-01-06 17:47:00.000000,-39.0,67.0,ontime
130238_1767720900,train,130238,2026-01-06 17:35:00,53698370356,2026-01-06 17:46:00.000000,47.0,-125.0,early
122658_1767720900,train,122658,2026-01-06 17:35:00,53699433828,2026-01-06 17:46:00.000000,0.0,0.0,ontime
129964_1767720900,train,129964,2026-01-06 17:35:00,53700336095,2026-01-06 17:46:00.000000,-49.0,49.0,ontime
130238_1767721200,train,130238,2026-01-06 17:40:00,53698370341,2026-01-06 17:51:00.000000,64.0,-103.0,early
133957_1767721200,train,133957,2026-01-06 17:40:00,53699456687,2026-01-06 17:51:00.000000,-39.0,28.0,ontime
122048_1767721200,train,122048,2026-01-06 17:40:00,53699018989,2026-01-06 17:51:00.000000,79.0,-108.0,early
122658_1767721200,train,122658,2026-01-06 17:40:00,53699433830,2026-01-06 17:51:00.000000,0.0,0.0,ontime
135081_1767721200,train,135081,2026-01-06 17:40:00,53718724159,2026-01-06 17:52:00.000000,-232.0,4.0,ontime
135081_1767721500,train,135081,2026-01-06 17:45:00,53718724145,2026-01-06 17:57:00.000000,-54.0,12.0,ontime
122048_1767721500,train,122048,2026-01-06 17:45:00,53699018991,2026-01-06 17:56:00.000000,-9.0,-141.0,early
130238_1767721500,train,130238,2026-01-06 17:45:00,53698370350,2026-01-06 17:58:00.000000,-59.0,-170.0,early
133957_1767721500,train,133957,2026-01-06 17:45:00,53699456691,2026-01-06 17:56:00.000000,-39.0,83.0,ontime
122048_1767721800,train,122048,2026-01-06 17:50:00,53699018982,2026-01-06 18:01:00.000000,-68.0,-174.0,early
133957_1767721800,train,133957,2026-01-06 17:50:00,53699456678,2026-01-06 18:01:00.000000,18.0,-28.0,ontime
135081_1767721800,train,135081,2026-01-06 17:50:00,53718724161,2026-01-06 18:01:00.000000,18.0,48.0,ontime
122048_1767722100,train,122048,2026-01-06 17:55:00,53699018975,2026-01-06 18:06:00.000000,-119.0,-157.0,early
133957_1767722100,train,133957,2026-01-06 17:55:00,53699456682,2026-01-06 18:07:00.000000,52.0,-73.0,early
132430_1767722400,train,132430,2026-01-06 18:00:00,53698549762,2026-01-06 18:12:00.000000,320.0,380.0,late
133300_1767722400,train,133300,2026-01-06 18:00:00,53700641131,2026-01-06 18:11:00.000000,-28.0,310.0,late
134040_1767722400,train,134040,2026-01-06 18:00:00,53721480896,2026-01-06 18:11:00.000000,50.0,107.0,ontime
122048_1767722400,train,122048,2026-01-06 18:00:00,53699019003,2026-01-06 18:11:00.000000,-183.0,-146.0,early
134040_1767722700,train,134040,2026-01-06 18:05:00,53721480900,2026-01-06 18:16:00.000000,80.0,295.0,late
133300_1767722700,train,133300,2026-01-06 18:05:00,53700641132,2026-01-06 18:16:00.000000,190.0,406.0,late
122048_1767722700,train,122048,2026-01-06 18:05:00,53699018978,2026-01-06 18:17:00.000000,-139.0,-104.0,early
132430_1767722700,train,132430,2026-01-06 18:05:00,53698549786,2026-01-06 18:16:00.000000,385.0,324.0,late
133300_1767723000,train,133300,2026-01-06 18:10:00,53700641133,2026-01-06 18:21:00.000000,296.0,580.0,late
134040_1767723000,train,134040,2026-01-06 18:10:00,53721480905,2026-01-06 18:21:00.000000,132.0,407.0,late
122048_1767723000,train,122048,2026-01-06 18:10:00,53699019010,2026-01-06 18:21:00.000000,-126.0,-70.0,early
132430_1767723000,train,132430,2026-01-06 18:10:00,53698549761,2026-01-06 18:22:00.000000,425.0,452.0,late
132430_1767723300,train,132430,2026-01-06 18:15:00,53698549780,2026-01-06 18:26:00.000000,340.0,333.0,late
122048_1767723300,train,122048,2026-01-06 18:15:00,53699018999,2026-01-06 18:26:00.000000,-73.0,48.0,ontime
134040_1767723300,train,134040,2026-01-06 18:15:00,53721480910,2026-01-06 18:28:00.000000,181.0,342.0,late
122048_1767723600,train,122048,2026-01-06 18:20:00,53699018955,2026-01-06 18:31:00.000000,-70.0,66.0,ontime
134040_1767723600,train,134040,2026-01-06 18:20:00,53721480915,2026-01-06 18:32:00.000000,389.0,401.0,late
132430_1767723600,train,132430,2026-01-06 18:20:00,53698549784,2026-01-06 18:32:00.000000,452.0,310.0,late
133300_1767723600,train,133300,2026-01-06 18:20:00,53700641117,2026-01-06 18:35:00.000000,457.0,-5.0,ontime
122048_1767723900,train,122048,2026-01-06 18:25:00,53699018938,2026-01-06 18:36:00.000000,51.0,50.0,ontime
132430_1767723900,train,132430,2026-01-06 18:25:00,53698549772,2026-01-06 18:36:00.000000,389.0,285.0,late
134040_1767723900,train,134040,2026-01-06 18:25:00,53721480912,2026-01-06 18:37:00.000000,314.0,487.0,late
132430_1767724200,train,132430,2026-01-06 18:30:00,53698549776,2026-01-06 18:42:00.000000,256.0,309.0,late
134040_1767724200,train,134040,2026-01-06 18:30:00,53721480917,2026-01-06 18:41:00.000000,383.0,465.0,late
122048_1767724200,train,122048,2026-01-06 18:30:00,53699018954,2026-01-06 18:41:00.000000,50.0,35.0,ontime
131672_1767724200,train,131672,2026-01-06 18:30:00,53718793794,2026-01-06 18:41:00.000000,295.0,368.0,late
131672_1767724500,train,131672,2026-01-06 18:35:00,53718793814,2026-01-06 18:46:00.000000,317.0,365.0,late
122048_1767724500,train,122048,2026-01-06 18:35:00,53699018941,2026-01-06 18:46:00.000000,53.0,133.0,late
134040_1767724500,train,134040,2026-01-06 18:35:00,53721480921,2026-01-06 18:46:00.000000,438.0,409.0,late
132430_1767724500,train,132430,2026-01-06 18:35:00,53698549773,2026-01-06 18:46:00.000000,309.0,299.0,late
132430_1767724800,train,132430,2026-01-06 18:40:00,53698549304,2026-01-06 18:55:00.000000,329.0,45.0,ontime
122048_1767724800,train,122048,2026-01-06 18:40:00,53699018933,2026-01-06 18:52:00.000000,13.0,250.0,late
132430_1767725100,train,132430,2026-01-06 18:45:00,53698549306,2026-01-06 18:57:00.000000,304.0,45.0,ontime
122048_1767725100,train,122048,2026-01-06 18:45:00,53699018970,2026-01-06 18:57:00.000000,124.0,274.0,late
132430_1767725400,train,132430,2026-01-06 18:50:00,53698549300,2026-01-06 19:02:00.000000,260.0,-1.0,ontime
122048_1767725400,train,122048,2026-01-06 18:50:00,53699018960,2026-01-06 19:01:00.000000,292.0,356.0,late
122048_1767725700,train,122048,2026-01-06 18:55:00,53699018948,2026-01-06 19:08:00.000000,270.0,417.0,late
132430_1767725700,train,132430,2026-01-06 18:55:00,53698549301,2026-01-06 19:06:00.000000,45.0,27.0,ontime
122048_1767726000,train,122048,2026-01-06 19:00:00,53699018965,2026-01-06 19:11:00.000000,351.0,481.0,late
135081_1767726000,train,135081,2026-01-06 19:00:00,53718724184,2026-01-06 19:11:00.000000,197.0,311.0,late
122048_1767726300,train,122048,2026-01-06 19:05:00,53699018972,2026-01-06 19:16:00.000000,399.0,523.0,late
135081_1767726300,train,135081,2026-01-06 19:05:00,53718724185,2026-01-06 19:17:00.000000,282.0,146.0,late
135081_1767726600,train,135081,2026-01-06 19:10:00,53718724194,2026-01-06 19:21:00.000000,299.0,53.0,ontime
131672_1767726900,train,131672,2026-01-06 19:15:00,53718793842,2026-01-06 19:29:00.000000,346.0,-3.0,ontime
135081_1767726900,train,135081,2026-01-06 19:15:00,53718724191,2026-01-06 19:26:00.000000,229.0,-68.0,early
131672_1767727200,train,131672,2026-01-06 19:20:00,53718793855,2026-01-06 19:31:00.000000,346.0,-9.0,ontime
122048_1767727200,train,122048,2026-01-06 19:20:00,53699018950,2026-01-06 19:31:00.000000,606.0,-54.0,ontime
135081_1767727200,train,135081,2026-01-06 19:20:00,53718724202,2026-01-06 19:31:00.000000,104.0,-32.0,ontime
135081_1767727500,train,135081,2026-01-06 19:25:00,53718724250,2026-01-06 19:37:00.000000,-22.0,-15.0,ontime
131672_1767727500,train,131672,2026-01-06 19:25:00,53718793854,2026-01-06 19:36:00.000000,346.0,163.0,late
131672_1767727800,train,131672,2026-01-06 19:30:00,53718793837,2026-01-06 19:41:00.000000,-3.0,302.0,late
131672_1767728100,train,131672,2026-01-06 19:35:00,53718793843,2026-01-06 19:47:00.000000,100.0,382.0,late
131672_1767728400,train,131672,2026-01-06 19:40:00,53718793845,2026-01-06 19:51:00.000000,260.0,359.0,late
122048_1767728700,train,122048,2026-01-06 19:45:00,53699018776,2026-01-06 19:57:00.000000,-54.0,-348.0,early
131672_1767728700,train,131672,2026-01-06 19:45:00,53718793848,2026-01-06 19:57:00.000000,359.0,492.0,late
133957_1767729000,train,133957,2026-01-06 19:50:00,53699456710,2026-01-06 20:02:00.000000,211.0,39.0,ontime
122048_1767729000,train,122048,2026-01-06 19:50:00,53699018774,2026-01-06 20:01:00.000000,-54.0,-142.0,early
131672_1767729000,train,131672,2026-01-06 19:50:00,53718793825,2026-01-06 20:03:00.000000,376.0,533.0,late
122048_1767729300,train,122048,2026-01-06 19:55:00,53699018778,2026-01-06 20:07:00.000000,-54.0,36.0,ontime
131672_1767729300,train,131672,2026-01-06 19:55:00,53718793827,2026-01-06 20:06:00.000000,432.0,478.0,late
133957_1767729300,train,133957,2026-01-06 19:55:00,53699456713,2026-01-06 20:07:00.000000,211.0,171.0,late
131672_1767729600,train,131672,2026-01-06 20:00:00,53718793831,2026-01-06 20:11:00.000000,541.0,557.0,late
133957_1767729600,train,133957,2026-01-06 20:00:00,53699456717,2026-01-06 20:12:00.000000,211.0,141.0,late
122048_1767729600,train,122048,2026-01-06 20:00:00,53699018781,2026-01-06 20:11:00.000000,-208.0,41.0,ontime
132430_1767729600,train,132430,2026-01-06 20:00:00,53698549338,2026-01-06 20:12:00.000000,35.0,21.0,ontime
122048_1767729900,train,122048,2026-01-06 20:05:00,53699018786,2026-01-06 20:16:00.000000,68.0,93.0,ontime
133957_1767729900,train,133957,2026-01-06 20:05:00,53699456705,2026-01-06 20:16:00.000000,198.0,126.0,late
132430_1767729900,train,132430,2026-01-06 20:05:00,53698549556,2026-01-06 20:17:00.000000,74.0,177.0,late
122048_1767730200,train,122048,2026-01-06 20:10:00,53699018758,2026-01-06 20:21:00.000000,85.0,99.0,ontime
130072_1767730200,train,130072,2026-01-06 20:10:00,53698461638,2026-01-06 20:25:00.000000,0.0,60.0,ontime
133957_1767730200,train,133957,2026-01-06 20:10:00,53699456709,2026-01-06 20:21:00.000000,189.0,83.0,ontime
132430_1767730200,train,132430,2026-01-06 20:10:00,53698549554,2026-01-06 20:22:00.000000,21.0,173.0,late
133957_1767730500,train,133957,2026-01-06 20:15:00,53699456701,2026-01-06 20:26:00.000000,142.0,53.0,ontime
122048_1767730500,train,122048,2026-01-06 20:15:00,53699018762,2026-01-06 20:26:00.000000,104.0,-3.0,ontime
132430_1767730500,train,132430,2026-01-06 20:15:00,53698549545,2026-01-06 20:26:00.000000,21.0,146.0,late
130072_1767730500,train,130072,2026-01-06 20:15:00,53698461640,2026-01-06 20:26:00.000000,0.0,60.0,ontime
130072_1767730800,train,130072,2026-01-06 20:20:00,53698461652,2026-01-06 20:31:00.000000,0.0,106.0,ontime
122048_1767730800,train,122048,2026-01-06 20:20:00,53699018767,2026-01-06 20:31:00.000000,103.0,25.0,ontime
133957_1767730800,train,133957,2026-01-06 20:20:00,53699456741,2026-01-06 20:31:00.000000,58.0,38.0,ontime
132430_1767730800,train,132430,2026-01-06 20:20:00,53698549541,2026-01-06 20:31:00.000000,177.0,234.0,late
133957_1767731100,train,133957,2026-01-06 20:25:00,53699456744,2026-01-06 20:36:00.000000,51.0,59.0,ontime
130072_1767731100,train,130072,2026-01-06 20:25:00,53698461653,2026-01-06 20:36:00.000000,60.0,22.0,ontime
122048_1767731100,train,122048,2026-01-06 20:25:00,53699018754,2026-01-06 20:36:00.000000,49.0,4.0,ontime
132430_1767731100,train,132430,2026-01-06 20:25:00,53698549553,2026-01-06 20:36:00.000000,174.0,277.0,late
132430_1767731400,train,132430,2026-01-06 20:30:00,53698549548,2026-01-06 20:41:00.000000,219.0,192.0,late
133957_1767731400,train,133957,2026-01-06 20:30:00,53699456754,2026-01-06 20:41:00.000000,16.0,46.0,ontime
130072_1767731400,train,130072,2026-01-06 20:30:00,53698461657,2026-01-06 20:41:00.000000,92.0,49.0,ontime
133957_1767731700,train,133957,2026-01-06 20:35:00,53699456759,2026-01-06 20:47:00.000000,96.0,116.0,ontime
130072_1767731700,train,130072,2026-01-06 20:35:00,53698461643,2026-01-06 20:46:00.000000,3.0,78.0,ontime
132430_1767731700,train,132430,2026-01-06 20:35:00,53698549547,2026-01-06 20:46:00.000000,268.0,201.0,late
131672_1767732000,train,131672,2026-01-06 20:40:00,53718793879,2026-01-06 20:54:00.000000,606.0,32.0,ontime
132430_1767732000,train,132430,2026-01-06 20:40:00,53698549533,2026-01-06 20:51:00.000000,235.0,167.0,late
130072_1767732000,train,130072,2026-01-06 20:40:00,53698461648,2026-01-06 20:53:00.000000,58.0,158.0,late
133957_1767732000,train,133957,2026-01-06 20:40:00,53699456751,2026-01-06 20:51:00.000000,29.0,129.0,late
130072_1767732300,train,130072,2026-01-06 20:45:00,53698461650,2026-01-06 20:56:00.000000,31.0,161.0,late
132430_1767732300,train,132430,2026-01-06 20:45:00,53698549651,2026-01-06 20:56:00.000000,163.0,337.0,late
131672_1767732300,train,131672,2026-01-06 20:45:00,53718793886,2026-01-06 20:56:00.000000,606.0,16.0,ontime
132430_1767732600,train,132430,2026-01-06 20:50:00,53698549644,2026-01-06 21:01:00.000000,194.0,338.0,late
133957_1767732600,train,133957,2026-01-06 20:50:00,53699456777,2026-01-06 21:02:00.000000,121.0,39.0,ontime
131672_1767732600,train,131672,2026-01-06 20:50:00,53718793891,2026-01-06 21:01:00.000000,606.0,34.0,ontime
135081_1767732600,train,135081,2026-01-06 20:50:00,53718724291,2026-01-06 21:01:00.000000,234.0,79.0,ontime
130072_1767732600,train,130072,2026-01-06 20:50:00,53698461670,2026-01-06 21:01:00.000000,204.0,226.0,late
131672_1767732900,train,131672,2026-01-06 20:55:00,53718793873,2026-01-06 21:06:00.000000,32.0,41.0,ontime
133957_1767732900,train,133957,2026-01-06 20:55:00,53699456780,2026-01-06 21:07:00.000000,108.0,-49.0,ontime
130072_1767732900,train,130072,2026-01-06 20:55:00,53698461672,2026-01-06 21:06:00.000000,170.0,187.0,late
132430_1767732900,train,132430,2026-01-06 20:55:00,53698549666,2026-01-06 21:07:00.000000,346.0,238.0,late
135081_1767732900,train,135081,2026-01-06 20:55:00,53718724265,2026-01-06 21:06:00.000000,234.0,136.0,late
130072_1767733200,train,130072,2026-01-06 21:00:00,53698461673,2026-01-06 21:14:00.000000,206.0,125.0,late
135081_1767733200,train,135081,2026-01-06 21:00:00,53718724289,2026-01-06 21:11:00.000000,234.0,40.0,ontime
133957_1767733200,train,133957,2026-01-06 21:00:00,53699456770,2026-01-06 21:12:00.000000,108.0,59.0,ontime
122048_1767733200,train,122048,2026-01-06 21:00:00,53699018870,2026-01-06 21:11:00.000000,0.0,0.0,ontime
132430_1767733200,train,132430,2026-01-06 21:00:00,53698549661,2026-01-06 21:11:00.000000,327.0,153.0,late
130072_1767733500,train,130072,2026-01-06 21:05:00,53698461659,2026-01-06 21:18:00.000000,194.0,125.0,late
122048_1767733500,train,122048,2026-01-06 21:05:00,53699018871,2026-01-06 21:16:00.000000,0.0,0.0,ontime
132430_1767733500,train,132430,2026-01-06 21:05:00,53698549669,2026-01-06 21:16:00.000000,306.0,168.0,late
133957_1767733500,train,133957,2026-01-06 21:05:00,53699456774,2026-01-06 21:16:00.000000,-19.0,28.0,ontime
135081_1767733500,train,135081,2026-01-06 21:05:00,53718724266,2026-01-06 21:16:00.000000,176.0,44.0,ontime
130072_1767733800,train,130072,2026-01-06 21:10:00,53698461661,2026-01-06 21:24:00.000000,182.0,168.0,late
135081_1767733800,train,135081,2026-01-06 21:10:00,53718724268,2026-01-06 21:21:00.000000,82.0,51.0,ontime
133957_1767733800,train,133957,2026-01-06 21:10:00,53699456784,2026-01-06 21:21:00.000000,4.0,15.0,ontime
122048_1767733800,train,122048,2026-01-06 21:10:00,53699018876,2026-01-06 21:22:00.000000,0.0,0.0,ontime
132430_1767733800,train,132430,2026-01-06 21:10:00,53698549658,2026-01-06 21:21:00.000000,181.0,179.0,late
135081_1767734100,train,135081,2026-01-06 21:15:00,53718724277,2026-01-06 21:27:00.000000,-32.0,-16.0,ontime
133957_1767734100,train,133957,2026-01-06 21:15:00,53699456788,2026-01-06 21:26:00.000000,44.0,45.0,ontime
130072_1767734100,train,130072,2026-01-06 21:15:00,53698461663,2026-01-06 21:27:00.000000,113.0,195.0,late
122048_1767734100,train,122048,2026-01-06 21:15:00,53699018882,2026-01-06 21:26:00.000000,0.0,0.0,ontime
132430_1767734100,train,132430,2026-01-06 21:15:00,53698549654,2026-01-06 21:27:00.000000,200.0,96.0,ontime
133957_1767734400,train,133957,2026-01-06 21:20:00,53699456828,2026-01-06 21:31:00.000000,3.0,7.0,ontime
135081_1767734400,train,135081,2026-01-06 21:20:00,53718724283,2026-01-06 21:31:00.000000,71.0,-59.0,ontime
122048_1767734400,train,122048,2026-01-06 21:20:00,53699018861,2026-01-06 21:31:00.000000,0.0,0.0,ontime
130072_1767734400,train,130072,2026-01-06 21:20:00,53698461637,2026-01-06 21:33:00.000000,93.0,163.0,late
135081_1767734700,train,135081,2026-01-06 21:25:00,53718724292,2026-01-06 21:37:00.000000,55.0,-170.0,early
130072_1767734700,train,130072,2026-01-06 21:25:00,53698461685,2026-01-06 21:40:00.000000,181.0,0.0,ontime
122048_1767734700,train,122048,2026-01-06 21:25:00,53699018863,2026-01-06 21:36:00.000000,0.0,0.0,ontime
133957_1767734700,train,133957,2026-01-06 21:25:00,53699456831,2026-01-06 21:36:00.000000,51.0,65.0,ontime
134040_1767735000,train,134040,2026-01-06 21:30:00,53721480999,2026-01-06 21:41:00.000000,434.0,434.0,late
133957_1767735000,train,133957,2026-01-06 21:30:00,53699456820,2026-01-06 21:41:00.000000,-41.0,21.0,ontime
130072_1767735000,train,130072,2026-01-06 21:30:00,53698461687,2026-01-06 21:41:00.000000,163.0,0.0,ontime
130072_1767735300,train,130072,2026-01-06 21:35:00,53698461689,2026-01-06 21:46:00.000000,163.0,0.0,ontime
134040_1767735300,train,134040,2026-01-06 21:35:00,53721481002,2026-01-06 21:46:00.000000,434.0,434.0,late
133957_1767735300,train,133957,2026-01-06 21:35:00,53699456810,2026-01-06 21:47:00.000000,57.0,50.0,ontime
133957_1767735600,train,133957,2026-01-06 21:40:00,53699456814,2026-01-06 21:51:00.000000,21.0,77.0,ontime
130072_1767735600,train,130072,2026-01-06 21:40:00,53698461678,2026-01-06 21:51:00.000000,0.0,0.0,ontime
134040_1767735900,train,134040,2026-01-06 21:45:00,53721481025,2026-01-06 22:00:00.000000,434.0,0.0,ontime
130072_1767735900,train,130072,2026-01-06 21:45:00,53698461677,2026-01-06 21:56:00.000000,0.0,0.0,ontime
134040_1767736200,train,134040,2026-01-06 21:50:00,53721481023,2026-01-06 22:02:00.000000,434.0,0.0,ontime
130072_1767736200,train,130072,2026-01-06 21:50:00,53698461679,2026-01-06 22:01:00.000000,0.0,0.0,ontime
134040_1767736500,train,134040,2026-01-06 21:55:00,53721481062,2026-01-06 22:06:00.000000,434.0,0.0,ontime
130072_1767736500,train,130072,2026-01-06 21:55:00,53698461681,2026-01-06 22:07:00.000000,0.0,0.0,ontime
134040_1767736800,train,134040,2026-01-06 22:00:00,53721481067,2026-01-06 22:11:00.000000,0.0,0.0,ontime
135081_1767736800,train,135081,2026-01-06 22:00:00,53718724302,2026-01-06 22:11:00.000000,-159.0,-98.0,early
133957_1767736800,train,133957,2026-01-06 22:00:00,53699456803,2026-01-06 22:11:00.000000,180.0,32.0,ontime
133957_1767737100,train,133957,2026-01-06 22:05:00,53699456807,2026-01-06 22:16:00.000000,180.0,-8.0,ontime
135081_1767737100,train,135081,2026-01-06 22:05:00,53718724309,2026-01-06 22:16:00.000000,-207.0,37.0,ontime
134040_1767737100,train,134040,2026-01-06 22:05:00,53721481070,2026-01-06 22:16:00.000000,0.0,0.0,ontime
133957_1767737400,train,133957,2026-01-06 22:10:00,53699456796,2026-01-06 22:21:00.000000,180.0,27.0,ontime
135081_1767737400,train,135081,2026-01-06 22:10:00,53718724300,2026-01-06 22:21:00.000000,-68.0,13.0,ontime
134040_1767737400,train,134040,2026-01-06 22:10:00,53721481010,2026-01-06 22:21:00.000000,0.0,0.0,ontime
133957_1767737700,train,133957,2026-01-06 22:15:00,53699456801,2026-01-06 22:27:00.000000,26.0,-22.0,ontime
135081_1767737700,train,135081,2026-01-06 22:15:00,53718724315,2026-01-06 22:26:00.000000,49.0,172.0,late
134040_1767737700,train,134040,2026-01-06 22:15:00,53721481012,2026-01-06 22:26:00.000000,0.0,0.0,ontime
134040_1767738000,train,134040,2026-01-06 22:20:00,53721481021,2026-01-06 22:31:00.000000,0.0,0.0,ontime
134494_1767738000,train,134494,2026-01-06 22:20:00,53698426129,2026-01-06 22:35:00.000000,0.0,0.0,ontime
132430_1767738000,train,132430,2026-01-06 22:20:00,53698549723,2026-01-06 22:31:00.000000,96.0,90.0,ontime
135081_1767738000,train,135081,2026-01-06 22:20:00,53718724318,2026-01-06 22:31:00.000000,19.0,87.0,ontime
133957_1767738000,train,133957,2026-01-06 22:20:00,53699456791,2026-01-06 22:32:00.000000,20.0,-77.0,early
135081_1767738300,train,135081,2026-01-06 22:25:00,53718724316,2026-01-06 22:36:00.000000,90.0,73.0,ontime
134040_1767738300,train,134040,2026-01-06 22:25:00,53721481036,2026-01-06 22:36:00.000000,0.0,0.0,ontime
132430_1767738300,train,132430,2026-01-06 22:25:00,53698549722,2026-01-06 22:36:00.000000,96.0,108.0,ontime
134494_1767738300,train,134494,2026-01-06 22:25:00,53698426128,2026-01-06 22:37:00.000000,0.0,0.0,ontime
134494_1767738600,train,134494,2026-01-06 22:30:00,53698426124,2026-01-06 22:42:00.000000,0.0,0.0,ontime
134040_1767738600,train,134040,2026-01-06 22:30:00,53721481039,2026-01-06 22:41:00.000000,0.0,0.0,ontime
134494_1767738900,train,134494,2026-01-06 22:35:00,53698426134,2026-01-06 22:47:00.000000,0.0,0.0,ontime
134040_1767738900,train,134040,2026-01-06 22:35:00,53721481044,2026-01-06 22:46:00.000000,0.0,0.0,ontime
134494_1767739200,train,134494,2026-01-06 22:40:00,53698426132,2026-01-06 22:51:00.000000,0.0,0.0,ontime
134040_1767739200,train,134040,2026-01-06 22:40:00,53721481048,2026-01-06 22:51:00.000000,0.0,0.0,ontime
134040_1767739500,train,134040,2026-01-06 22:45:00,53721481051,2026-01-06 22:56:00.000000,0.0,0.0,ontime
134494_1767739500,train,134494,2026-01-06 22:45:00,53698426143,2026-01-06 22:57:00.000000,0.0,0.0,ontime
134040_1767739800,train,134040,2026-01-06 22:50:00,53721481054,2026-01-06 23:01:00.000000,0.0,0.0,ontime
134494_1767739800,train,134494,2026-01-06 22:50:00,53698426141,2026-01-06 23:03:00.000000,0.0,0.0,ontime
134494_1767740100,train,134494,2026-01-06 22:55:00,53698426138,2026-01-06 23:06:00.000000,0.0,0.0,ontime
134040_1767740100,train,134040,2026-01-06 22:55:00,53721481028,2026-01-06 23:07:00.000000,0.0,0.0,ontime
134040_1767740400,train,134040,2026-01-06 23:00:00,53721481026,2026-01-06 23:12:00.000000,0.0,0.0,ontime
132430_1767740400,train,132430,2026-01-06 23:00:00,53698549789,2026-01-06 23:11:00.000000,19.0,151.0,late
130072_1767740700,train,130072,2026-01-06 23:05:00,53698461587,2026-01-06 23:20:00.000000,0.0,0.0,ontime
132430_1767740700,train,132430,2026-01-06 23:05:00,53698549794,2026-01-06 23:17:00.000000,-13.0,124.0,late
134040_1767740700,train,134040,2026-01-06 23:05:00,53721481031,2026-01-06 23:17:00.000000,0.0,0.0,ontime
132430_1767741000,train,132430,2026-01-06 23:10:00,53698549792,2026-01-06 23:21:00.000000,168.0,60.0,ontime
130072_1767741000,train,130072,2026-01-06 23:10:00,53698461586,2026-01-06 23:21:00.000000,0.0,0.0,ontime
130072_1767741300,train,130072,2026-01-06 23:15:00,53698461582,2026-01-06 23:26:00.000000,0.0,0.0,ontime
132430_1767741300,train,132430,2026-01-06 23:15:00,53698549804,2026-01-06 23:27:00.000000,127.0,85.0,ontime
132430_1767741600,train,132430,2026-01-06 23:20:00,53698549801,2026-01-06 23:32:00.000000,99.0,189.0,late
130072_1767741600,train,130072,2026-01-06 23:20:00,53698461578,2026-01-06 23:31:00.000000,0.0,0.0,ontime
132430_1767741900,train,132430,2026-01-06 23:25:00,53698549813,2026-01-06 23:36:00.000000,29.0,160.0,late
130072_1767741900,train,130072,2026-01-06 23:25:00,53698461574,2026-01-06 23:37:00.000000,0.0,0.0,ontime
132430_1767742200,train,132430,2026-01-06 23:30:00,53698549808,2026-01-06 23:41:00.000000,147.0,74.0,ontime
134494_1767742200,train,134494,2026-01-06 23:30:00,53698426111,2026-01-06 23:42:00.000000,0.0,0.0,ontime
134494_1767742500,train,134494,2026-01-06 23:35:00,53698426108,2026-01-06 23:46:00.000000,0.0,0.0,ontime
134494_1767742800,train,134494,2026-01-06 23:40:00,53698426116,2026-01-06 23:51:00.000000,0.0,0.0,ontime
134494_1767743100,train,134494,2026-01-06 23:45:00,53698426113,2026-01-06 23:57:00.000000,0.0,0.0,ontime
132430_1767743400,train,132430,2026-01-06 23:50:00,53698549833,2026-01-07 00:01:00.000000,74.0,91.0,ontime
132430_1767743700,train,132430,2026-01-06 23:55:00,53698549831,2026-01-07 00:06:00.000000,74.0,154.0,late
9000000_1767666600,train,9000000,2026-01-06 02:30:00,9000456,2026-01-06 02:43:54.989033,0.0,5.0,ontime
9000000_1767666900,train,9000000,2026-01-06 02:35:00,9000024,2026-01-06 02:45:54.989033,0.0,-22.0,ontime
9000000_1767667200,train,9000000,2026-01-06 02:40:00,9000031,2026-01-06 02:50:54.989033,0.0,6.0,ontime
9000000_1767667500,train,9000000,2026-01-06 02:45:00,9000035,2026-01-06 02:56:54.989033,-13.0,17.0,ontime
9000000_1767667800,train,9000000,2026-01-06 02:50:00,9000563,2026-01-06 03:00:54.989033,4.0,-7.0,ontime
9000000_1767668100,train,9000000,2026-01-06 02:55:00,9000650,2026-01-06 03:05:54.989033,-3.0,27.0,ontime
9000000_1767668400,train,9000000,2026-01-06 03:00:00,9000660,2026-01-06 03:10:54.989033,-31.0,1.0,ontime
9000000_1767668700,train,9000000,2026-01-06 03:05:00,9000662,2026-01-06 03:15:54.989033,-16.0,40.0,ontime
9000000_1767669000,train,9000000,2026-01-06 03:10:00,9000040,2026-01-06 03:20:54.989033,1.0,-24.0,ontime
9000000_1767669300,train,9000000,2026-01-06 03:15:00,9000049,2026-01-06 03:25:54.989033,-16.0,4.0,ontime
9000000_1767669600,train,9000000,2026-01-06 03:20:00,9000051,2026-01-06 03:30:54.989033,-1.0,31.0,ontime
9000000_1767669900,train,9000000,2026-01-06 03:25:00,9000419,2026-01-06 03:37:54.989033,-2.0,19.0,ontime
9000000_1767670200,train,9000000,2026-01-06 03:30:00,9000402,2026-01-06 03:40:54.989033,-7.0,32.0,ontime
9000000_1767670500,train,9000000,2026-01-06 03:35:00,9000396,2026-01-06 03:46:54.989033,-18.0,-13.0,ontime
9000000_1767670800,train,9000000,2026-01-06 03:40:00,9000423,2026-01-06 03:50:54.989033,-23.0,-29.0,ontime
9000000_1767671100,train,9000000,2026-01-06 03:45:00,9000416,2026-01-06 03:55:54.989033,-19.0,-1.0,ontime
9000000_1767671400,train,9000000,2026-01-06 03:50:00,9000390,2026-01-06 04:00:54.989033,-15.0,39.0,ontime
9000000_1767671700,train,9000000,2026-01-06 03:55:00,9000393,2026-01-06 04:05:54.989033,-37.0,-2.0,ontime
9000000_1767672000,train,9000000,2026-01-06 04:00:00,9000392,2026-01-06 04:10:54.989033,-26.0,21.0,ontime
9000000_1767672300,train,9000000,2026-01-06 04:05:00,9000385,2026-01-06 04:16:54.989033,-2.0,3.0,ontime
9000000_1767672600,train,9000000,2026-01-06 04:10:00,9000399,2026-01-06 04:21:54.989033,-6.0,1.0,ontime
9000000_1767672900,train,9000000,2026-01-06 04:15:00,9000412,2026-01-06 04:26:54.989033,19.0,-30.0,ontime
9000000_1767673200,train,9000000,2026-01-06 04:20:00,9000372,2026-01-06 04:30:54.989033,21.0,15.0,ontime
9000000_1767673800,train,9000000,2026-01-06 04:30:00,9000020,2026-01-06 04:40:54.989033,-21.0,58.0,ontime
9000000_1767674100,train,9000000,2026-01-06 04:35:00,9000022,2026-01-06 04:45:54.989033,15.0,180.0,late
9000000_1767674400,train,9000000,2026-01-06 04:40:00,9000282,2026-01-06 04:52:54.989033,15.0,45.0,ontime
9000000_1767674700,train,9000000,2026-01-06 04:45:00,9000371,2026-01-06 04:55:54.989033,123.0,107.0,ontime
9000000_1767675000,train,9000000,2026-01-06 04:50:00,9000568,2026-01-06 05:00:54.989033,185.0,26.0,ontime
9000000_1767675300,train,9000000,2026-01-06 04:55:00,9000552,2026-01-06 05:05:54.989033,102.0,-66.0,early
9000000_1767675600,train,9000000,2026-01-06 05:00:00,9000173,2026-01-06 05:11:54.989033,3.0,-26.0,ontime
9000000_1767675900,train,9000000,2026-01-06 05:05:00,9000303,2026-01-06 05:16:54.989033,-64.0,-28.0,ontime
9000000_1767676200,train,9000000,2026-01-06 05:10:00,9000180,2026-01-06 05:20:54.989033,-64.0,19.0,ontime
9000000_1767676500,train,9000000,2026-01-06 05:15:00,9000301,2026-01-06 05:26:54.989033,-28.0,-34.0,ontime
9000000_1767676800,train,9000000,2026-01-06 05:20:00,9000172,2026-01-06 05:31:54.989033,-41.0,-79.0,early
9000000_1767677100,train,9000000,2026-01-06 05:25:00,9000376,2026-01-06 05:35:54.989033,-52.0,-24.0,ontime
9000000_1767677400,train,9000000,2026-01-06 05:30:00,9000011,2026-01-06 05:42:54.989033,-37.0,23.0,ontime
9000000_1767677700,train,9000000,2026-01-06 05:35:00,9000015,2026-01-06 05:45:54.989033,-35.0,40.0,ontime
9000000_1767678000,train,9000000,2026-01-06 05:40:00,9000016,2026-01-06 05:51:54.989033,-53.0,-106.0,early
9000000_1767678300,train,9000000,2026-01-06 05:45:00,9000004,2026-01-06 05:55:54.989033,-1.0,-205.0,early
9000000_1767678600,train,9000000,2026-01-06 05:50:00,9000010,2026-01-06 06:00:54.989033,-83.0,-83.0,early
9000000_1767678900,train,9000000,2026-01-06 05:55:00,9000161,2026-01-06 06:07:54.989033,-152.0,33.0,ontime
9000000_1767679200,train,9000000,2026-01-06 06:00:00,9000377,2026-01-06 06:10:54.989033,-113.0,17.0,ontime
9000000_1767679500,train,9000000,2026-01-06 06:05:00,9000573,2026-01-06 06:15:54.989033,-37.0,59.0,ontime
9000000_1767679800,train,9000000,2026-01-06 06:10:00,9000227,2026-01-06 06:20:54.989033,48.0,148.0,late
9000000_1767680100,train,9000000,2026-01-06 06:15:00,9000543,2026-01-06 06:28:54.989033,39.0,165.0,late
9000000_1767680400,train,9000000,2026-01-06 06:20:00,9000270,2026-01-06 06:31:54.989033,128.0,124.0,late
9000000_1767680700,train,9000000,2026-01-06 06:25:00,9000556,2026-01-06 06:35:54.989033,188.0,107.0,ontime
9000000_1767681000,train,9000000,2026-01-06 06:30:00,9000002,2026-01-06 06:40:54.989033,147.0,32.0,ontime
9000000_1767684300,train,9000000,2026-01-06 07:25:00,9000291,2026-01-06 07:36:54.989033,29.0,557.0,late
9000000_1767684600,train,9000000,2026-01-06 07:30:00,9000200,2026-01-06 07:40:54.989033,29.0,619.0,late
9000000_1767684900,train,9000000,2026-01-06 07:35:00,9000305,2026-01-06 07:45:54.989033,29.0,565.0,late
9000000_1767685200,train,9000000,2026-01-06 07:40:00,9000222,2026-01-06 07:51:54.989033,523.0,436.0,late
9000000_1767685500,train,9000000,2026-01-06 07:45:00,9000252,2026-01-06 07:55:54.989033,630.0,488.0,late
9000000_1767685800,train,9000000,2026-01-06 07:50:00,9000566,2026-01-06 08:00:54.989033,468.0,395.0,late
9000000_1767686100,train,9000000,2026-01-06 07:55:00,9000574,2026-01-06 08:07:54.989033,415.0,338.0,late
9000000_1767686400,train,9000000,2026-01-06 08:00:00,9000307,2026-01-06 08:10:54.989033,376.0,259.0,late
9000000_1767686700,train,9000000,2026-01-06 08:05:00,9000557,2026-01-06 08:15:54.989033,354.0,202.0,late
9000000_1767687000,train,9000000,2026-01-06 08:10:00,9000564,2026-01-06 08:20:54.989033,244.0,60.0,ontime
9000000_1767687300,train,9000000,2026-01-06 08:15:00,9000216,2026-01-06 08:27:54.989033,147.0,10.0,ontime
9000000_1767687600,train,9000000,2026-01-06 08:20:00,9000336,2026-01-06 08:30:54.989033,145.0,51.0,ontime
9000000_1767687900,train,9000000,2026-01-06 08:25:00,9000229,2026-01-06 08:38:54.989033,26.0,-63.0,early
9000000_1767688200,train,9000000,2026-01-06 08:30:00,9000555,2026-01-06 08:40:54.989033,-60.0,127.0,late
9000000_1767688500,train,9000000,2026-01-06 08:35:00,9000208,2026-01-06 08:45:54.989033,5.0,156.0,late
9000000_1767688800,train,9000000,2026-01-06 08:40:00,9000365,2026-01-06 08:51:54.989033,113.0,34.0,ontime
9000000_1767689100,train,9000000,2026-01-06 08:45:00,9000453,2026-01-06 08:56:54.989033,127.0,148.0,late
9000000_1767689400,train,9000000,2026-01-06 08:50:00,9000234,2026-01-06 09:00:54.989033,92.0,82.0,ontime
9000000_1767689700,train,9000000,2026-01-06 08:55:00,9000023,2026-01-06 09:05:54.989033,134.0,17.0,ontime
9000000_1767690000,train,9000000,2026-01-06 09:00:00,9000221,2026-01-06 09:11:54.989033,76.0,43.0,ontime
9000000_1767690300,train,9000000,2026-01-06 09:05:00,9000265,2026-01-06 09:15:54.989033,45.0,23.0,ontime
9000000_1767690600,train,9000000,2026-01-06 09:10:00,9000215,2026-01-06 09:20:54.989033,80.0,67.0,ontime
9000000_1767690900,train,9000000,2026-01-06 09:15:00,9000245,2026-01-06 09:25:54.989033,42.0,135.0,late
9000000_1767691200,train,9000000,2026-01-06 09:20:00,9000335,2026-01-06 09:31:54.989033,84.0,10.0,ontime
9000000_1767691500,train,9000000,2026-01-06 09:25:00,9000374,2026-01-06 09:35:54.989033,111.0,-31.0,ontime
9000000_1767691800,train,9000000,2026-01-06 09:30:00,9000240,2026-01-06 09:40:54.989033,123.0,41.0,ontime
9000000_1767693000,train,9000000,2026-01-06 09:50:00,9000293,2026-01-06 10:03:54.989033,67.0,259.0,late
9000000_1767693300,train,9000000,2026-01-06 09:55:00,9000298,2026-01-06 10:05:54.989033,67.0,229.0,late
9000000_1767693600,train,9000000,2026-01-06 10:00:00,9000299,2026-01-06 10:10:54.989033,67.0,110.0,ontime
9000000_1767693900,train,9000000,2026-01-06 10:05:00,9000308,2026-01-06 10:16:54.989033,259.0,-124.0,early
9000000_1767694200,train,9000000,2026-01-06 10:10:00,9000364,2026-01-06 10:21:54.989033,175.0,-62.0,early
9000000_1767694500,train,9000000,2026-01-06 10:15:00,9000171,2026-01-06 10:26:54.989033,111.0,-85.0,early
9000000_1767694800,train,9000000,2026-01-06 10:20:00,9000250,2026-01-06 10:30:54.989033,-69.0,-102.0,early
9000000_1767695100,train,9000000,2026-01-06 10:25:00,9000210,2026-01-06 10:36:54.989033,-33.0,-68.0,early
9000000_1767695400,train,9000000,2026-01-06 10:30:00,9000639,2026-01-06 10:41:54.989033,-133.0,-103.0,early
9000000_1767695700,train,9000000,2026-01-06 10:35:00,9000241,2026-01-06 10:46:54.989033,-141.0,-151.0,early
9000000_1767696000,train,9000000,2026-01-06 10:40:00,9000001,2026-01-06 10:50:54.989033,-65.0,-196.0,early
9000000_1767696300,train,9000000,2026-01-06 10:45:00,9000163,2026-01-06 10:55:54.989033,-77.0,-225.0,early
9000000_1767696600,train,9000000,2026-01-06 10:50:00,9000214,2026-01-06 11:00:54.989033,-209.0,-308.0,early
9000000_1767696900,train,9000000,2026-01-06 10:55:00,9000584,2026-01-06 11:09:54.989033,-212.0,32.0,ontime
9000000_1767697200,train,9000000,2026-01-06 11:00:00,9000585,2026-01-06 11:11:54.989033,-363.0,21.0,ontime
9000000_1767697500,train,9000000,2026-01-06 11:05:00,9000593,2026-01-06 11:16:54.989033,-311.0,-82.0,early
9000000_1767697800,train,9000000,2026-01-06 11:10:00,9000579,2026-01-06 11:20:54.989033,32.0,-148.0,early
9000000_1767698100,train,9000000,2026-01-06 11:15:00,9000458,2026-01-06 11:25:54.989033,-42.0,-233.0,early
9000000_1767698400,train,9000000,2026-01-06 11:20:00,9000580,2026-01-06 11:31:54.989033,-85.0,-62.0,early
9000000_1767698700,train,9000000,2026-01-06 11:25:00,9000536,2026-01-06 11:36:54.989033,-192.0,-105.0,early
9000000_1767699000,train,9000000,2026-01-06 11:30:00,9000473,2026-01-06 11:41:54.989033,-79.0,-123.0,early
9000000_1767699300,train,9000000,2026-01-06 11:35:00,9000462,2026-01-06 11:46:54.989033,-118.0,-203.0,early
9000000_1767699600,train,9000000,2026-01-06 11:40:00,9000469,2026-01-06 11:50:54.989033,-159.0,-222.0,early
9000000_1767699900,train,9000000,2026-01-06 11:45:00,9000592,2026-01-06 11:55:54.989033,-115.0,-145.0,early
9000000_1767700200,train,9000000,2026-01-06 11:50:00,9000463,2026-01-06 12:00:54.989033,-182.0,-215.0,early
9000000_1767700500,train,9000000,2026-01-06 11:55:00,9000588,2026-01-06 12:07:54.989033,-241.0,-214.0,early
9000000_1767700800,train,9000000,2026-01-06 12:00:00,9000583,2026-01-06 12:11:54.989033,-214.0,-336.0,early
9000000_1767701100,train,9000000,2026-01-06 12:05:00,9000589,2026-01-06 12:16:54.989033,-199.0,-317.0,early
9000000_1767701700,train,9000000,2026-01-06 12:15:00,9000238,2026-01-06 12:25:54.989033,-318.0,325.0,late
9000000_1767702000,train,9000000,2026-01-06 12:20:00,9000643,2026-01-06 12:30:54.989033,-297.0,423.0,late
9000000_1767702300,train,9000000,2026-01-06 12:25:00,9000266,2026-01-06 12:38:54.989033,-297.0,297.0,late
9000000_1767702600,train,9000000,2026-01-06 12:30:00,9000279,2026-01-06 12:41:54.989033,393.0,359.0,late
9000000_1767702900,train,9000000,2026-01-06 12:35:00,9000347,2026-01-06 12:45:54.989033,411.0,332.0,late
9000000_1767703200,train,9000000,2026-01-06 12:40:00,9000540,2026-01-06 12:50:54.989033,346.0,231.0,late
9000000_1767703500,train,9000000,2026-01-06 12:45:00,9000184,2026-01-06 12:55:54.989033,362.0,233.0,late
9000000_1767703800,train,9000000,2026-01-06 12:50:00,9000432,2026-01-06 13:00:54.989033,277.0,180.0,late
9000000_1767704100,train,9000000,2026-01-06 12:55:00,9000185,2026-01-06 13:05:54.989033,212.0,228.0,late
9000000_1767704400,train,9000000,2026-01-06 13:00:00,9000431,2026-01-06 13:10:54.989033,202.0,101.0,ontime
9000000_1767704700,train,9000000,2026-01-06 13:05:00,9000189,2026-01-06 13:15:54.989033,176.0,94.0,ontime
9000000_1767705000,train,9000000,2026-01-06 13:10:00,9000177,2026-01-06 13:20:54.989033,159.0,48.0,ontime
9000000_1767705300,train,9000000,2026-01-06 13:15:00,9000204,2026-01-06 13:26:54.989033,65.0,77.0,ontime
9000000_1767705600,train,9000000,2026-01-06 13:20:00,9000084,2026-01-06 13:31:54.989033,88.0,-9.0,ontime
9000000_1767705900,train,9000000,2026-01-06 13:25:00,9000445,2026-01-06 13:35:54.989033,63.0,16.0,ontime
9000000_1767706200,train,9000000,2026-01-06 13:30:00,9000446,2026-01-06 13:40:54.989033,87.0,21.0,ontime
9000000_1767706500,train,9000000,2026-01-06 13:35:00,9000447,2026-01-06 13:46:54.989033,20.0,-13.0,ontime
9000000_1767706800,train,9000000,2026-01-06 13:40:00,9000065,2026-01-06 13:51:54.989033,30.0,-12.0,ontime
9000000_1767707100,train,9000000,2026-01-06 13:45:00,9000451,2026-01-06 13:55:54.989033,3.0,8.0,ontime
9000000_1767707400,train,9000000,2026-01-06 13:50:00,9000063,2026-01-06 14:00:54.989033,-4.0,12.0,ontime
9000000_1767707700,train,9000000,2026-01-06 13:55:00,9000071,2026-01-06 14:05:54.989033,3.0,18.0,ontime
9000000_1767708000,train,9000000,2026-01-06 14:00:00,9000083,2026-01-06 14:11:54.989033,14.0,-25.0,ontime
9000000_1767708300,train,9000000,2026-01-06 14:05:00,9000078,2026-01-06 14:15:54.989033,-44.0,-18.0,ontime
9000000_1767708600,train,9000000,2026-01-06 14:10:00,9000439,2026-01-06 14:22:54.989033,1.0,-17.0,ontime
9000000_1767708900,train,9000000,2026-01-06 14:15:00,9000077,2026-01-06 14:25:54.989033,4.0,14.0,ontime
9000000_1767709200,train,9000000,2026-01-06 14:20:00,9000438,2026-01-06 14:30:54.989033,7.0,-44.0,ontime
9000000_1767709500,train,9000000,2026-01-06 14:25:00,9000066,2026-01-06 14:35:54.989033,25.0,-4.0,ontime
9000000_1767710700,train,9000000,2026-01-06 14:45:00,9000596,2026-01-06 14:59:54.989033,-38.0,-242.0,early
9000000_1767711000,train,9000000,2026-01-06 14:50:00,9000479,2026-01-06 15:01:54.989033,-38.0,-257.0,early
9000000_1767711300,train,9000000,2026-01-06 14:55:00,9000550,2026-01-06 15:06:54.989033,-38.0,-44.0,ontime
9000000_1767711600,train,9000000,2026-01-06 15:00:00,9000497,2026-01-06 15:12:54.989033,-242.0,36.0,ontime
9000000_1767711900,train,9000000,2026-01-06 15:05:00,9000652,2026-01-06 15:15:54.989033,-83.0,23.0,ontime
9000000_1767712200,train,9000000,2026-01-06 15:10:00,9000494,2026-01-06 15:20:54.989033,128.0,41.0,ontime
9000000_1767712500,train,9000000,2026-01-06 15:15:00,9000495,2026-01-06 15:25:54.989033,40.0,53.0,ontime
9000000_1767712800,train,9000000,2026-01-06 15:20:00,9000477,2026-01-06 15:32:54.989033,-40.0,105.0,ontime
9000000_1767713100,train,9000000,2026-01-06 15:25:00,9000491,2026-01-06 15:35:54.989033,33.0,141.0,late
9000000_1767713400,train,9000000,2026-01-06 15:30:00,9000601,2026-01-06 15:40:54.989033,84.0,137.0,late
9000000_1767713700,train,9000000,2026-01-06 15:35:00,9000485,2026-01-06 15:46:54.989033,132.0,49.0,ontime
9000000_1767714000,train,9000000,2026-01-06 15:40:00,9000487,2026-01-06 15:51:54.989033,148.0,85.0,ontime
9000000_1767714300,train,9000000,2026-01-06 15:45:00,9000482,2026-01-06 15:55:54.989033,56.0,-29.0,ontime
9000000_1767714600,train,9000000,2026-01-06 15:50:00,9000644,2026-01-06 16:00:54.989033,74.0,54.0,ontime
9000000_1767714900,train,9000000,2026-01-06 15:55:00,9000320,2026-01-06 16:05:54.989033,-1.0,-23.0,ontime
9000000_1767715200,train,9000000,2026-01-06 16:00:00,9000093,2026-01-06 16:10:54.989033,66.0,-2.0,ontime
9000000_1767715500,train,9000000,2026-01-06 16:05:00,9000092,2026-01-06 16:16:54.989033,90.0,46.0,ontime
9000000_1767715800,train,9000000,2026-01-06 16:10:00,9000317,2026-01-06 16:20:54.989033,-15.0,-3.0,ontime
9000000_1767716100,train,9000000,2026-01-06 16:15:00,9000094,2026-01-06 16:25:54.989033,23.0,-23.0,ontime
9000000_1767716400,train,9000000,2026-01-06 16:20:00,9000087,2026-01-06 16:32:54.989033,-29.0,2.0,ontime
9000000_1767716700,train,9000000,2026-01-06 16:25:00,9000331,2026-01-06 16:35:54.989033,-8.0,-11.0,ontime
9000000_1767717000,train,9000000,2026-01-06 16:30:00,9000325,2026-01-06 16:42:54.989033,11.0,15.0,ontime
9000000_1767717300,train,9000000,2026-01-06 16:35:00,9000311,2026-01-06 16:45:54.989033,24.0,-15.0,ontime
9000000_1767717600,train,9000000,2026-01-06 16:40:00,9000310,2026-01-06 16:51:54.989033,-5.0,-26.0,ontime
9000000_1767717900,train,9000000,2026-01-06 16:45:00,9000316,2026-01-06 16:56:54.989033,0.0,-9.0,ontime
9000000_1767718200,train,9000000,2026-01-06 16:50:00,9000088,2026-01-06 17:00:54.989033,-21.0,1.0,ontime
9000000_1767718500,train,9000000,2026-01-06 16:55:00,9000158,2026-01-06 17:07:54.989033,9.0,12.0,ontime
9000000_1767718800,train,9000000,2026-01-06 17:00:00,9000314,2026-01-06 17:10:54.989033,26.0,23.0,ontime
9000000_1767721200,train,9000000,2026-01-06 17:40:00,9000103,2026-01-06 17:52:54.989033,-11.0,-331.0,early
9000000_1767721500,train,9000000,2026-01-06 17:45:00,9000107,2026-01-06 17:55:54.989033,-11.0,-309.0,early
9000000_1767721800,train,9000000,2026-01-06 17:50:00,9000105,2026-01-06 18:00:54.989033,-11.0,-52.0,ontime
9000000_1767722100,train,9000000,2026-01-06 17:55:00,9000607,2026-01-06 18:05:54.989033,-319.0,-40.0,ontime
9000000_1767722400,train,9000000,2026-01-06 18:00:00,9000503,2026-01-06 18:10:54.989033,-72.0,-60.0,ontime
9000000_1767722700,train,9000000,2026-01-06 18:05:00,9000504,2026-01-06 18:15:54.989033,63.0,-154.0,early
9000000_1767723000,train,9000000,2026-01-06 18:10:00,9000611,2026-01-06 18:21:54.989033,-14.0,-216.0,early
9000000_1767723300,train,9000000,2026-01-06 18:15:00,9000501,2026-01-06 18:25:54.989033,-63.0,-141.0,early
9000000_1767723600,train,9000000,2026-01-06 18:20:00,9000615,2026-01-06 18:31:54.989033,-147.0,-173.0,early
9000000_1767723900,train,9000000,2026-01-06 18:25:00,9000508,2026-01-06 18:36:54.989033,-150.0,-61.0,early
9000000_1767724200,train,9000000,2026-01-06 18:30:00,9000608,2026-01-06 18:40:54.989033,-187.0,-50.0,ontime
9000000_1767724500,train,9000000,2026-01-06 18:35:00,9000603,2026-01-06 18:45:54.989033,-101.0,15.0,ontime
9000000_1767724800,train,9000000,2026-01-06 18:40:00,9000275,2026-01-06 18:50:54.989033,-95.0,95.0,ontime
9000000_1767725100,train,9000000,2026-01-06 18:45:00,9000255,2026-01-06 18:55:54.989033,-45.0,76.0,ontime
9000000_1767725400,train,9000000,2026-01-06 18:50:00,9000259,2026-01-06 19:00:54.989033,122.0,-9.0,ontime
9000000_1767725700,train,9000000,2026-01-06 18:55:00,9000253,2026-01-06 19:05:54.989033,91.0,124.0,late
9000000_1767726000,train,9000000,2026-01-06 19:00:00,9000348,2026-01-06 19:11:54.989033,-2.0,308.0,late
9000000_1767726300,train,9000000,2026-01-06 19:05:00,9000370,2026-01-06 19:15:54.989033,129.0,246.0,late
9000000_1767726600,train,9000000,2026-01-06 19:10:00,9000112,2026-01-06 19:20:54.989033,165.0,331.0,late
9000000_1767726900,train,9000000,2026-01-06 19:15:00,9000380,2026-01-06 19:25:54.989033,238.0,374.0,late
9000000_1767727200,train,9000000,2026-01-06 19:20:00,9000167,2026-01-06 19:30:54.989033,275.0,407.0,late
9000000_1767727500,train,9000000,2026-01-06 19:25:00,9000057,2026-01-06 19:35:54.989033,410.0,497.0,late
9000000_1767727800,train,9000000,2026-01-06 19:30:00,9000164,2026-01-06 19:41:54.989033,394.0,617.0,late
9000000_1767728400,train,9000000,2026-01-06 19:40:00,9000631,2026-01-06 19:52:54.989033,602.0,-47.0,ontime
9000000_1767729900,train,9000000,2026-01-06 20:05:00,9000626,2026-01-06 20:18:54.989033,-47.0,-330.0,early
9000000_1767730200,train,9000000,2026-01-06 20:10:00,9000630,2026-01-06 20:20:54.989033,-47.0,-311.0,early
9000000_1767730500,train,9000000,2026-01-06 20:15:00,9000628,2026-01-06 20:25:54.989033,-47.0,-34.0,ontime
9000000_1767730800,train,9000000,2026-01-06 20:20:00,9000634,2026-01-06 20:30:54.989033,-330.0,106.0,ontime
9000000_1767731100,train,9000000,2026-01-06 20:25:00,9000239,2026-01-06 20:35:54.989033,-123.0,109.0,ontime
9000000_1767731400,train,9000000,2026-01-06 20:30:00,9000520,2026-01-06 20:40:54.989033,54.0,88.0,ontime
9000000_1767731700,train,9000000,2026-01-06 20:35:00,9000524,2026-01-06 20:45:54.989033,58.0,45.0,ontime
9000000_1767732000,train,9000000,2026-01-06 20:40:00,9000637,2026-01-06 20:50:54.989033,95.0,18.0,ontime
9000000_1767732300,train,9000000,2026-01-06 20:45:00,9000620,2026-01-06 20:56:54.989033,87.0,46.0,ontime
9000000_1767732600,train,9000000,2026-01-06 20:50:00,9000622,2026-01-06 21:00:54.989033,36.0,17.0,ontime
9000000_1767732900,train,9000000,2026-01-06 20:55:00,9000533,2026-01-06 21:05:54.989033,12.0,21.0,ontime
9000000_1767733200,train,9000000,2026-01-06 21:00:00,9000128,2026-01-06 21:10:54.989033,49.0,7.0,ontime
9000000_1767733500,train,9000000,2026-01-06 21:05:00,9000130,2026-01-06 21:15:54.989033,64.0,14.0,ontime
9000000_1767733800,train,9000000,2026-01-06 21:10:00,9000126,2026-01-06 21:20:54.989033,-4.0,4.0,ontime
9000000_1767734100,train,9000000,2026-01-06 21:15:00,9000129,2026-01-06 21:25:54.989033,5.0,-17.0,ontime
9000000_1767734400,train,9000000,2026-01-06 21:20:00,9000139,2026-01-06 21:31:54.989033,-13.0,-9.0,ontime
9000000_1767734700,train,9000000,2026-01-06 21:25:00,9000115,2026-01-06 21:36:54.989033,-10.0,30.0,ontime
9000000_1767735000,train,9000000,2026-01-06 21:30:00,9000138,2026-01-06 21:40:54.989033,5.0,18.0,ontime
9000000_1767735300,train,9000000,2026-01-06 21:35:00,9000150,2026-01-06 21:47:54.989033,15.0,-5.0,ontime
9000000_1767735600,train,9000000,2026-01-06 21:40:00,9000119,2026-01-06 21:50:54.989033,-5.0,-33.0,ontime
9000000_1767735900,train,9000000,2026-01-06 21:45:00,9000120,2026-01-06 21:55:54.989033,45.0,1.0,ontime
9000000_1767736200,train,9000000,2026-01-06 21:50:00,9000137,2026-01-06 22:00:54.989033,28.0,-23.0,ontime
9000001_1767665400,train,9000001,2026-01-06 02:10:00,9100456,2026-01-06 02:23:06.862763,0.0,31.0,ontime
9000001_1767665700,train,9000001,2026-01-06 02:15:00,9100024,2026-01-06 02:25:06.862763,0.0,-12.0,ontime
9000001_1767666000,train,9000001,2026-01-06 02:20:00,9100031,2026-01-06 02:30:06.862763,0.0,-16.0,ontime
9000001_1767666300,train,9000001,2026-01-06 02:25:00,9100035,2026-01-06 02:36:06.862763,19.0,-24.0,ontime
9000001_1767666600,train,9000001,2026-01-06 02:30:00,9100563,2026-01-06 02:40:06.862763,-8.0,31.0,ontime
9000001_1767666900,train,9000001,2026-01-06 02:35:00,9100650,2026-01-06 02:45:06.862763,20.0,-28.0,ontime
9000001_1767667200,train,9000001,2026-01-06 02:40:00,9100660,2026-01-06 02:50:06.862763,8.0,0.0,ontime
9000001_1767667500,train,9000001,2026-01-06 02:45:00,9100662,2026-01-06 02:55:06.862763,19.0,-31.0,ontime
9000001_1767667800,train,9000001,2026-01-06 02:50:00,9100040,2026-01-06 03:00:06.862763,7.0,25.0,ontime
9000001_1767668100,train,9000001,2026-01-06 02:55:00,9100049,2026-01-06 03:05:06.862763,0.0,4.0,ontime
9000001_1767668400,train,9000001,2026-01-06 03:00:00,9100051,2026-01-06 03:10:06.862763,-26.0,5.0,ontime
9000001_1767668700,train,9000001,2026-01-06 03:05:00,9100419,2026-01-06 03:17:06.862763,-33.0,-15.0,ontime
9000001_1767669000,train,9000001,2026-01-06 03:10:00,9100402,2026-01-06 03:20:06.862763,1.0,9.0,ontime
9000001_1767669300,train,9000001,2026-01-06 03:15:00,9100396,2026-01-06 03:26:06.862763,-4.0,-23.0,ontime
9000001_1767669600,train,9000001,2026-01-06 03:20:00,9100423,2026-01-06 03:30:06.862763,11.0,17.0,ontime
9000001_1767669900,train,9000001,2026-01-06 03:25:00,9100416,2026-01-06 03:35:06.862763,-7.0,0.0,ontime
9000001_1767670200,train,9000001,2026-01-06 03:30:00,9100390,2026-01-06 03:40:06.862763,20.0,-41.0,ontime
9000001_1767670500,train,9000001,2026-01-06 03:35:00,9100393,2026-01-06 03:45:06.862763,-11.0,29.0,ontime
9000001_1767670800,train,9000001,2026-01-06 03:40:00,9100392,2026-01-06 03:50:06.862763,-20.0,-5.0,ontime
9000001_1767671100,train,9000001,2026-01-06 03:45:00,9100385,2026-01-06 03:56:06.862763,-2.0,-33.0,ontime
9000001_1767671400,train,9000001,2026-01-06 03:50:00,9100399,2026-01-06 04:01:06.862763,-14.0,52.0,ontime
9000001_1767671700,train,9000001,2026-01-06 03:55:00,9100412,2026-01-06 04:06:06.862763,17.0,-22.0,ontime
9000001_1767672000,train,9000001,2026-01-06 04:00:00,9100372,2026-01-06 04:10:06.862763,-5.0,18.0,ontime
9000001_1767672600,train,9000001,2026-01-06 04:10:00,9100020,2026-01-06 04:20:06.862763,11.0,109.0,ontime
9000001_1767672900,train,9000001,2026-01-06 04:15:00,9100022,2026-01-06 04:25:06.862763,18.0,136.0,late
9000001_1767673200,train,9000001,2026-01-06 04:20:00,9100282,2026-01-06 04:32:06.862763,18.0,33.0,ontime
9000001_1767673500,train,9000001,2026-01-06 04:25:00,9100371,2026-01-06 04:35:06.862763,140.0,70.0,ontime
9000001_1767673800,train,9000001,2026-01-06 04:30:00,9100568,2026-01-06 04:40:06.862763,207.0,11.0,ontime
9000001_1767674100,train,9000001,2026-01-06 04:35:00,9100552,2026-01-06 04:45:06.862763,96.0,-76.0,early
9000001_1767674400,train,9000001,2026-01-06 04:40:00,9100173,2026-01-06 04:51:06.862763,-13.0,-22.0,ontime
9000001_1767674700,train,9000001,2026-01-06 04:45:00,9100303,2026-01-06 04:56:06.862763,-41.0,-19.0,ontime
9000001_1767675000,train,9000001,2026-01-06 04:50:00,9100180,2026-01-06 05:00:06.862763,-105.0,-2.0,ontime
9000001_1767675300,train,9000001,2026-01-06 04:55:00,9100301,2026-01-06 05:06:06.862763,14.0,-44.0,ontime
9000001_1767675600,train,9000001,2026-01-06 05:00:00,9100172,2026-01-06 05:11:06.862763,-10.0,-59.0,ontime
9000001_1767675900,train,9000001,2026-01-06 05:05:00,9100376,2026-01-06 05:15:06.862763,-5.0,-27.0,ontime
9000001_1767676200,train,9000001,2026-01-06 05:10:00,9100011,2026-01-06 05:22:06.862763,-35.0,29.0,ontime
9000001_1767676500,train,9000001,2026-01-06 05:15:00,9100015,2026-01-06 05:25:06.862763,42.0,33.0,ontime
9000001_1767676800,train,9000001,2026-01-06 05:20:00,9100016,2026-01-06 05:31:06.862763,-40.0,-83.0,early
9000001_1767677100,train,9000001,2026-01-06 05:25:00,9100004,2026-01-06 05:35:06.862763,22.0,-203.0,early
9000001_1767677400,train,9000001,2026-01-06 05:30:00,9100010,2026-01-06 05:40:06.862763,-61.0,-87.0,early
9000001_1767677700,train,9000001,2026-01-06 05:35:00,9100161,2026-01-06 05:47:06.862763,-141.0,12.0,ontime
9000001_1767678000,train,9000001,2026-01-06 05:40:00,9100377,2026-01-06 05:50:06.862763,-99.0,5.0,ontime
9000001_1767678300,train,9000001,2026-01-06 05:45:00,9100573,2026-01-06 05:55:06.862763,-2.0,68.0,ontime
9000001_1767678600,train,9000001,2026-01-06 05:50:00,9100227,2026-01-06 06:00:06.862763,5.0,116.0,ontime
9000001_1767678900,train,9000001,2026-01-06 05:55:00,9100543,2026-01-06 06:08:06.862763,41.0,149.0,late
9000001_1767679200,train,9000001,2026-01-06 06:00:00,9100270,2026-01-06 06:11:06.862763,133.0,163.0,late
9000001_1767679500,train,9000001,2026-01-06 06:05:00,9100556,2026-01-06 06:15:06.862763,173.0,107.0,ontime
9000001_1767679800,train,9000001,2026-01-06 06:10:00,9100002,2026-01-06 06:20:06.862763,74.0,58.0,ontime
9000001_1767683100,train,9000001,2026-01-06 07:05:00,9100291,2026-01-06 07:16:06.862763,33.0,536.0,late
9000001_1767683400,train,9000001,2026-01-06 07:10:00,9100200,2026-01-06 07:20:06.862763,33.0,587.0,late
9000001_1767683700,train,9000001,2026-01-06 07:15:00,9100305,2026-01-06 07:25:06.862763,33.0,554.0,late
9000001_1767684000,train,9000001,2026-01-06 07:20:00,9100222,2026-01-06 07:31:06.862763,543.0,415.0,late
9000001_1767684300,train,9000001,2026-01-06 07:25:00,9100252,2026-01-06 07:35:06.862763,581.0,481.0,late
9000001_1767684600,train,9000001,2026-01-06 07:30:00,9100566,2026-01-06 07:40:06.862763,452.0,405.0,late
9000001_1767684900,train,9000001,2026-01-06 07:35:00,9100574,2026-01-06 07:47:06.862763,408.0,322.0,late
9000001_1767685200,train,9000001,2026-01-06 07:40:00,9100307,2026-01-06 07:50:06.862763,412.0,248.0,late
9000001_1767685500,train,9000001,2026-01-06 07:45:00,9100557,2026-01-06 07:55:06.862763,346.0,165.0,late
9000001_1767685800,train,9000001,2026-01-06 07:50:00,9100564,2026-01-06 08:00:06.862763,304.0,110.0,ontime
9000001_1767686100,train,9000001,2026-01-06 07:55:00,9100216,2026-01-06 08:07:06.862763,133.0,-49.0,ontime
9000001_1767686400,train,9000001,2026-01-06 08:00:00,9100336,2026-01-06 08:10:06.862763,165.0,26.0,ontime
9000001_1767686700,train,9000001,2026-01-06 08:05:00,9100229,2026-01-06 08:18:06.862763,39.0,-18.0,ontime
9000001_1767687000,train,9000001,2026-01-06 08:10:00,9100555,2026-01-06 08:20:06.862763,-50.0,148.0,late
9000001_1767687300,train,9000001,2026-01-06 08:15:00,9100208,2026-01-06 08:25:06.862763,-18.0,174.0,late
9000001_1767687600,train,9000001,2026-01-06 08:20:00,9100365,2026-01-06 08:31:06.862763,160.0,83.0,ontime
9000001_1767687900,train,9000001,2026-01-06 08:25:00,9100453,2026-01-06 08:36:06.862763,172.0,149.0,late
9000001_1767688200,train,9000001,2026-01-06 08:30:00,9100234,2026-01-06 08:40:06.862763,129.0,60.0,ontime
9000001_1767688500,train,9000001,2026-01-06 08:35:00,9100023,2026-01-06 08:45:06.862763,88.0,19.0,ontime
9000001_1767688800,train,9000001,2026-01-06 08:40:00,9100221,2026-01-06 08:51:06.862763,84.0,64.0,ontime
9000001_1767689100,train,9000001,2026-01-06 08:45:00,9100265,2026-01-06 08:55:06.862763,87.0,78.0,ontime
9000001_1767689400,train,9000001,2026-01-06 08:50:00,9100215,2026-01-06 09:00:06.862763,68.0,98.0,ontime
9000001_1767689700,train,9000001,2026-01-06 08:55:00,9100245,2026-01-06 09:05:06.862763,77.0,175.0,late
9000001_1767690000,train,9000001,2026-01-06 09:00:00,9100335,2026-01-06 09:11:06.862763,66.0,-13.0,ontime
9000001_1767690300,train,9000001,2026-01-06 09:05:00,9100374,2026-01-06 09:15:06.862763,124.0,-43.0,ontime
9000001_1767690600,train,9000001,2026-01-06 09:10:00,9100240,2026-01-06 09:20:06.862763,119.0,62.0,ontime
9000001_1767691800,train,9000001,2026-01-06 09:30:00,9100293,2026-01-06 09:43:06.862763,27.0,179.0,late
9000001_1767692100,train,9000001,2026-01-06 09:35:00,9100298,2026-01-06 09:45:06.862763,27.0,254.0,late
9000001_1767692400,train,9000001,2026-01-06 09:40:00,9100299,2026-01-06 09:50:06.862763,27.0,87.0,ontime
9000001_1767692700,train,9000001,2026-01-06 09:45:00,9100308,2026-01-06 09:56:06.862763,179.0,-130.0,early
9000001_1767693000,train,9000001,2026-01-06 09:50:00,9100364,2026-01-06 10:01:06.862763,146.0,-81.0,early
9000001_1767693300,train,9000001,2026-01-06 09:55:00,9100171,2026-01-06 10:06:06.862763,67.0,-101.0,early
9000001_1767693600,train,9000001,2026-01-06 10:00:00,9100250,2026-01-06 10:10:06.862763,-88.0,-116.0,early
9000001_1767693900,train,9000001,2026-01-06 10:05:00,9100210,2026-01-06 10:16:06.862763,-61.0,-65.0,early
9000001_1767694200,train,9000001,2026-01-06 10:10:00,9100639,2026-01-06 10:21:06.862763,-135.0,-76.0,early
9000001_1767694500,train,9000001,2026-01-06 10:15:00,9100241,2026-01-06 10:26:06.862763,-109.0,-144.0,early
9000001_1767694800,train,9000001,2026-01-06 10:20:00,9100001,2026-01-06 10:30:06.862763,-37.0,-164.0,early
9000001_1767695100,train,9000001,2026-01-06 10:25:00,9100163,2026-01-06 10:35:06.862763,-87.0,-260.0,early
9000001_1767695400,train,9000001,2026-01-06 10:30:00,9100214,2026-01-06 10:40:06.862763,-198.0,-298.0,early
9000001_1767695700,train,9000001,2026-01-06 10:35:00,9100584,2026-01-06 10:49:06.862763,-234.0,98.0,ontime
9000001_1767696000,train,9000001,2026-01-06 10:40:00,9100585,2026-01-06 10:51:06.862763,-404.0,10.0,ontime
9000001_1767696300,train,9000001,2026-01-06 10:45:00,9100593,2026-01-06 10:56:06.862763,-339.0,-94.0,early
9000001_1767696600,train,9000001,2026-01-06 10:50:00,9100579,2026-01-06 11:00:06.862763,98.0,-158.0,early
9000001_1767696900,train,9000001,2026-01-06 10:55:00,9100458,2026-01-06 11:05:06.862763,-19.0,-232.0,early
9000001_1767697200,train,9000001,2026-01-06 11:00:00,9100580,2026-01-06 11:11:06.862763,-82.0,-102.0,early
9000001_1767697500,train,9000001,2026-01-06 11:05:00,9100536,2026-01-06 11:16:06.862763,-204.0,-99.0,early
9000001_1767697800,train,9000001,2026-01-06 11:10:00,9100473,2026-01-06 11:21:06.862763,-55.0,-113.0,early
9000001_1767698100,train,9000001,2026-01-06 11:15:00,9100462,2026-01-06 11:26:06.862763,-61.0,-206.0,early
9000001_1767698400,train,9000001,2026-01-06 11:20:00,9100469,2026-01-06 11:30:06.862763,-102.0,-183.0,early
9000001_1767698700,train,9000001,2026-01-06 11:25:00,9100592,2026-01-06 11:35:06.862763,-83.0,-189.0,early
9000001_1767699000,train,9000001,2026-01-06 11:30:00,9100463,2026-01-06 11:40:06.862763,-159.0,-172.0,early
9000001_1767699300,train,9000001,2026-01-06 11:35:00,9100588,2026-01-06 11:47:06.862763,-163.0,-264.0,early
9000001_1767699600,train,9000001,2026-01-06 11:40:00,9100583,2026-01-06 11:51:06.862763,-189.0,-318.0,early
9000001_1767699900,train,9000001,2026-01-06 11:45:00,9100589,2026-01-06 11:56:06.862763,-189.0,-339.0,early
9000001_1767700500,train,9000001,2026-01-06 11:55:00,9100238,2026-01-06 12:05:06.862763,-276.0,300.0,late
9000001_1767700800,train,9000001,2026-01-06 12:00:00,9100643,2026-01-06 12:10:06.862763,-325.0,449.0,late
9000001_1767701100,train,9000001,2026-01-06 12:05:00,9100266,2026-01-06 12:18:06.862763,-325.0,335.0,late
9000001_1767701400,train,9000001,2026-01-06 12:10:00,9100279,2026-01-06 12:21:06.862763,438.0,367.0,late
9000001_1767701700,train,9000001,2026-01-06 12:15:00,9100347,2026-01-06 12:25:06.862763,428.0,297.0,late
9000001_1767702000,train,9000001,2026-01-06 12:20:00,9100540,2026-01-06 12:30:06.862763,380.0,232.0,late
9000001_1767702300,train,9000001,2026-01-06 12:25:00,9100184,2026-01-06 12:35:06.862763,317.0,229.0,late
9000001_1767702600,train,9000001,2026-01-06 12:30:00,9100432,2026-01-06 12:40:06.862763,315.0,160.0,late
9000001_1767702900,train,9000001,2026-01-06 12:35:00,9100185,2026-01-06 12:45:06.862763,208.0,240.0,late
9000001_1767703200,train,9000001,2026-01-06 12:40:00,9100431,2026-01-06 12:50:06.862763,177.0,95.0,ontime
9000001_1767703500,train,9000001,2026-01-06 12:45:00,9100189,2026-01-06 12:55:06.862763,143.0,112.0,ontime
9000001_1767703800,train,9000001,2026-01-06 12:50:00,9100177,2026-01-06 13:00:06.862763,116.0,101.0,ontime
9000001_1767704100,train,9000001,2026-01-06 12:55:00,9100204,2026-01-06 13:06:06.862763,120.0,80.0,ontime
9000001_1767704400,train,9000001,2026-01-06 13:00:00,9100084,2026-01-06 13:11:06.862763,90.0,-33.0,ontime
9000001_1767704700,train,9000001,2026-01-06 13:05:00,9100445,2026-01-06 13:15:06.862763,77.0,37.0,ontime
9000001_1767705000,train,9000001,2026-01-06 13:10:00,9100446,2026-01-06 13:20:06.862763,98.0,15.0,ontime
9000001_1767705300,train,9000001,2026-01-06 13:15:00,9100447,2026-01-06 13:26:06.862763,7.0,-1.0,ontime
9000001_1767705600,train,9000001,2026-01-06 13:20:00,9100065,2026-01-06 13:31:06.862763,-15.0,-11.0,ontime
9000001_1767705900,train,9000001,2026-01-06 13:25:00,9100451,2026-01-06 13:35:06.862763,10.0,17.0,ontime
9000001_1767706200,train,9000001,2026-01-06 13:30:00,9100063,2026-01-06 13:40:06.862763,16.0,24.0,ontime
9000001_1767706500,train,9000001,2026-01-06 13:35:00,9100071,2026-01-06 13:45:06.862763,-21.0,-7.0,ontime
9000001_1767706800,train,9000001,2026-01-06 13:40:00,9100083,2026-01-06 13:51:06.862763,-13.0,23.0,ontime
9000001_1767707100,train,9000001,2026-01-06 13:45:00,9100078,2026-01-06 13:55:06.862763,12.0,21.0,ontime
9000001_1767707400,train,9000001,2026-01-06 13:50:00,9100439,2026-01-06 14:02:06.862763,-17.0,-14.0,ontime
9000001_1767707700,train,9000001,2026-01-06 13:55:00,9100077,2026-01-06 14:05:06.862763,23.0,3.0,ontime
9000001_1767708000,train,9000001,2026-01-06 14:00:00,9100438,2026-01-06 14:10:06.862763,-15.0,-6.0,ontime
9000001_1767708300,train,9000001,2026-01-06 14:05:00,9100066,2026-01-06 14:15:06.862763,-31.0,-34.0,ontime
9000001_1767709500,train,9000001,2026-01-06 14:25:00,9100596,2026-01-06 14:39:06.862763,27.0,-256.0,early
9000001_1767709800,train,9000001,2026-01-06 14:30:00,9100479,2026-01-06 14:41:06.862763,27.0,-257.0,early
9000001_1767710100,train,9000001,2026-01-06 14:35:00,9100550,2026-01-06 14:46:06.862763,27.0,-92.0,early
9000001_1767710400,train,9000001,2026-01-06 14:40:00,9100497,2026-01-06 14:52:06.862763,-256.0,-38.0,ontime
9000001_1767710700,train,9000001,2026-01-06 14:45:00,9100652,2026-01-06 14:55:06.862763,-48.0,23.0,ontime
9000001_1767711000,train,9000001,2026-01-06 14:50:00,9100494,2026-01-06 15:00:06.862763,147.0,-10.0,ontime
9000001_1767711300,train,9000001,2026-01-06 14:55:00,9100495,2026-01-06 15:05:06.862763,6.0,103.0,ontime
9000001_1767711600,train,9000001,2026-01-06 15:00:00,9100477,2026-01-06 15:12:06.862763,-4.0,121.0,late
9000001_1767711900,train,9000001,2026-01-06 15:05:00,9100491,2026-01-06 15:15:06.862763,51.0,132.0,late
9000001_1767712200,train,9000001,2026-01-06 15:10:00,9100601,2026-01-06 15:20:06.862763,50.0,133.0,late
9000001_1767712500,train,9000001,2026-01-06 15:15:00,9100485,2026-01-06 15:26:06.862763,129.0,54.0,ontime
9000001_1767712800,train,9000001,2026-01-06 15:20:00,9100487,2026-01-06 15:31:06.862763,166.0,47.0,ontime
9000001_1767713100,train,9000001,2026-01-06 15:25:00,9100482,2026-01-06 15:35:06.862763,36.0,-3.0,ontime
9000001_1767713400,train,9000001,2026-01-06 15:30:00,9100644,2026-01-06 15:40:06.862763,64.0,51.0,ontime
9000001_1767713700,train,9000001,2026-01-06 15:35:00,9100320,2026-01-06 15:45:06.862763,14.0,-8.0,ontime
9000001_1767714000,train,9000001,2026-01-06 15:40:00,9100093,2026-01-06 15:50:06.862763,97.0,-24.0,ontime
9000001_1767714300,train,9000001,2026-01-06 15:45:00,9100092,2026-01-06 15:56:06.862763,65.0,-31.0,ontime
9000001_1767714600,train,9000001,2026-01-06 15:50:00,9100317,2026-01-06 16:00:06.862763,-34.0,1.0,ontime
9000001_1767714900,train,9000001,2026-01-06 15:55:00,9100094,2026-01-06 16:05:06.862763,-8.0,6.0,ontime
9000001_1767715200,train,9000001,2026-01-06 16:00:00,9100087,2026-01-06 16:12:06.862763,2.0,-15.0,ontime
9000001_1767715500,train,9000001,2026-01-06 16:05:00,9100331,2026-01-06 16:15:06.862763,24.0,20.0,ontime
9000001_1767715800,train,9000001,2026-01-06 16:10:00,9100325,2026-01-06 16:22:06.862763,-3.0,5.0,ontime
9000001_1767716100,train,9000001,2026-01-06 16:15:00,9100311,2026-01-06 16:25:06.862763,-16.0,-20.0,ontime
9000001_1767716400,train,9000001,2026-01-06 16:20:00,9100310,2026-01-06 16:31:06.862763,26.0,49.0,ontime
9000001_1767716700,train,9000001,2026-01-06 16:25:00,9100316,2026-01-06 16:36:06.862763,1.0,15.0,ontime
9000001_1767717000,train,9000001,2026-01-06 16:30:00,9100088,2026-01-06 16:40:06.862763,34.0,-3.0,ontime
9000001_1767717300,train,9000001,2026-01-06 16:35:00,9100158,2026-01-06 16:47:06.862763,30.0,14.0,ontime
9000001_1767717600,train,9000001,2026-01-06 16:40:00,9100314,2026-01-06 16:50:06.862763,-36.0,13.0,ontime
9000001_1767720000,train,9000001,2026-01-06 17:20:00,9100103,2026-01-06 17:32:06.862763,25.0,-372.0,early
9000001_1767720300,train,9000001,2026-01-06 17:25:00,9100107,2026-01-06 17:35:06.862763,25.0,-322.0,early
9000001_1767720600,train,9000001,2026-01-06 17:30:00,9100105,2026-01-06 17:40:06.862763,25.0,19.0,ontime
9000001_1767720900,train,9000001,2026-01-06 17:35:00,9100607,2026-01-06 17:45:06.862763,-344.0,-12.0,ontime
9000001_1767721200,train,9000001,2026-01-06 17:40:00,9100503,2026-01-06 17:50:06.862763,-100.0,-52.0,ontime
9000001_1767721500,train,9000001,2026-01-06 17:45:00,9100504,2026-01-06 17:55:06.862763,74.0,-176.0,early
9000001_1767721800,train,9000001,2026-01-06 17:50:00,9100611,2026-01-06 18:01:06.862763,-34.0,-182.0,early
9000001_1767722100,train,9000001,2026-01-06 17:55:00,9100501,2026-01-06 18:05:06.862763,-82.0,-177.0,early
9000001_1767722400,train,9000001,2026-01-06 18:00:00,9100615,2026-01-06 18:11:06.862763,-167.0,-207.0,early
9000001_1767722700,train,9000001,2026-01-06 18:05:00,9100508,2026-01-06 18:16:06.862763,-167.0,-96.0,early
9000001_1767723000,train,9000001,2026-01-06 18:10:00,9100608,2026-01-06 18:20:06.862763,-194.0,-71.0,early
9000001_1767723300,train,9000001,2026-01-06 18:15:00,9100603,2026-01-06 18:25:06.862763,-118.0,31.0,ontime
9000001_1767723600,train,9000001,2026-01-06 18:20:00,9100275,2026-01-06 18:30:06.862763,-115.0,86.0,ontime
9000001_1767723900,train,9000001,2026-01-06 18:25:00,9100255,2026-01-06 18:35:06.862763,-74.0,42.0,ontime
9000001_1767724200,train,9000001,2026-01-06 18:30:00,9100259,2026-01-06 18:40:06.862763,106.0,23.0,ontime
9000001_1767724500,train,9000001,2026-01-06 18:35:00,9100253,2026-01-06 18:45:06.862763,81.0,123.0,late
9000001_1767724800,train,9000001,2026-01-06 18:40:00,9100348,2026-01-06 18:51:06.862763,47.0,297.0,late
9000001_1767725100,train,9000001,2026-01-06 18:45:00,9100370,2026-01-06 18:55:06.862763,133.0,292.0,late
9000001_1767725400,train,9000001,2026-01-06 18:50:00,9100112,2026-01-06 19:00:06.862763,141.0,360.0,late
9000001_1767725700,train,9000001,2026-01-06 18:55:00,9100380,2026-01-06 19:05:06.862763,224.0,382.0,late
9000001_1767726000,train,9000001,2026-01-06 19:00:00,9100167,2026-01-06 19:10:06.862763,244.0,447.0,late
9000001_1767726300,train,9000001,2026-01-06 19:05:00,9100057,2026-01-06 19:15:06.862763,402.0,493.0,late
9000001_1767726600,train,9000001,2026-01-06 19:10:00,9100164,2026-01-06 19:21:06.862763,407.0,590.0,late
9000001_1767727200,train,9000001,2026-01-06 19:20:00,9100631,2026-01-06 19:32:06.862763,581.0,-58.0,ontime
9000001_1767728700,train,9000001,2026-01-06 19:45:00,9100626,2026-01-06 19:58:06.862763,-58.0,-329.0,early
9000001_1767729000,train,9000001,2026-01-06 19:50:00,9100630,2026-01-06 20:00:06.862763,-58.0,-336.0,early
9000001_1767729300,train,9000001,2026-01-06 19:55:00,9100628,2026-01-06 20:05:06.862763,-58.0,-72.0,early
9000001_1767729600,train,9000001,2026-01-06 20:00:00,9100634,2026-01-06 20:10:06.862763,-329.0,80.0,ontime
9000001_1767729900,train,9000001,2026-01-06 20:05:00,9100239,2026-01-06 20:15:06.862763,-136.0,113.0,ontime
9000001_1767730200,train,9000001,2026-01-06 20:10:00,9100520,2026-01-06 20:20:06.862763,94.0,95.0,ontime
9000001_1767730500,train,9000001,2026-01-06 20:15:00,9100524,2026-01-06 20:25:06.862763,40.0,83.0,ontime
9000001_1767730800,train,9000001,2026-01-06 20:20:00,9100637,2026-01-06 20:30:06.862763,97.0,30.0,ontime
9000001_1767731100,train,9000001,2026-01-06 20:25:00,9100620,2026-01-06 20:36:06.862763,67.0,26.0,ontime
9000001_1767731400,train,9000001,2026-01-06 20:30:00,9100622,2026-01-06 20:40:06.862763,34.0,53.0,ontime
9000001_1767731700,train,9000001,2026-01-06 20:35:00,9100533,2026-01-06 20:45:06.862763,50.0,15.0,ontime
9000001_1767732000,train,9000001,2026-01-06 20:40:00,9100128,2026-01-06 20:50:06.862763,5.0,-16.0,ontime
9000001_1767732300,train,9000001,2026-01-06 20:45:00,9100130,2026-01-06 20:55:06.862763,47.0,14.0,ontime
9000001_1767732600,train,9000001,2026-01-06 20:50:00,9100126,2026-01-06 21:00:06.862763,23.0,0.0,ontime
9000001_1767732900,train,9000001,2026-01-06 20:55:00,9100129,2026-01-06 21:05:06.862763,-12.0,1.0,ontime
9000001_1767733200,train,9000001,2026-01-06 21:00:00,9100139,2026-01-06 21:11:06.862763,-27.0,19.0,ontime
9000001_1767733500,train,9000001,2026-01-06 21:05:00,9100115,2026-01-06 21:16:06.862763,-36.0,26.0,ontime
9000001_1767733800,train,9000001,2026-01-06 21:10:00,9100138,2026-01-06 21:20:06.862763,19.0,20.0,ontime
9000001_1767734100,train,9000001,2026-01-06 21:15:00,9100150,2026-01-06 21:27:06.862763,-21.0,14.0,ontime
9000001_1767734400,train,9000001,2026-01-06 21:20:00,9100119,2026-01-06 21:30:06.862763,4.0,8.0,ontime
9000001_1767734700,train,9000001,2026-01-06 21:25:00,9100120,2026-01-06 21:35:06.862763,-16.0,-18.0,ontime
9000001_1767735000,train,9000001,2026-01-06 21:30:00,9100137,2026-01-06 21:40:06.862763,-13.0,9.0,ontime
9000002_1767690000,train,9000002,2026-01-06 09:00:00,9200219,2026-01-06 09:10:06.194654,0.0,36.0,ontime
9000002_1767690300,train,9000002,2026-01-06 09:05:00,9200243,2026-01-06 09:16:06.194654,0.0,57.0,ontime
9000002_1767690600,train,9000002,2026-01-06 09:10:00,9200223,2026-01-06 09:20:06.194654,0.0,107.0,ontime
9000002_1767690900,train,9000002,2026-01-06 09:15:00,9200248,2026-01-06 09:26:06.194654,35.0,131.0,late
9000002_1767691200,train,9000002,2026-01-06 09:20:00,9200250,2026-01-06 09:30:06.194654,104.0,118.0,ontime
9000002_1767691500,train,9000002,2026-01-06 09:25:00,9200240,2026-01-06 09:35:06.194654,147.0,42.0,ontime
9000002_1767691800,train,9000002,2026-01-06 09:30:00,9200224,2026-01-06 09:40:06.194654,110.0,53.0,ontime
9000002_1767692100,train,9000002,2026-01-06 09:35:00,9200253,2026-01-06 09:46:06.194654,5.0,82.0,ontime
9000002_1767692400,train,9000002,2026-01-06 09:40:00,9200002,2026-01-06 09:50:06.194654,75.0,-28.0,ontime
9000002_1767692700,train,9000002,2026-01-06 09:45:00,9200045,2026-01-06 09:56:06.194654,123.0,-43.0,ontime
9000002_1767693000,train,9000002,2026-01-06 09:50:00,9200273,2026-01-06 10:00:06.194654,32.0,-168.0,early
9000002_1767693300,train,9000002,2026-01-06 09:55:00,9200263,2026-01-06 10:05:06.194654,-62.0,-155.0,early
9000002_1767693600,train,9000002,2026-01-06 10:00:00,9200275,2026-01-06 10:10:06.194654,-112.0,-174.0,early
9000002_1767693900,train,9000002,2026-01-06 10:05:00,9200279,2026-01-06 10:15:06.194654,-139.0,-190.0,early
9000002_1767694200,train,9000002,2026-01-06 10:10:00,9200235,2026-01-06 10:23:06.194654,-185.0,-116.0,early
9000002_1767694500,train,9000002,2026-01-06 10:15:00,9200271,2026-01-06 10:25:06.194654,-169.0,-133.0,early
9000002_1767694800,train,9000002,2026-01-06 10:20:00,9200274,2026-01-06 10:30:06.194654,-192.0,-59.0,ontime
9000002_1767695100,train,9000002,2026-01-06 10:25:00,9200268,2026-01-06 10:36:06.194654,-116.0,-77.0,early
9000002_1767695400,train,9000002,2026-01-06 10:30:00,9200237,2026-01-06 10:40:06.194654,-113.0,50.0,ontime
9000002_1767695700,train,9000002,2026-01-06 10:35:00,9200262,2026-01-06 10:45:06.194654,-163.0,102.0,ontime
9000002_1767696000,train,9000002,2026-01-06 10:40:00,9200257,2026-01-06 10:50:06.194654,19.0,95.0,ontime
9000002_1767697200,train,9000002,2026-01-06 11:00:00,9200028,2026-01-06 11:10:06.194654,23.0,-33.0,ontime
9000002_1767697500,train,9000002,2026-01-06 11:05:00,9200176,2026-01-06 11:16:06.194654,23.0,-4.0,ontime
9000002_1767697800,train,9000002,2026-01-06 11:10:00,9200175,2026-01-06 11:20:06.194654,23.0,16.0,ontime
9000002_1767698100,train,9000002,2026-01-06 11:15:00,9200038,2026-01-06 11:26:06.194654,12.0,10.0,ontime
9000002_1767698400,train,9000002,2026-01-06 11:20:00,9200017,2026-01-06 11:30:06.194654,10.0,37.0,ontime
9000002_1767698700,train,9000002,2026-01-06 11:25:00,9200023,2026-01-06 11:35:06.194654,-1.0,30.0,ontime
9000002_1767699000,train,9000002,2026-01-06 11:30:00,9200022,2026-01-06 11:40:06.194654,30.0,-1.0,ontime
9000002_1767699300,train,9000002,2026-01-06 11:35:00,9200040,2026-01-06 11:46:06.194654,-17.0,-6.0,ontime
9000002_1767699600,train,9000002,2026-01-06 11:40:00,9200042,2026-01-06 11:50:06.194654,-39.0,20.0,ontime
9000002_1767699900,train,9000002,2026-01-06 11:45:00,9200020,2026-01-06 11:56:06.194654,12.0,-154.0,early
9000002_1767700200,train,9000002,2026-01-06 11:50:00,9200220,2026-01-06 12:00:06.194654,-34.0,-239.0,early
9000002_1767700500,train,9000002,2026-01-06 11:55:00,9200186,2026-01-06 12:05:06.194654,-33.0,-89.0,early
9000002_1767700800,train,9000002,2026-01-06 12:00:00,9200159,2026-01-06 12:10:06.194654,-262.0,-60.0,ontime
9000002_1767701100,train,9000002,2026-01-06 12:05:00,9200164,2026-01-06 12:15:06.194654,-120.0,-37.0,ontime
9000002_1767701400,train,9000002,2026-01-06 12:10:00,9200194,2026-01-06 12:23:06.194654,-147.0,-128.0,early
9000002_1767701700,train,9000002,2026-01-06 12:15:00,9200193,2026-01-06 12:25:06.194654,-113.0,-233.0,early
9000002_1767702000,train,9000002,2026-01-06 12:20:00,9200158,2026-01-06 12:30:06.194654,-55.0,-31.0,ontime
9000002_1767702300,train,9000002,2026-01-06 12:25:00,9200190,2026-01-06 12:36:06.194654,-128.0,-11.0,ontime
9000002_1767702600,train,9000002,2026-01-06 12:30:00,9200192,2026-01-06 12:40:06.194654,-98.0,63.0,ontime
9000002_1767702900,train,9000002,2026-01-06 12:35:00,9200046,2026-01-06 12:45:06.194654,-72.0,66.0,ontime
9000002_1767703200,train,9000002,2026-01-06 12:40:00,9200049,2026-01-06 12:50:06.194654,46.0,77.0,ontime
9000002_1767706200,train,9000002,2026-01-06 13:30:00,9200027,2026-01-06 13:40:06.194654,49.0,-34.0,ontime
9000002_1767706500,train,9000002,2026-01-06 13:35:00,9200068,2026-01-06 13:46:06.194654,49.0,18.0,ontime
9000002_1767706800,train,9000002,2026-01-06 13:40:00,9200226,2026-01-06 13:50:06.194654,49.0,-10.0,ontime
9000002_1767707100,train,9000002,2026-01-06 13:45:00,9200080,2026-01-06 13:56:06.194654,30.0,-19.0,ontime
9000002_1767707400,train,9000002,2026-01-06 13:50:00,9200075,2026-01-06 14:00:06.194654,-36.0,3.0,ontime
9000002_1767707700,train,9000002,2026-01-06 13:55:00,9200060,2026-01-06 14:05:06.194654,7.0,20.0,ontime
9000002_1767708000,train,9000002,2026-01-06 14:00:00,9200073,2026-01-06 14:10:06.194654,-10.0,-27.0,ontime
9000002_1767708300,train,9000002,2026-01-06 14:05:00,9200066,2026-01-06 14:16:06.194654,6.0,19.0,ontime
9000002_1767708600,train,9000002,2026-01-06 14:10:00,9200228,2026-01-06 14:20:06.194654,-31.0,-5.0,ontime
9000002_1767708900,train,9000002,2026-01-06 14:15:00,9200067,2026-01-06 14:26:06.194654,-14.0,-96.0,early
9000002_1767709200,train,9000002,2026-01-06 14:20:00,9200063,2026-01-06 14:30:06.194654,41.0,-12.0,ontime
9000002_1767709500,train,9000002,2026-01-06 14:25:00,9200111,2026-01-06 14:35:06.194654,24.0,-22.0,ontime
9000002_1767709800,train,9000002,2026-01-06 14:30:00,9200058,2026-01-06 14:40:06.194654,24.0,6.0,ontime
9000002_1767710100,train,9000002,2026-01-06 14:35:00,9200196,2026-01-06 14:45:06.194654,0.0,-17.0,ontime
9000002_1767710400,train,9000002,2026-01-06 14:40:00,9200089,2026-01-06 14:53:06.194654,-15.0,-29.0,ontime
9000002_1767710700,train,9000002,2026-01-06 14:45:00,9200093,2026-01-06 14:55:06.194654,-20.0,0.0,ontime
9000002_1767711000,train,9000002,2026-01-06 14:50:00,9200168,2026-01-06 15:00:06.194654,21.0,8.0,ontime
9000002_1767711300,train,9000002,2026-01-06 14:55:00,9200101,2026-01-06 15:06:06.194654,-29.0,15.0,ontime
9000002_1767711600,train,9000002,2026-01-06 15:00:00,9200108,2026-01-06 15:10:06.194654,0.0,2.0,ontime
9000002_1767711900,train,9000002,2026-01-06 15:05:00,9200110,2026-01-06 15:15:06.194654,-17.0,-10.0,ontime
9000002_1767712200,train,9000002,2026-01-06 15:10:00,9200097,2026-01-06 15:20:06.194654,-15.0,24.0,ontime
9000002_1767712800,train,9000002,2026-01-06 15:20:00,9200134,2026-01-06 15:34:06.194654,29.0,18.0,ontime
9000002_1767713100,train,9000002,2026-01-06 15:25:00,9200118,2026-01-06 15:35:06.194654,-1.0,-23.0,ontime
9000002_1767713400,train,9000002,2026-01-06 15:30:00,9200143,2026-01-06 15:40:06.194654,-1.0,1.0,ontime
9000002_1767713700,train,9000002,2026-01-06 15:35:00,9200120,2026-01-06 15:45:06.194654,18.0,7.0,ontime
9000002_1767714000,train,9000002,2026-01-06 15:40:00,9200127,2026-01-06 15:50:06.194654,11.0,14.0,ontime
9000002_1767714300,train,9000002,2026-01-06 15:45:00,9200124,2026-01-06 15:58:06.194654,-10.0,16.0,ontime
9000002_1767714600,train,9000002,2026-01-06 15:50:00,9200130,2026-01-06 16:00:06.194654,-17.0,33.0,ontime
9000002_1767714900,train,9000002,2026-01-06 15:55:00,9200009,2026-01-06 16:06:06.194654,-11.0,-14.0,ontime
9000002_1767715200,train,9000002,2026-01-06 16:00:00,9200171,2026-01-06 16:10:06.194654,-15.0,-14.0,ontime
9000002_1767715500,train,9000002,2026-01-06 16:05:00,9200115,2026-01-06 16:17:06.194654,-28.0,2.0,ontime
9000002_1767715800,train,9000002,2026-01-06 16:10:00,9200142,2026-01-06 16:20:06.194654,36.0,3.0,ontime
9000002_1767716100,train,9000002,2026-01-06 16:15:00,9200211,2026-01-06 16:25:06.194654,-13.0,-24.0,ontime
9000002_1767716400,train,9000002,2026-01-06 16:20:00,9200212,2026-01-06 16:31:06.194654,-1.0,7.0,ontime
9000002_1767716700,train,9000002,2026-01-06 16:25:00,9200210,2026-01-06 16:36:06.194654,-66.0,-82.0,early
9000002_1767717000,train,9000002,2026-01-06 16:30:00,9200200,2026-01-06 16:40:06.194654,61.0,-57.0,ontime
9000002_1767717300,train,9000002,2026-01-06 16:35:00,9200203,2026-01-06 16:47:06.194654,-52.0,-55.0,ontime
9000002_1767717600,train,9000002,2026-01-06 16:40:00,9200000,2026-01-06 16:50:06.194654,-19.0,-68.0,early
9000002_1767717900,train,9000002,2026-01-06 16:45:00,9200209,2026-01-06 16:56:06.194654,-72.0,-50.0,ontime
9000002_1767718200,train,9000002,2026-01-06 16:50:00,9200001,2026-01-06 17:00:06.194654,-77.0,29.0,ontime
9000002_1767718500,train,9000002,2026-01-06 16:55:00,9200055,2026-01-06 17:06:06.194654,29.0,71.0,ontime
9000002_1767718800,train,9000002,2026-01-06 17:00:00,9200139,2026-01-06 17:10:06.194654,-50.0,97.0,ontime
9000002_1767719100,train,9000002,2026-01-06 17:05:00,9200052,2026-01-06 17:15:06.194654,58.0,94.0,ontime
9000003_1767688800,train,9000003,2026-01-06 08:40:00,9300219,2026-01-06 08:54:21.162361,0.0,58.0,ontime
9000003_1767689100,train,9000003,2026-01-06 08:45:00,9300006,2026-01-06 08:55:21.162361,0.0,66.0,ontime
9000003_1767689400,train,9000003,2026-01-06 08:50:00,9300243,2026-01-06 09:00:21.162361,0.0,54.0,ontime
9000003_1767689700,train,9000003,2026-01-06 08:55:00,9300222,2026-01-06 09:05:21.162361,58.0,144.0,late
9000003_1767690000,train,9000003,2026-01-06 09:00:00,9300248,2026-01-06 09:10:21.162361,21.0,127.0,late
9000003_1767690300,train,9000003,2026-01-06 09:05:00,9300239,2026-01-06 09:18:21.162361,93.0,-1.0,ontime
9000003_1767690600,train,9000003,2026-01-06 09:10:00,9300242,2026-01-06 09:20:21.162361,144.0,16.0,ontime
9000003_1767690900,train,9000003,2026-01-06 09:15:00,9300230,2026-01-06 09:26:21.162361,125.0,30.0,ontime
9000003_1767691200,train,9000003,2026-01-06 09:20:00,9300253,2026-01-06 09:30:21.162361,15.0,79.0,ontime
9000003_1767691500,train,9000003,2026-01-06 09:25:00,9300149,2026-01-06 09:37:21.162361,102.0,-50.0,ontime
9000003_1767691800,train,9000003,2026-01-06 09:30:00,9300045,2026-01-06 09:40:21.162361,120.0,-96.0,early
9000003_1767692100,train,9000003,2026-01-06 09:35:00,9300256,2026-01-06 09:45:21.162361,-3.0,-149.0,early
9000003_1767692400,train,9000003,2026-01-06 09:40:00,9300259,2026-01-06 09:51:21.162361,-10.0,-193.0,early
9000003_1767692700,train,9000003,2026-01-06 09:45:00,9300277,2026-01-06 09:56:21.162361,-179.0,-195.0,early
9000003_1767693000,train,9000003,2026-01-06 09:50:00,9300255,2026-01-06 10:00:21.162361,-179.0,-210.0,early
9000003_1767693300,train,9000003,2026-01-06 09:55:00,9300235,2026-01-06 10:07:21.162361,-159.0,-88.0,early
9000003_1767693600,train,9000003,2026-01-06 10:00:00,9300270,2026-01-06 10:10:21.162361,-221.0,-142.0,early
9000003_1767693900,train,9000003,2026-01-06 10:05:00,9300147,2026-01-06 10:16:21.162361,-220.0,-116.0,early
9000003_1767694200,train,9000003,2026-01-06 10:10:00,9300268,2026-01-06 10:20:21.162361,-130.0,-44.0,ontime
9000003_1767694500,train,9000003,2026-01-06 10:15:00,9300269,2026-01-06 10:26:21.162361,-64.0,79.0,ontime
9000003_1767694800,train,9000003,2026-01-06 10:20:00,9300261,2026-01-06 10:30:21.162361,-116.0,160.0,late
9000003_1767695100,train,9000003,2026-01-06 10:25:00,9300180,2026-01-06 10:35:21.162361,33.0,63.0,ontime
9000003_1767696000,train,9000003,2026-01-06 10:40:00,9300028,2026-01-06 10:54:21.162361,3.0,-5.0,ontime
9000003_1767696300,train,9000003,2026-01-06 10:45:00,9300030,2026-01-06 10:55:21.162361,3.0,15.0,ontime
9000003_1767696600,train,9000003,2026-01-06 10:50:00,9300176,2026-01-06 11:00:21.162361,3.0,46.0,ontime
9000003_1767696900,train,9000003,2026-01-06 10:55:00,9300034,2026-01-06 11:05:21.162361,-5.0,18.0,ontime
9000003_1767697200,train,9000003,2026-01-06 11:00:00,9300038,2026-01-06 11:10:21.162361,-7.0,13.0,ontime
9000003_1767697500,train,9000003,2026-01-06 11:05:00,9300179,2026-01-06 11:18:21.162361,15.0,3.0,ontime
9000003_1767697800,train,9000003,2026-01-06 11:10:00,9300025,2026-01-06 11:20:21.162361,17.0,-4.0,ontime
9000003_1767698100,train,9000003,2026-01-06 11:15:00,9300014,2026-01-06 11:26:21.162361,-2.0,-26.0,ontime
9000003_1767698400,train,9000003,2026-01-06 11:20:00,9300040,2026-01-06 11:30:21.162361,-7.0,12.0,ontime
9000003_1767698700,train,9000003,2026-01-06 11:25:00,9300018,2026-01-06 11:37:21.162361,4.0,-3.0,ontime
9000003_1767699000,train,9000003,2026-01-06 11:30:00,9300020,2026-01-06 11:40:21.162361,4.0,-176.0,early
9000003_1767699300,train,9000003,2026-01-06 11:35:00,9300183,2026-01-06 11:45:21.162361,33.0,-188.0,early
9000003_1767699600,train,9000003,2026-01-06 11:40:00,9300191,2026-01-06 11:51:21.162361,-25.0,-152.0,early
9000003_1767699900,train,9000003,2026-01-06 11:45:00,9300161,2026-01-06 11:56:21.162361,-244.0,-75.0,early
9000003_1767700200,train,9000003,2026-01-06 11:50:00,9300195,2026-01-06 12:00:21.162361,-99.0,-37.0,ontime
9000003_1767700500,train,9000003,2026-01-06 11:55:00,9300194,2026-01-06 12:07:21.162361,-100.0,-195.0,early
9000003_1767700800,train,9000003,2026-01-06 12:00:00,9300156,2026-01-06 12:10:21.162361,-29.0,-137.0,early
9000003_1767701100,train,9000003,2026-01-06 12:05:00,9300162,2026-01-06 12:16:21.162361,-72.0,-101.0,early
9000003_1767701400,train,9000003,2026-01-06 12:10:00,9300190,2026-01-06 12:20:21.162361,-202.0,-7.0,ontime
9000003_1767701700,train,9000003,2026-01-06 12:15:00,9300154,2026-01-06 12:26:21.162361,-49.0,17.0,ontime
9000003_1767702000,train,9000003,2026-01-06 12:20:00,9300047,2026-01-06 12:30:21.162361,-101.0,46.0,ontime
9000003_1767702300,train,9000003,2026-01-06 12:25:00,9300182,2026-01-06 12:35:21.162361,56.0,55.0,ontime
9000003_1767705000,train,9000003,2026-01-06 13:10:00,9300027,2026-01-06 13:24:21.162361,91.0,8.0,ontime
9000003_1767705300,train,9000003,2026-01-06 13:15:00,9300064,2026-01-06 13:25:21.162361,91.0,28.0,ontime
9000003_1767705600,train,9000003,2026-01-06 13:20:00,9300068,2026-01-06 13:30:21.162361,91.0,24.0,ontime
9000003_1767705900,train,9000003,2026-01-06 13:25:00,9300225,2026-01-06 13:35:21.162361,8.0,18.0,ontime
9000003_1767706200,train,9000003,2026-01-06 13:30:00,9300080,2026-01-06 13:40:21.162361,12.0,-25.0,ontime
9000003_1767706500,train,9000003,2026-01-06 13:35:00,9300059,2026-01-06 13:48:21.162361,-17.0,0.0,ontime
9000003_1767706800,train,9000003,2026-01-06 13:40:00,9300061,2026-01-06 13:50:21.162361,6.0,-10.0,ontime
9000003_1767707100,train,9000003,2026-01-06 13:45:00,9300074,2026-01-06 13:56:21.162361,-19.0,45.0,ontime
9000003_1767707400,train,9000003,2026-01-06 13:50:00,9300066,2026-01-06 14:00:21.162361,-11.0,1.0,ontime
9000003_1767707700,train,9000003,2026-01-06 13:55:00,9300085,2026-01-06 14:07:21.162361,-4.0,-34.0,ontime
9000003_1767708000,train,9000003,2026-01-06 14:00:00,9300067,2026-01-06 14:10:21.162361,-13.0,-71.0,early
9000003_1767708300,train,9000003,2026-01-06 14:05:00,9300169,2026-01-06 14:15:21.162361,11.0,-12.0,ontime
9000003_1767708600,train,9000003,2026-01-06 14:10:00,9300197,2026-01-06 14:21:21.162361,-20.0,-5.0,ontime
9000003_1767708900,train,9000003,2026-01-06 14:15:00,9300088,2026-01-06 14:26:21.162361,-7.0,-21.0,ontime
9000003_1767709200,train,9000003,2026-01-06 14:20:00,9300057,2026-01-06 14:30:21.162361,42.0,5.0,ontime
9000003_1767709500,train,9000003,2026-01-06 14:25:00,9300089,2026-01-06 14:37:21.162361,8.0,-9.0,ontime
9000003_1767709800,train,9000003,2026-01-06 14:30:00,9300094,2026-01-06 14:40:21.162361,-17.0,-2.0,ontime
9000003_1767710100,train,9000003,2026-01-06 14:35:00,9300087,2026-01-06 14:46:21.162361,-11.0,-24.0,ontime
9000003_1767710400,train,9000003,2026-01-06 14:40:00,9300101,2026-01-06 14:50:21.162361,46.0,5.0,ontime
9000003_1767710700,train,9000003,2026-01-06 14:45:00,9300109,2026-01-06 14:56:21.162361,-8.0,14.0,ontime
9000003_1767711000,train,9000003,2026-01-06 14:50:00,9300092,2026-01-06 15:00:21.162361,-24.0,32.0,ontime
9000003_1767711300,train,9000003,2026-01-06 14:55:00,9300098,2026-01-06 15:05:21.162361,0.0,14.0,ontime
9000003_1767711900,train,9000003,2026-01-06 15:05:00,9300134,2026-01-06 15:18:21.162361,-5.0,-12.0,ontime
9000003_1767712200,train,9000003,2026-01-06 15:10:00,9300114,2026-01-06 15:20:21.162361,-27.0,25.0,ontime
9000003_1767712500,train,9000003,2026-01-06 15:15:00,9300133,2026-01-06 15:25:21.162361,-27.0,16.0,ontime
9000003_1767712800,train,9000003,2026-01-06 15:20:00,9300117,2026-01-06 15:30:21.162361,3.0,16.0,ontime
9000003_1767713100,train,9000003,2026-01-06 15:25:00,9300126,2026-01-06 15:36:21.162361,-17.0,24.0,ontime
9000003_1767713400,train,9000003,2026-01-06 15:30:00,9300124,2026-01-06 15:42:21.162361,-5.0,38.0,ontime
9000003_1767713700,train,9000003,2026-01-06 15:35:00,9300129,2026-01-06 15:45:21.162361,5.0,-12.0,ontime
9000003_1767714000,train,9000003,2026-01-06 15:40:00,9300009,2026-01-06 15:50:21.162361,-1.0,41.0,ontime
9000003_1767714300,train,9000003,2026-01-06 15:45:00,9300170,2026-01-06 15:56:21.162361,-4.0,13.0,ontime
9000003_1767714600,train,9000003,2026-01-06 15:50:00,9300115,2026-01-06 16:01:21.162361,-14.0,1.0,ontime
9000003_1767714900,train,9000003,2026-01-06 15:55:00,9300218,2026-01-06 16:06:21.162361,9.0,-37.0,ontime
9000003_1767715200,train,9000003,2026-01-06 16:00:00,9300202,2026-01-06 16:11:21.162361,10.0,67.0,ontime
9000003_1767715500,train,9000003,2026-01-06 16:05:00,9300212,2026-01-06 16:15:21.162361,29.0,30.0,ontime
9000003_1767715800,train,9000003,2026-01-06 16:10:00,9300210,2026-01-06 16:20:21.162361,-18.0,-108.0,early
9000003_1767716100,train,9000003,2026-01-06 16:15:00,9300204,2026-01-06 16:25:21.162361,60.0,-37.0,ontime
9000003_1767716400,train,9000003,2026-01-06 16:20:00,9300203,2026-01-06 16:31:21.162361,-31.0,-76.0,early
9000003_1767716700,train,9000003,2026-01-06 16:25:00,9300215,2026-01-06 16:35:21.162361,-19.0,-49.0,ontime
9000003_1767717000,train,9000003,2026-01-06 16:30:00,9300209,2026-01-06 16:40:21.162361,-3.0,-10.0,ontime
9000003_1767717300,train,9000003,2026-01-06 16:35:00,9300213,2026-01-06 16:45:21.162361,-96.0,22.0,ontime
9000003_1767717600,train,9000003,2026-01-06 16:40:00,9300055,2026-01-06 16:50:21.162361,41.0,57.0,ontime
9000003_1767717900,train,9000003,2026-01-06 16:45:00,9300172,2026-01-06 16:56:21.162361,76.0,102.0,ontime
9000004_1767678000,train,9000004,2026-01-06 05:40:00,9400189,2026-01-06 05:51:42.880133,0.0,24.0,ontime
9000004_1767678300,train,9000004,2026-01-06 05:45:00,9400195,2026-01-06 05:55:42.880133,0.0,68.0,ontime
9000004_1767678600,train,9000004,2026-01-06 05:50:00,9400188,2026-01-06 06:02:42.880133,0.0,155.0,late
9000004_1767678900,train,9000004,2026-01-06 05:55:00,9400198,2026-01-06 06:06:42.880133,125.0,168.0,late
9000004_1767679200,train,9000004,2026-01-06 06:00:00,9400196,2026-01-06 06:10:42.880133,195.0,195.0,late
9000004_1767679500,train,9000004,2026-01-06 06:05:00,9400001,2026-01-06 06:16:42.880133,228.0,197.0,late
9000004_1767679800,train,9000004,2026-01-06 06:10:00,9400010,2026-01-06 06:22:42.880133,219.0,-5.0,ontime
9000004_1767680100,train,9000004,2026-01-06 06:15:00,9400008,2026-01-06 06:27:42.880133,152.0,-19.0,ontime
9000004_1767680400,train,9000004,2026-01-06 06:20:00,9400006,2026-01-06 06:30:42.880133,197.0,-1.0,ontime
9000004_1767680700,train,9000004,2026-01-06 06:25:00,9400011,2026-01-06 06:35:42.880133,-11.0,14.0,ontime
9000004_1767681000,train,9000004,2026-01-06 06:30:00,9400012,2026-01-06 06:42:42.880133,-19.0,38.0,ontime
9000004_1767681300,train,9000004,2026-01-06 06:35:00,9400009,2026-01-06 06:47:42.880133,-29.0,14.0,ontime
9000004_1767681600,train,9000004,2026-01-06 06:40:00,9400004,2026-01-06 06:50:42.880133,-9.0,10.0,ontime
9000004_1767681900,train,9000004,2026-01-06 06:45:00,9400203,2026-01-06 06:56:42.880133,21.0,-18.0,ontime
9000004_1767682200,train,9000004,2026-01-06 06:50:00,9400227,2026-01-06 07:00:42.880133,22.0,15.0,ontime
9000004_1767682500,train,9000004,2026-01-06 06:55:00,9400226,2026-01-06 07:07:42.880133,22.0,59.0,ontime
9000004_1767682800,train,9000004,2026-01-06 07:00:00,9400209,2026-01-06 07:11:42.880133,142.0,93.0,ontime
9000004_1767683100,train,9000004,2026-01-06 07:05:00,9400206,2026-01-06 07:15:42.880133,126.0,151.0,late
9000004_1767683400,train,9000004,2026-01-06 07:10:00,9400215,2026-01-06 07:21:42.880133,209.0,82.0,ontime
9000004_1767683700,train,9000004,2026-01-06 07:15:00,9400015,2026-01-06 07:29:42.880133,60.0,-11.0,ontime
9000004_1767684000,train,9000004,2026-01-06 07:20:00,9400225,2026-01-06 07:31:42.880133,97.0,2.0,ontime
9000004_1767684300,train,9000004,2026-01-06 07:25:00,9400229,2026-01-06 07:36:42.880133,82.0,-6.0,ontime
9000004_1767684600,train,9000004,2026-01-06 07:30:00,9400224,2026-01-06 07:41:42.880133,-11.0,2.0,ontime
9000004_1767684900,train,9000004,2026-01-06 07:35:00,9400230,2026-01-06 07:46:42.880133,9.0,-4.0,ontime
9000004_1767685200,train,9000004,2026-01-06 07:40:00,9400016,2026-01-06 07:51:42.880133,9.0,12.0,ontime
9000004_1767685500,train,9000004,2026-01-06 07:45:00,9400222,2026-01-06 07:56:42.880133,-11.0,-11.0,ontime
9000004_1767685800,train,9000004,2026-01-06 07:50:00,9400242,2026-01-06 08:03:42.880133,8.0,34.0,ontime
9000004_1767686100,train,9000004,2026-01-06 07:55:00,9400240,2026-01-06 08:05:42.880133,21.0,8.0,ontime
9000004_1767686400,train,9000004,2026-01-06 08:00:00,9400244,2026-01-06 08:11:42.880133,27.0,108.0,ontime
9000004_1767686700,train,9000004,2026-01-06 08:05:00,9400236,2026-01-06 08:15:42.880133,57.0,148.0,late
9000004_1767687000,train,9000004,2026-01-06 08:10:00,9400239,2026-01-06 08:20:42.880133,10.0,-16.0,ontime
9000004_1767687300,train,9000004,2026-01-06 08:15:00,9400019,2026-01-06 08:25:42.880133,15.0,-41.0,ontime
9000004_1767687600,train,9000004,2026-01-06 08:20:00,9400270,2026-01-06 08:34:42.880133,25.0,-43.0,ontime
9000004_1767687900,train,9000004,2026-01-06 08:25:00,9400249,2026-01-06 08:36:42.880133,-30.0,-68.0,early
9000004_1767688200,train,9000004,2026-01-06 08:30:00,9400027,2026-01-06 08:41:42.880133,-38.0,-21.0,ontime
9000004_1767688500,train,9000004,2026-01-06 08:35:00,9400021,2026-01-06 08:46:42.880133,-43.0,-52.0,ontime
9000004_1767688800,train,9000004,2026-01-06 08:40:00,9400020,2026-01-06 08:52:42.880133,-32.0,-59.0,ontime
9000004_1767689100,train,9000004,2026-01-06 08:45:00,9400252,2026-01-06 08:55:42.880133,-48.0,-64.0,early
9000004_1767689400,train,9000004,2026-01-06 08:50:00,9400023,2026-01-06 09:00:42.880133,-17.0,-31.0,ontime
9000004_1767689700,train,9000004,2026-01-06 08:55:00,9400022,2026-01-06 09:05:42.880133,-59.0,-10.0,ontime
9000004_1767694200,train,9000004,2026-01-06 10:10:00,9400262,2026-01-06 10:24:42.880133,-10.0,-43.0,ontime
9000004_1767694500,train,9000004,2026-01-06 10:15:00,9400264,2026-01-06 10:25:42.880133,-10.0,86.0,ontime
9000004_1767694800,train,9000004,2026-01-06 10:20:00,9400267,2026-01-06 10:30:42.880133,-10.0,222.0,late
9000004_1767695100,train,9000004,2026-01-06 10:25:00,9400261,2026-01-06 10:35:42.880133,-55.0,257.0,late
9000004_1767695400,train,9000004,2026-01-06 10:30:00,9400258,2026-01-06 10:41:42.880133,77.0,329.0,late
9000004_1767695700,train,9000004,2026-01-06 10:35:00,9400254,2026-01-06 10:46:42.880133,281.0,353.0,late
9000004_1767696300,train,9000004,2026-01-06 10:45:00,9400066,2026-01-06 10:55:42.880133,305.0,9.0,ontime
9000004_1767696600,train,9000004,2026-01-06 10:50:00,9400075,2026-01-06 11:00:42.880133,385.0,20.0,ontime
9000004_1767696900,train,9000004,2026-01-06 10:55:00,9400061,2026-01-06 11:07:42.880133,385.0,6.0,ontime
9000004_1767697200,train,9000004,2026-01-06 11:00:00,9400065,2026-01-06 11:13:42.880133,-8.0,-23.0,ontime
9000004_1767697500,train,9000004,2026-01-06 11:05:00,9400067,2026-01-06 11:16:42.880133,-24.0,15.0,ontime
9000004_1767697800,train,9000004,2026-01-06 11:10:00,9400073,2026-01-06 11:21:42.880133,-9.0,-33.0,ontime
9000004_1767698100,train,9000004,2026-01-06 11:15:00,9400072,2026-01-06 11:25:42.880133,-23.0,-17.0,ontime
9000004_1767698400,train,9000004,2026-01-06 11:20:00,9400042,2026-01-06 11:30:42.880133,-40.0,-6.0,ontime
9000004_1767698700,train,9000004,2026-01-06 11:25:00,9400041,2026-01-06 11:36:42.880133,-15.0,192.0,late
9000004_1767699000,train,9000004,2026-01-06 11:30:00,9400033,2026-01-06 11:41:42.880133,10.0,192.0,late
9000004_1767699300,train,9000004,2026-01-06 11:35:00,9400032,2026-01-06 11:45:42.880133,62.0,184.0,late
9000004_1767699600,train,9000004,2026-01-06 11:40:00,9400078,2026-01-06 11:50:42.880133,196.0,109.0,ontime
9000004_1767699900,train,9000004,2026-01-06 11:45:00,9400080,2026-01-06 11:55:42.880133,261.0,146.0,late
9000004_1767700200,train,9000004,2026-01-06 11:50:00,9400085,2026-01-06 12:01:42.880133,112.0,16.0,ontime
9000004_1767700500,train,9000004,2026-01-06 11:55:00,9400091,2026-01-06 12:06:42.880133,119.0,10.0,ontime
9000004_1767700800,train,9000004,2026-01-06 12:00:00,9400093,2026-01-06 12:10:42.880133,146.0,-3.0,ontime
9000004_1767701100,train,9000004,2026-01-06 12:05:00,9400086,2026-01-06 12:19:42.880133,-26.0,-2.0,ontime
9000004_1767701400,train,9000004,2026-01-06 12:10:00,9400095,2026-01-06 12:22:42.880133,-16.0,6.0,ontime
9000004_1767701700,train,9000004,2026-01-06 12:15:00,9400096,2026-01-06 12:27:42.880133,-3.0,7.0,ontime
9000004_1767702000,train,9000004,2026-01-06 12:20:00,9400097,2026-01-06 12:30:42.880133,-2.0,-16.0,ontime
9000004_1767702300,train,9000004,2026-01-06 12:25:00,9400046,2026-01-06 12:36:42.880133,-34.0,86.0,ontime
9000004_1767702600,train,9000004,2026-01-06 12:30:00,9400060,2026-01-06 12:40:42.880133,19.0,124.0,late
9000004_1767702900,train,9000004,2026-01-06 12:35:00,9400059,2026-01-06 12:47:42.880133,-4.0,308.0,late
9000004_1767703200,train,9000004,2026-01-06 12:40:00,9400058,2026-01-06 12:51:42.880133,215.0,306.0,late
9000004_1767703500,train,9000004,2026-01-06 12:45:00,9400053,2026-01-06 12:55:42.880133,320.0,429.0,late
9000004_1767704100,train,9000004,2026-01-06 12:55:00,9400121,2026-01-06 13:08:42.880133,343.0,27.0,ontime
9000004_1767704400,train,9000004,2026-01-06 13:00:00,9400120,2026-01-06 13:10:42.880133,386.0,5.0,ontime
9000004_1767704700,train,9000004,2026-01-06 13:05:00,9400118,2026-01-06 13:15:42.880133,386.0,-15.0,ontime
9000004_1767705000,train,9000004,2026-01-06 13:10:00,9400122,2026-01-06 13:20:42.880133,-6.0,-8.0,ontime
9000004_1767705300,train,9000004,2026-01-06 13:15:00,9400105,2026-01-06 13:26:42.880133,-32.0,40.0,ontime
9000004_1767705600,train,9000004,2026-01-06 13:20:00,9400123,2026-01-06 13:31:42.880133,-16.0,29.0,ontime
9000004_1767705900,train,9000004,2026-01-06 13:25:00,9400106,2026-01-06 13:36:42.880133,8.0,2.0,ontime
9000004_1767711600,train,9000004,2026-01-06 15:00:00,9400130,2026-01-06 15:14:42.880133,-17.0,63.0,ontime
9000004_1767711900,train,9000004,2026-01-06 15:05:00,9400128,2026-01-06 15:15:42.880133,-17.0,64.0,ontime
9000004_1767712200,train,9000004,2026-01-06 15:10:00,9400114,2026-01-06 15:20:42.880133,-17.0,54.0,ontime
9000004_1767712500,train,9000004,2026-01-06 15:15:00,9400102,2026-01-06 15:25:42.880133,25.0,153.0,late
9000004_1767712800,train,9000004,2026-01-06 15:20:00,9400104,2026-01-06 15:31:42.880133,59.0,372.0,late
9000004_1767713100,train,9000004,2026-01-06 15:25:00,9400147,2026-01-06 15:36:42.880133,180.0,399.0,late
9000004_1767713700,train,9000004,2026-01-06 15:35:00,9400152,2026-01-06 15:45:42.880133,365.0,14.0,ontime
9000004_1767714000,train,9000004,2026-01-06 15:40:00,9400150,2026-01-06 15:50:42.880133,387.0,5.0,ontime
9000004_1767714300,train,9000004,2026-01-06 15:45:00,9400144,2026-01-06 15:57:42.880133,387.0,-2.0,ontime
9000004_1767714600,train,9000004,2026-01-06 15:50:00,9400156,2026-01-06 16:03:42.880133,-2.0,24.0,ontime
9000004_1767714900,train,9000004,2026-01-06 15:55:00,9400155,2026-01-06 16:06:42.880133,-20.0,-3.0,ontime
9000004_1767715200,train,9000004,2026-01-06 16:00:00,9400154,2026-01-06 16:11:42.880133,11.0,-6.0,ontime
9000004_1767715500,train,9000004,2026-01-06 16:05:00,9400163,2026-01-06 16:15:42.880133,24.0,13.0,ontime
9000004_1767716400,train,9000004,2026-01-06 16:20:00,9400133,2026-01-06 16:30:42.880133,-33.0,-25.0,ontime
9000004_1767716700,train,9000004,2026-01-06 16:25:00,9400136,2026-01-06 16:36:42.880133,-33.0,34.0,ontime
9000004_1767717000,train,9000004,2026-01-06 16:30:00,9400139,2026-01-06 16:41:42.880133,-33.0,56.0,ontime
9000004_1767717300,train,9000004,2026-01-06 16:35:00,9400131,2026-01-06 16:45:42.880133,-12.0,166.0,late
9000004_1767717600,train,9000004,2026-01-06 16:40:00,9400164,2026-01-06 16:50:42.880133,67.0,82.0,ontime
9000004_1767718200,train,9000004,2026-01-06 16:50:00,9400170,2026-01-06 17:00:42.880133,59.0,15.0,ontime
9000004_1767718500,train,9000004,2026-01-06 16:55:00,9400173,2026-01-06 17:06:42.880133,116.0,35.0,ontime
9000004_1767718800,train,9000004,2026-01-06 17:00:00,9400171,2026-01-06 17:11:42.880133,116.0,26.0,ontime
9000004_1767719100,train,9000004,2026-01-06 17:05:00,9400176,2026-01-06 17:16:42.880133,19.0,5.0,ontime
9000004_1767719400,train,9000004,2026-01-06 17:10:00,9400169,2026-01-06 17:21:42.880133,-4.0,35.0,ontime
9000004_1767719700,train,9000004,2026-01-06 17:15:00,9400179,2026-01-06 17:26:42.880133,10.0,6.0,ontime
9000005_1767680700,train,9000005,2026-01-06 06:25:00,9500189,2026-01-06 06:39:27.113719,0.0,5.0,ontime
9000005_1767681000,train,9000005,2026-01-06 06:30:00,9500191,2026-01-06 06:40:27.113719,0.0,50.0,ontime
9000005_1767681300,train,9000005,2026-01-06 06:35:00,9500193,2026-01-06 06:45:27.113719,0.0,118.0,ontime
9000005_1767681600,train,9000005,2026-01-06 06:40:00,9500188,2026-01-06 06:50:27.113719,-11.0,159.0,late
9000005_1767681900,train,9000005,2026-01-06 06:45:00,9500186,2026-01-06 06:56:27.113719,65.0,170.0,late
9000005_1767682200,train,9000005,2026-01-06 06:50:00,9500002,2026-01-06 07:01:27.113719,160.0,201.0,late
9000005_1767682800,train,9000005,2026-01-06 07:00:00,9500010,2026-01-06 07:10:27.113719,158.0,0.0,ontime
9000005_1767683100,train,9000005,2026-01-06 07:05:00,9500008,2026-01-06 07:15:27.113719,190.0,34.0,ontime
9000005_1767683400,train,9000005,2026-01-06 07:10:00,9500200,2026-01-06 07:22:27.113719,190.0,5.0,ontime
9000005_1767683700,train,9000005,2026-01-06 07:15:00,9500202,2026-01-06 07:27:27.113719,-4.0,-30.0,ontime
9000005_1767684000,train,9000005,2026-01-06 07:20:00,9500012,2026-01-06 07:30:27.113719,-25.0,8.0,ontime
9000005_1767684300,train,9000005,2026-01-06 07:25:00,9500009,2026-01-06 07:35:27.113719,-19.0,-3.0,ontime
9000005_1767684600,train,9000005,2026-01-06 07:30:00,9500201,2026-01-06 07:40:27.113719,-30.0,-40.0,ontime
9000005_1767684900,train,9000005,2026-01-06 07:35:00,9500211,2026-01-06 07:45:27.113719,-21.0,97.0,ontime
9000005_1767685200,train,9000005,2026-01-06 07:40:00,9500204,2026-01-06 07:50:27.113719,0.0,107.0,ontime
9000005_1767685500,train,9000005,2026-01-06 07:45:00,9500226,2026-01-06 07:55:27.113719,-30.0,91.0,ontime
9000005_1767685800,train,9000005,2026-01-06 07:50:00,9500228,2026-01-06 08:01:27.113719,36.0,93.0,ontime
9000005_1767686100,train,9000005,2026-01-06 07:55:00,9500213,2026-01-06 08:06:27.113719,109.0,109.0,ontime
9000005_1767686700,train,9000005,2026-01-06 08:05:00,9500015,2026-01-06 08:17:27.113719,115.0,-54.0,ontime
9000005_1767687000,train,9000005,2026-01-06 08:10:00,9500017,2026-01-06 08:22:27.113719,107.0,3.0,ontime
9000005_1767687300,train,9000005,2026-01-06 08:15:00,9500219,2026-01-06 08:25:27.113719,107.0,11.0,ontime
9000005_1767687600,train,9000005,2026-01-06 08:20:00,9500221,2026-01-06 08:30:27.113719,23.0,-39.0,ontime
9000005_1767687900,train,9000005,2026-01-06 08:25:00,9500231,2026-01-06 08:37:27.113719,3.0,-17.0,ontime
9000005_1767688200,train,9000005,2026-01-06 08:30:00,9500218,2026-01-06 08:42:27.113719,-7.0,7.0,ontime
9000005_1767688500,train,9000005,2026-01-06 08:35:00,9500223,2026-01-06 08:45:27.113719,-31.0,0.0,ontime
9000005_1767688800,train,9000005,2026-01-06 08:40:00,9500242,2026-01-06 08:51:27.113719,0.0,-9.0,ontime
9000005_1767689100,train,9000005,2026-01-06 08:45:00,9500247,2026-01-06 08:55:27.113719,-5.0,-17.0,ontime
9000005_1767689400,train,9000005,2026-01-06 08:50:00,9500241,2026-01-06 09:02:27.113719,-15.0,20.0,ontime
9000005_1767689700,train,9000005,2026-01-06 08:55:00,9500248,2026-01-06 09:06:27.113719,61.0,78.0,ontime
9000005_1767690000,train,9000005,2026-01-06 09:00:00,9500235,2026-01-06 09:10:27.113719,75.0,-35.0,ontime
9000005_1767690300,train,9000005,2026-01-06 09:05:00,9500233,2026-01-06 09:16:27.113719,132.0,-18.0,ontime
9000005_1767690600,train,9000005,2026-01-06 09:10:00,9500270,2026-01-06 09:22:27.113719,3.0,-39.0,ontime
9000005_1767690900,train,9000005,2026-01-06 09:15:00,9500250,2026-01-06 09:27:27.113719,-42.0,-31.0,ontime
9000005_1767691200,train,9000005,2026-01-06 09:20:00,9500025,2026-01-06 09:30:27.113719,-18.0,-33.0,ontime
9000005_1767691500,train,9000005,2026-01-06 09:25:00,9500024,2026-01-06 09:35:27.113719,-41.0,-5.0,ontime
9000005_1767691800,train,9000005,2026-01-06 09:30:00,9500020,2026-01-06 09:40:27.113719,-5.0,-48.0,ontime
9000005_1767692100,train,9000005,2026-01-06 09:35:00,9500253,2026-01-06 09:45:27.113719,-21.0,-28.0,ontime
9000005_1767692400,train,9000005,2026-01-06 09:40:00,9500251,2026-01-06 09:50:27.113719,-5.0,-29.0,ontime
9000005_1767697200,train,9000005,2026-01-06 11:00:00,9500262,2026-01-06 11:12:27.113719,-45.0,16.0,ontime
9000005_1767697500,train,9000005,2026-01-06 11:05:00,9500077,2026-01-06 11:16:27.113719,-45.0,64.0,ontime
9000005_1767697800,train,9000005,2026-01-06 11:10:00,9500266,2026-01-06 11:20:27.113719,-45.0,259.0,late
9000005_1767698100,train,9000005,2026-01-06 11:15:00,9500257,2026-01-06 11:25:27.113719,90.0,433.0,late
9000005_1767698400,train,9000005,2026-01-06 11:20:00,9500268,2026-01-06 11:30:27.113719,232.0,300.0,late
9000005_1767698700,train,9000005,2026-01-06 11:25:00,9500030,2026-01-06 11:35:27.113719,378.0,359.0,late
9000005_1767699000,train,9000005,2026-01-06 11:30:00,9500066,2026-01-06 11:43:27.113719,302.0,30.0,ontime
9000005_1767699300,train,9000005,2026-01-06 11:35:00,9500076,2026-01-06 11:45:27.113719,321.0,-14.0,ontime
9000005_1767699600,train,9000005,2026-01-06 11:40:00,9500074,2026-01-06 11:50:27.113719,359.0,13.0,ontime
9000005_1767699900,train,9000005,2026-01-06 11:45:00,9500061,2026-01-06 11:55:27.113719,-3.0,-8.0,ontime
9000005_1767700200,train,9000005,2026-01-06 11:50:00,9500065,2026-01-06 12:01:27.113719,23.0,5.0,ontime
9000005_1767700500,train,9000005,2026-01-06 11:55:00,9500068,2026-01-06 12:06:27.113719,-5.0,-4.0,ontime
9000005_1767700800,train,9000005,2026-01-06 12:00:00,9500064,2026-01-06 12:11:27.113719,-3.0,-10.0,ontime
9000005_1767701100,train,9000005,2026-01-06 12:05:00,9500042,2026-01-06 12:18:27.113719,9.0,62.0,ontime
9000005_1767701400,train,9000005,2026-01-06 12:10:00,9500040,2026-01-06 12:20:27.113719,9.0,85.0,ontime
9000005_1767701700,train,9000005,2026-01-06 12:15:00,9500039,2026-01-06 12:26:27.113719,24.0,213.0,late
9000005_1767702000,train,9000005,2026-01-06 12:20:00,9500036,2026-01-06 12:30:27.113719,69.0,276.0,late
9000005_1767702300,train,9000005,2026-01-06 12:25:00,9500038,2026-01-06 12:35:27.113719,204.0,152.0,late
9000005_1767702600,train,9000005,2026-01-06 12:30:00,9500081,2026-01-06 12:40:27.113719,232.0,139.0,late
9000005_1767702900,train,9000005,2026-01-06 12:35:00,9500085,2026-01-06 12:49:27.113719,192.0,-7.0,ontime
9000005_1767703200,train,9000005,2026-01-06 12:40:00,9500092,2026-01-06 12:51:27.113719,139.0,9.0,ontime
9000005_1767703500,train,9000005,2026-01-06 12:45:00,9500083,2026-01-06 12:56:27.113719,123.0,19.0,ontime
9000005_1767703800,train,9000005,2026-01-06 12:50:00,9500089,2026-01-06 13:01:27.113719,-7.0,4.0,ontime
9000005_1767704100,train,9000005,2026-01-06 12:55:00,9500086,2026-01-06 13:07:27.113719,9.0,-31.0,ontime
9000005_1767704400,train,9000005,2026-01-06 13:00:00,9500095,2026-01-06 13:10:27.113719,-21.0,12.0,ontime
9000005_1767704700,train,9000005,2026-01-06 13:05:00,9500096,2026-01-06 13:15:27.113719,-5.0,-29.0,ontime
9000005_1767705000,train,9000005,2026-01-06 13:10:00,9500098,2026-01-06 13:20:27.113719,-31.0,-6.0,ontime
9000005_1767705300,train,9000005,2026-01-06 13:15:00,9500048,2026-01-06 13:25:27.113719,11.0,162.0,late
9000005_1767705600,train,9000005,2026-01-06 13:20:00,9500051,2026-01-06 13:30:27.113719,-9.0,251.0,late
9000005_1767705900,train,9000005,2026-01-06 13:25:00,9500059,2026-01-06 13:35:27.113719,76.0,290.0,late
9000005_1767706200,train,9000005,2026-01-06 13:30:00,9500056,2026-01-06 13:41:27.113719,139.0,376.0,late
9000005_1767706500,train,9000005,2026-01-06 13:35:00,9500100,2026-01-06 13:46:27.113719,307.0,380.0,late
9000005_1767707100,train,9000005,2026-01-06 13:45:00,9500121,2026-01-06 13:56:27.113719,390.0,11.0,ontime
9000005_1767707400,train,9000005,2026-01-06 13:50:00,9500124,2026-01-06 14:01:27.113719,385.0,-37.0,ontime
9000005_1767707700,train,9000005,2026-01-06 13:55:00,9500116,2026-01-06 14:05:27.113719,385.0,-15.0,ontime
9000005_1767708000,train,9000005,2026-01-06 14:00:00,9500105,2026-01-06 14:14:27.113719,-5.0,-6.0,ontime
9000005_1767708300,train,9000005,2026-01-06 14:05:00,9500107,2026-01-06 14:17:27.113719,-26.0,-14.0,ontime
9000005_1767708600,train,9000005,2026-01-06 14:10:00,9500125,2026-01-06 14:22:27.113719,-7.0,4.0,ontime
9000005_1767708900,train,9000005,2026-01-06 14:15:00,9500127,2026-01-06 14:25:27.113719,-6.0,11.0,ontime
9000005_1767714600,train,9000005,2026-01-06 15:50:00,9500130,2026-01-06 16:02:27.113719,-26.0,0.0,ontime
9000005_1767714900,train,9000005,2026-01-06 15:55:00,9500112,2026-01-06 16:06:27.113719,-26.0,53.0,ontime
9000005_1767715200,train,9000005,2026-01-06 16:00:00,9500115,2026-01-06 16:10:27.113719,-26.0,126.0,late
9000005_1767715500,train,9000005,2026-01-06 16:05:00,9500109,2026-01-06 16:15:27.113719,77.0,227.0,late
9000005_1767715800,train,9000005,2026-01-06 16:10:00,9500113,2026-01-06 16:20:27.113719,92.0,365.0,late
9000005_1767716100,train,9000005,2026-01-06 16:15:00,9500146,2026-01-06 16:25:27.113719,261.0,360.0,late
9000005_1767716400,train,9000005,2026-01-06 16:20:00,9500152,2026-01-06 16:33:27.113719,326.0,27.0,ontime
9000005_1767716700,train,9000005,2026-01-06 16:25:00,9500157,2026-01-06 16:35:27.113719,363.0,10.0,ontime
9000005_1767717000,train,9000005,2026-01-06 16:30:00,9500160,2026-01-06 16:40:27.113719,368.0,-24.0,ontime
9000005_1767717300,train,9000005,2026-01-06 16:35:00,9500144,2026-01-06 16:45:27.113719,27.0,-40.0,ontime
9000005_1767717600,train,9000005,2026-01-06 16:40:00,9500156,2026-01-06 16:51:27.113719,3.0,6.0,ontime
9000005_1767717900,train,9000005,2026-01-06 16:45:00,9500158,2026-01-06 16:56:27.113719,14.0,17.0,ontime
9000005_1767718200,train,9000005,2026-01-06 16:50:00,9500153,2026-01-06 17:01:27.113719,-23.0,-21.0,ontime
9000005_1767719100,train,9000005,2026-01-06 17:05:00,9500133,2026-01-06 17:18:27.113719,31.0,-65.0,early
9000005_1767719400,train,9000005,2026-01-06 17:10:00,9500140,2026-01-06 17:20:27.113719,31.0,29.0,ontime
9000005_1767719700,train,9000005,2026-01-06 17:15:00,9500137,2026-01-06 17:26:27.113719,31.0,111.0,ontime
9000005_1767720000,train,9000005,2026-01-06 17:20:00,9500132,2026-01-06 17:30:27.113719,54.0,213.0,late
9000005_1767720300,train,9000005,2026-01-06 17:25:00,9500142,2026-01-06 17:35:27.113719,26.0,86.0,ontime
9000005_1767720600,train,9000005,2026-01-06 17:30:00,9500159,2026-01-06 17:40:27.113719,75.0,67.0,ontime
9000005_1767720900,train,9000005,2026-01-06 17:35:00,9500170,2026-01-06 17:48:27.113719,192.0,25.0,ontime
9000005_1767721200,train,9000005,2026-01-06 17:40:00,9500174,2026-01-06 17:50:27.113719,110.0,7.0,ontime
9000005_1767721500,train,9000005,2026-01-06 17:45:00,9500172,2026-01-06 17:55:27.113719,71.0,-9.0,ontime
9000005_1767721800,train,9000005,2026-01-06 17:50:00,9500180,2026-01-06 18:00:27.113719,25.0,14.0,ontime
9000005_1767722100,train,9000005,2026-01-06 17:55:00,9500175,2026-01-06 18:07:27.113719,6.0,22.0,ontime
9000005_1767722400,train,9000005,2026-01-06 18:00:00,9500178,2026-01-06 18:12:27.113719,-12.0,35.0,ontime
9000005_1767722700,train,9000005,2026-01-06 18:05:00,9500183,2026-01-06 18:15:27.113719,2.0,23.0,ontime
9000006_1767666900,train,9000006,2026-01-06 02:35:00,9600014,2026-01-06 02:46:43.517831,0.0,-58.0,ontime
9000006_1767667200,train,9000006,2026-01-06 02:40:00,9600018,2026-01-06 02:50:43.517831,0.0,-70.0,early
9000006_1767667500,train,9000006,2026-01-06 02:45:00,9600024,2026-01-06 02:55:43.517831,0.0,-61.0,early
9000006_1767667800,train,9000006,2026-01-06 02:50:00,9600034,2026-01-06 03:00:43.517831,-44.0,-69.0,early
9000006_1767668100,train,9000006,2026-01-06 02:55:00,9600508,2026-01-06 03:06:43.517831,-7.0,-23.0,ontime
9000006_1767668400,train,9000006,2026-01-06 03:00:00,9600482,2026-01-06 03:10:43.517831,-111.0,51.0,ontime
9000006_1767668700,train,9000006,2026-01-06 03:05:00,9600526,2026-01-06 03:15:43.517831,15.0,27.0,ontime
9000006_1767669000,train,9000006,2026-01-06 03:10:00,9600514,2026-01-06 03:21:43.517831,24.0,-76.0,early
9000006_1767669300,train,9000006,2026-01-06 03:15:00,9600536,2026-01-06 03:25:43.517831,-4.0,57.0,ontime
9000006_1767669600,train,9000006,2026-01-06 03:20:00,9600355,2026-01-06 03:30:43.517831,15.0,-63.0,early
9000006_1767669900,train,9000006,2026-01-06 03:25:00,9600358,2026-01-06 03:35:43.517831,-19.0,-62.0,early
9000006_1767670200,train,9000006,2026-01-06 03:30:00,9600362,2026-01-06 03:40:43.517831,-9.0,8.0,ontime
9000006_1767670500,train,9000006,2026-01-06 03:35:00,9600025,2026-01-06 03:49:43.517831,-69.0,-16.0,ontime
9000006_1767670800,train,9000006,2026-01-06 03:40:00,9600023,2026-01-06 03:50:43.517831,-22.0,-52.0,ontime
9000006_1767671100,train,9000006,2026-01-06 03:45:00,9600168,2026-01-06 03:55:43.517831,-32.0,-9.0,ontime
9000006_1767671400,train,9000006,2026-01-06 03:50:00,9600022,2026-01-06 04:00:43.517831,-16.0,-32.0,ontime
9000006_1767671700,train,9000006,2026-01-06 03:55:00,9600133,2026-01-06 04:05:43.517831,-18.0,81.0,ontime
9000006_1767672000,train,9000006,2026-01-06 04:00:00,9600044,2026-01-06 04:10:43.517831,21.0,26.0,ontime
9000006_1767672300,train,9000006,2026-01-06 04:05:00,9600140,2026-01-06 04:15:43.517831,-16.0,14.0,ontime
9000006_1767672600,train,9000006,2026-01-06 04:10:00,9600159,2026-01-06 04:20:43.517831,57.0,-47.0,ontime
9000006_1767672900,train,9000006,2026-01-06 04:15:00,9600162,2026-01-06 04:25:43.517831,99.0,-43.0,ontime
9000006_1767673200,train,9000006,2026-01-06 04:20:00,9600143,2026-01-06 04:30:43.517831,-19.0,-1.0,ontime
9000006_1767673500,train,9000006,2026-01-06 04:25:00,9600148,2026-01-06 04:35:43.517831,-43.0,-42.0,ontime
9000006_1767673800,train,9000006,2026-01-06 04:30:00,9600132,2026-01-06 04:40:43.517831,49.0,0.0,ontime
9000006_1767674100,train,9000006,2026-01-06 04:35:00,9600129,2026-01-06 04:45:43.517831,-34.0,-21.0,ontime
9000006_1767674400,train,9000006,2026-01-06 04:40:00,9600003,2026-01-06 04:54:43.517831,17.0,-48.0,ontime
9000006_1767674700,train,9000006,2026-01-06 04:45:00,9600009,2026-01-06 04:55:43.517831,-7.0,-43.0,ontime
9000006_1767675000,train,9000006,2026-01-06 04:50:00,9600089,2026-01-06 05:00:43.517831,-21.0,-58.0,ontime
9000006_1767675300,train,9000006,2026-01-06 04:55:00,9600050,2026-01-06 05:06:43.517831,-48.0,-40.0,ontime
9000006_1767675600,train,9000006,2026-01-06 05:00:00,9600507,2026-01-06 05:10:43.517831,-80.0,16.0,ontime
9000006_1767675900,train,9000006,2026-01-06 05:05:00,9600173,2026-01-06 05:16:43.517831,41.0,43.0,ontime
9000006_1767676200,train,9000006,2026-01-06 05:10:00,9600184,2026-01-06 05:21:43.517831,56.0,17.0,ontime
9000006_1767676500,train,9000006,2026-01-06 05:15:00,9600174,2026-01-06 05:26:43.517831,86.0,65.0,ontime
9000006_1767676800,train,9000006,2026-01-06 05:20:00,9600181,2026-01-06 05:30:43.517831,95.0,36.0,ontime
9000006_1767677100,train,9000006,2026-01-06 05:25:00,9600188,2026-01-06 05:35:43.517831,20.0,156.0,late
9000006_1767677400,train,9000006,2026-01-06 05:30:00,9600260,2026-01-06 05:41:43.517831,14.0,35.0,ontime
9000006_1767677700,train,9000006,2026-01-06 05:35:00,9600006,2026-01-06 05:45:43.517831,103.0,-22.0,ontime
9000006_1767678000,train,9000006,2026-01-06 05:40:00,9600179,2026-01-06 05:50:43.517831,83.0,138.0,late
9000006_1767682200,train,9000006,2026-01-06 06:50:00,9600106,2026-01-06 07:01:43.517831,140.0,-67.0,early
9000006_1767682500,train,9000006,2026-01-06 06:55:00,9600313,2026-01-06 07:05:43.517831,140.0,-57.0,ontime
9000006_1767682800,train,9000006,2026-01-06 07:00:00,9600490,2026-01-06 07:11:43.517831,140.0,17.0,ontime
9000006_1767683100,train,9000006,2026-01-06 07:05:00,9600344,2026-01-06 07:15:43.517831,-77.0,39.0,ontime
9000006_1767683400,train,9000006,2026-01-06 07:10:00,9600097,2026-01-06 07:20:43.517831,18.0,31.0,ontime
9000006_1767683700,train,9000006,2026-01-06 07:15:00,9600195,2026-01-06 07:26:43.517831,-18.0,271.0,late
9000006_1767684000,train,9000006,2026-01-06 07:20:00,9600198,2026-01-06 07:30:43.517831,53.0,164.0,late
9000006_1767684300,train,9000006,2026-01-06 07:25:00,9600375,2026-01-06 07:35:43.517831,162.0,131.0,late
9000006_1767684600,train,9000006,2026-01-06 07:30:00,9600194,2026-01-06 07:40:43.517831,198.0,93.0,ontime
9000006_1767684900,train,9000006,2026-01-06 07:35:00,9600207,2026-01-06 07:45:43.517831,107.0,160.0,late
9000006_1767685200,train,9000006,2026-01-06 07:40:00,9600381,2026-01-06 07:50:43.517831,88.0,80.0,ontime
9000006_1767685500,train,9000006,2026-01-06 07:45:00,9600196,2026-01-06 07:55:43.517831,166.0,142.0,late
9000006_1767685800,train,9000006,2026-01-06 07:50:00,9600485,2026-01-06 08:00:43.517831,106.0,131.0,late
9000006_1767686400,train,9000006,2026-01-06 08:00:00,9600079,2026-01-06 08:10:43.517831,111.0,-17.0,ontime
9000006_1767686700,train,9000006,2026-01-06 08:05:00,9600376,2026-01-06 08:15:43.517831,131.0,-43.0,ontime
9000006_1767687000,train,9000006,2026-01-06 08:10:00,9600393,2026-01-06 08:20:43.517831,131.0,4.0,ontime
9000006_1767687300,train,9000006,2026-01-06 08:15:00,9600467,2026-01-06 08:25:43.517831,-71.0,52.0,ontime
9000006_1767687600,train,9000006,2026-01-06 08:20:00,9600513,2026-01-06 08:30:43.517831,-55.0,39.0,ontime
9000006_1767687900,train,9000006,2026-01-06 08:25:00,9600164,2026-01-06 08:35:43.517831,-4.0,135.0,late
9000006_1767688200,train,9000006,2026-01-06 08:30:00,9600255,2026-01-06 08:40:43.517831,44.0,112.0,ontime
9000006_1767688500,train,9000006,2026-01-06 08:35:00,9600399,2026-01-06 08:46:43.517831,105.0,73.0,ontime
9000006_1767688800,train,9000006,2026-01-06 08:40:00,9600141,2026-01-06 08:50:43.517831,33.0,71.0,ontime
9000006_1767689100,train,9000006,2026-01-06 08:45:00,9600114,2026-01-06 08:57:43.517831,70.0,53.0,ontime
9000006_1767689400,train,9000006,2026-01-06 08:50:00,9600041,2026-01-06 09:01:43.517831,47.0,0.0,ontime
9000006_1767689700,train,9000006,2026-01-06 08:55:00,9600493,2026-01-06 09:05:43.517831,99.0,109.0,ontime
9000006_1767690600,train,9000006,2026-01-06 09:10:00,9600051,2026-01-06 09:21:43.517831,192.0,-35.0,ontime
9000006_1767690900,train,9000006,2026-01-06 09:15:00,9600124,2026-01-06 09:25:43.517831,192.0,-25.0,ontime
9000006_1767691200,train,9000006,2026-01-06 09:20:00,9600382,2026-01-06 09:31:43.517831,192.0,37.0,ontime
9000006_1767691500,train,9000006,2026-01-06 09:25:00,9600343,2026-01-06 09:35:43.517831,-70.0,65.0,ontime
9000006_1767691800,train,9000006,2026-01-06 09:30:00,9600273,2026-01-06 09:40:43.517831,14.0,106.0,ontime
9000006_1767692100,train,9000006,2026-01-06 09:35:00,9600333,2026-01-06 09:45:43.517831,54.0,80.0,ontime
9000006_1767692400,train,9000006,2026-01-06 09:40:00,9600366,2026-01-06 09:50:43.517831,91.0,72.0,ontime
9000006_1767692700,train,9000006,2026-01-06 09:45:00,9600328,2026-01-06 09:55:43.517831,121.0,96.0,ontime
9000006_1767693000,train,9000006,2026-01-06 09:50:00,9600336,2026-01-06 10:01:43.517831,96.0,0.0,ontime
9000006_1767693300,train,9000006,2026-01-06 09:55:00,9600466,2026-01-06 10:05:43.517831,83.0,136.0,late
9000006_1767693600,train,9000006,2026-01-06 10:00:00,9600511,2026-01-06 10:10:43.517831,70.0,29.0,ontime
9000006_1767693900,train,9000006,2026-01-06 10:05:00,9600323,2026-01-06 10:15:43.517831,78.0,101.0,ontime
9000006_1767694200,train,9000006,2026-01-06 10:10:00,9600253,2026-01-06 10:20:43.517831,101.0,67.0,ontime
9000006_1767697200,train,9000006,2026-01-06 11:00:00,9600011,2026-01-06 11:13:43.517831,101.0,-69.0,early
9000006_1767697500,train,9000006,2026-01-06 11:05:00,9600268,2026-01-06 11:16:43.517831,101.0,-119.0,early
9000006_1767697800,train,9000006,2026-01-06 11:10:00,9600259,2026-01-06 11:20:43.517831,101.0,37.0,ontime
9000006_1767698100,train,9000006,2026-01-06 11:15:00,9600048,2026-01-06 11:25:43.517831,-3.0,89.0,ontime
9000006_1767698400,train,9000006,2026-01-06 11:20:00,9600249,2026-01-06 11:31:43.517831,-7.0,78.0,ontime
9000006_1767698700,train,9000006,2026-01-06 11:25:00,9600223,2026-01-06 11:36:43.517831,108.0,190.0,late
9000006_1767699000,train,9000006,2026-01-06 11:30:00,9600242,2026-01-06 11:40:43.517831,103.0,129.0,late
9000006_1767699300,train,9000006,2026-01-06 11:35:00,9600239,2026-01-06 11:45:43.517831,188.0,48.0,ontime
9000006_1767699600,train,9000006,2026-01-06 11:40:00,9600370,2026-01-06 11:51:43.517831,102.0,31.0,ontime
9000006_1767699900,train,9000006,2026-01-06 11:45:00,9600251,2026-01-06 11:55:43.517831,126.0,34.0,ontime
9000006_1767700200,train,9000006,2026-01-06 11:50:00,9600503,2026-01-06 12:02:43.517831,34.0,-53.0,ontime
9000006_1767700500,train,9000006,2026-01-06 11:55:00,9600462,2026-01-06 12:06:43.517831,30.0,17.0,ontime
9000006_1767700800,train,9000006,2026-01-06 12:00:00,9600474,2026-01-06 12:10:43.517831,5.0,37.0,ontime
9000006_1767701100,train,9000006,2026-01-06 12:05:00,9600236,2026-01-06 12:15:43.517831,-17.0,46.0,ontime
9000006_1767701700,train,9000006,2026-01-06 12:15:00,9600535,2026-01-06 12:25:43.517831,50.0,-28.0,ontime
9000006_1767702000,train,9000006,2026-01-06 12:20:00,9600241,2026-01-06 12:30:43.517831,46.0,-34.0,ontime
9000006_1767702300,train,9000006,2026-01-06 12:25:00,9600244,2026-01-06 12:35:43.517831,46.0,113.0,ontime
9000006_1767702600,train,9000006,2026-01-06 12:30:00,9600123,2026-01-06 12:40:43.517831,-78.0,133.0,late
9000006_1767702900,train,9000006,2026-01-06 12:35:00,9600217,2026-01-06 12:45:43.517831,71.0,159.0,late
9000006_1767703200,train,9000006,2026-01-06 12:40:00,9600007,2026-01-06 12:52:43.517831,124.0,9.0,ontime
9000006_1767703500,train,9000006,2026-01-06 12:45:00,9600219,2026-01-06 12:56:43.517831,113.0,-3.0,ontime
9000006_1767703800,train,9000006,2026-01-06 12:50:00,9600367,2026-01-06 13:00:43.517831,67.0,-93.0,early
9000006_1767704100,train,9000006,2026-01-06 12:55:00,9600374,2026-01-06 13:05:43.517831,-18.0,-71.0,early
9000006_1767704400,train,9000006,2026-01-06 13:00:00,9600105,2026-01-06 13:10:43.517831,-46.0,-23.0,ontime
9000006_1767704700,train,9000006,2026-01-06 13:05:00,9600351,2026-01-06 13:16:43.517831,-14.0,-100.0,early
9000006_1767705000,train,9000006,2026-01-06 13:10:00,9600060,2026-01-06 13:21:43.517831,-4.0,-85.0,early
9000006_1767705300,train,9000006,2026-01-06 13:15:00,9600350,2026-01-06 13:25:43.517831,-51.0,-104.0,early
9000006_1767705900,train,9000006,2026-01-06 13:25:00,9600456,2026-01-06 13:38:43.517831,-36.0,-99.0,early
9000006_1767706200,train,9000006,2026-01-06 13:30:00,9600465,2026-01-06 13:41:43.517831,-54.0,-198.0,early
9000006_1767706500,train,9000006,2026-01-06 13:35:00,9600247,2026-01-06 13:45:43.517831,-54.0,-166.0,early
9000006_1767706800,train,9000006,2026-01-06 13:40:00,9600112,2026-01-06 13:50:43.517831,-107.0,-162.0,early
9000006_1767707100,train,9000006,2026-01-06 13:45:00,9600390,2026-01-06 13:56:43.517831,-132.0,-121.0,early
9000006_1767707400,train,9000006,2026-01-06 13:50:00,9600530,2026-01-06 14:01:43.517831,-128.0,-15.0,ontime
9000006_1767707700,train,9000006,2026-01-06 13:55:00,9600520,2026-01-06 14:05:43.517831,-115.0,-74.0,early
9000006_1767708000,train,9000006,2026-01-06 14:00:00,9600214,2026-01-06 14:10:43.517831,7.0,-48.0,ontime
9000006_1767708300,train,9000006,2026-01-06 14:05:00,9600118,2026-01-06 14:16:43.517831,57.0,-2.0,ontime
9000006_1767708600,train,9000006,2026-01-06 14:10:00,9600240,2026-01-06 14:20:43.517831,-70.0,8.0,ontime
9000006_1767708900,train,9000006,2026-01-06 14:15:00,9600084,2026-01-06 14:27:43.517831,-61.0,-13.0,ontime
9000006_1767709200,train,9000006,2026-01-06 14:20:00,9600335,2026-01-06 14:31:43.517831,-32.0,-37.0,ontime
9000006_1767709500,train,9000006,2026-01-06 14:25:00,9600369,2026-01-06 14:35:43.517831,45.0,38.0,ontime
9000006_1767709800,train,9000006,2026-01-06 14:30:00,9600209,2026-01-06 14:40:43.517831,-71.0,16.0,ontime
9000006_1767710400,train,9000006,2026-01-06 14:40:00,9600043,2026-01-06 14:50:43.517831,-9.0,-118.0,early
9000006_1767710700,train,9000006,2026-01-06 14:45:00,9600100,2026-01-06 14:55:43.517831,16.0,-136.0,early
9000006_1767711000,train,9000006,2026-01-06 14:50:00,9600035,2026-01-06 15:00:43.517831,16.0,-85.0,early
9000006_1767711300,train,9000006,2026-01-06 14:55:00,9600104,2026-01-06 15:05:43.517831,-114.0,-139.0,early
9000006_1767711600,train,9000006,2026-01-06 15:00:00,9600297,2026-01-06 15:10:43.517831,-74.0,-2.0,ontime
9000006_1767711900,train,9000006,2026-01-06 15:05:00,9600398,2026-01-06 15:17:43.517831,-97.0,-130.0,early
9000006_1767712200,train,9000006,2026-01-06 15:10:00,9600461,2026-01-06 15:21:43.517831,-95.0,-157.0,early
9000006_1767712500,train,9000006,2026-01-06 15:15:00,9600512,2026-01-06 15:25:43.517831,-63.0,-158.0,early
9000006_1767712800,train,9000006,2026-01-06 15:20:00,9600281,2026-01-06 15:30:43.517831,-142.0,-212.0,early
9000006_1767713100,train,9000006,2026-01-06 15:25:00,9600280,2026-01-06 15:35:43.517831,-123.0,-93.0,early
9000006_1767713400,train,9000006,2026-01-06 15:30:00,9600286,2026-01-06 15:41:43.517831,-120.0,-133.0,early
9000006_1767713700,train,9000006,2026-01-06 15:35:00,9600040,2026-01-06 15:46:43.517831,-74.0,32.0,ontime
9000006_1767714000,train,9000006,2026-01-06 15:40:00,9600278,2026-01-06 15:50:43.517831,-166.0,4.0,ontime
9000006_1767714600,train,9000006,2026-01-06 15:50:00,9600279,2026-01-06 16:03:43.517831,64.0,-110.0,early
9000006_1767714900,train,9000006,2026-01-06 15:55:00,9600267,2026-01-06 16:06:43.517831,301.0,-160.0,early
9000006_1767715200,train,9000006,2026-01-06 16:00:00,9600509,2026-01-06 16:10:43.517831,301.0,-44.0,ontime
9000006_1767715500,train,9000006,2026-01-06 16:05:00,9600311,2026-01-06 16:15:43.517831,-114.0,-7.0,ontime
9000006_1767715800,train,9000006,2026-01-06 16:10:00,9600291,2026-01-06 16:21:43.517831,-124.0,16.0,ontime
9000006_1767716100,train,9000006,2026-01-06 16:15:00,9600377,2026-01-06 16:26:43.517831,-18.0,2.0,ontime
9000006_1767716400,train,9000006,2026-01-06 16:20:00,9600394,2026-01-06 16:30:43.517831,61.0,-42.0,ontime
9000006_1767716700,train,9000006,2026-01-06 16:25:00,9600453,2026-01-06 16:35:43.517831,81.0,-106.0,early
9000006_1767717000,train,9000006,2026-01-06 16:30:00,9600283,2026-01-06 16:41:43.517831,-3.0,-145.0,early
9000006_1767717300,train,9000006,2026-01-06 16:35:00,9600304,2026-01-06 16:45:43.517831,-62.0,-81.0,early
9000006_1767717600,train,9000006,2026-01-06 16:40:00,9600498,2026-01-06 16:52:43.517831,-97.0,-77.0,early
9000006_1767717900,train,9000006,2026-01-06 16:45:00,9600269,2026-01-06 16:56:43.517831,-101.0,-74.0,early
9000006_1767718200,train,9000006,2026-01-06 16:50:00,9600307,2026-01-06 17:00:43.517831,18.0,1.0,ontime
9000006_1767718500,train,9000006,2026-01-06 16:55:00,9600069,2026-01-06 17:05:43.517831,-62.0,12.0,ontime
9000006_1767719100,train,9000006,2026-01-06 17:05:00,9600420,2026-01-06 17:15:43.517831,299.0,-87.0,early
9000006_1767719400,train,9000006,2026-01-06 17:10:00,9600424,2026-01-06 17:20:43.517831,12.0,-108.0,early
9000006_1767719700,train,9000006,2026-01-06 17:15:00,9600446,2026-01-06 17:25:43.517831,12.0,35.0,ontime
9000006_1767720000,train,9000006,2026-01-06 17:20:00,9600425,2026-01-06 17:30:43.517831,-151.0,45.0,ontime
9000006_1767720300,train,9000006,2026-01-06 17:25:00,9600409,2026-01-06 17:35:43.517831,1.0,104.0,ontime
9000006_1767720600,train,9000006,2026-01-06 17:30:00,9600429,2026-01-06 17:42:43.517831,47.0,0.0,ontime
9000006_1767720900,train,9000006,2026-01-06 17:35:00,9600448,2026-01-06 17:46:43.517831,55.0,-90.0,early
9000006_1767721200,train,9000006,2026-01-06 17:40:00,9600422,2026-01-06 17:50:43.517831,23.0,-76.0,early
9000006_1767721500,train,9000006,2026-01-06 17:45:00,9600416,2026-01-06 17:55:43.517831,-39.0,-136.0,early
9000006_1767721800,train,9000006,2026-01-06 17:50:00,9600439,2026-01-06 18:00:43.517831,-151.0,-94.0,early
9000006_1767722100,train,9000006,2026-01-06 17:55:00,9600445,2026-01-06 18:06:43.517831,-85.0,-129.0,early
9000006_1767722400,train,9000006,2026-01-06 18:00:00,9600428,2026-01-06 18:11:43.517831,17.0,-21.0,ontime
9000006_1767722700,train,9000006,2026-01-06 18:05:00,9600435,2026-01-06 18:15:43.517831,-138.0,12.0,ontime
9000007_1767666000,train,9000007,2026-01-06 02:20:00,9700014,2026-01-06 02:30:23.905993,0.0,-53.0,ontime
9000007_1767666300,train,9000007,2026-01-06 02:25:00,9700019,2026-01-06 02:35:23.905993,0.0,-50.0,ontime
9000007_1767666600,train,9000007,2026-01-06 02:30:00,9700028,2026-01-06 02:41:23.905993,0.0,-126.0,early
9000007_1767666900,train,9000007,2026-01-06 02:35:00,9700037,2026-01-06 02:45:23.905993,-59.0,-84.0,early
9000007_1767667200,train,9000007,2026-01-06 02:40:00,9700508,2026-01-06 02:50:23.905993,-35.0,14.0,ontime
9000007_1767667500,train,9000007,2026-01-06 02:45:00,9700524,2026-01-06 02:56:23.905993,-151.0,46.0,ontime
9000007_1767667800,train,9000007,2026-01-06 02:50:00,9700527,2026-01-06 03:00:23.905993,-4.0,-19.0,ontime
9000007_1767668100,train,9000007,2026-01-06 02:55:00,9700514,2026-01-06 03:05:23.905993,44.0,-88.0,early
9000007_1767668400,train,9000007,2026-01-06 03:00:00,9700518,2026-01-06 03:10:23.905993,10.0,17.0,ontime
9000007_1767668700,train,9000007,2026-01-06 03:05:00,9700356,2026-01-06 03:16:23.905993,-22.0,-93.0,early
9000007_1767669000,train,9000007,2026-01-06 03:10:00,9700359,2026-01-06 03:21:23.905993,54.0,-55.0,ontime
9000007_1767669300,train,9000007,2026-01-06 03:15:00,9700363,2026-01-06 03:25:23.905993,-47.0,-24.0,ontime
9000007_1767669600,train,9000007,2026-01-06 03:20:00,9700025,2026-01-06 03:33:23.905993,-74.0,-66.0,early
9000007_1767669900,train,9000007,2026-01-06 03:25:00,9700026,2026-01-06 03:35:23.905993,-27.0,-39.0,ontime
9000007_1767670200,train,9000007,2026-01-06 03:30:00,9700169,2026-01-06 03:40:23.905993,-36.0,23.0,ontime
9000007_1767670500,train,9000007,2026-01-06 03:35:00,9700067,2026-01-06 03:45:23.905993,-39.0,22.0,ontime
9000007_1767670800,train,9000007,2026-01-06 03:40:00,9700155,2026-01-06 03:50:23.905993,59.0,73.0,ontime
9000007_1767671100,train,9000007,2026-01-06 03:45:00,9700090,2026-01-06 03:56:23.905993,-19.0,71.0,ontime
9000007_1767671400,train,9000007,2026-01-06 03:50:00,9700153,2026-01-06 04:00:23.905993,52.0,31.0,ontime
9000007_1767671700,train,9000007,2026-01-06 03:55:00,9700160,2026-01-06 04:06:23.905993,65.0,13.0,ontime
9000007_1767672000,train,9000007,2026-01-06 04:00:00,9700170,2026-01-06 04:10:23.905993,65.0,47.0,ontime
9000007_1767672300,train,9000007,2026-01-06 04:05:00,9700146,2026-01-06 04:17:23.905993,-22.0,-12.0,ontime
9000007_1767672600,train,9000007,2026-01-06 04:10:00,9700130,2026-01-06 04:21:23.905993,23.0,14.0,ontime
9000007_1767672900,train,9000007,2026-01-06 04:15:00,9700142,2026-01-06 04:25:23.905993,20.0,8.0,ontime
9000007_1767673500,train,9000007,2026-01-06 04:25:00,9700003,2026-01-06 04:38:23.905993,-7.0,-52.0,ontime
9000007_1767673800,train,9000007,2026-01-06 04:30:00,9700027,2026-01-06 04:41:23.905993,-9.0,-106.0,early
9000007_1767674100,train,9000007,2026-01-06 04:35:00,9700099,2026-01-06 04:45:23.905993,-9.0,0.0,ontime
9000007_1767674400,train,9000007,2026-01-06 04:40:00,9700050,2026-01-06 04:50:23.905993,-5.0,-46.0,ontime
9000007_1767674700,train,9000007,2026-01-06 04:45:00,9700463,2026-01-06 04:56:23.905993,-63.0,0.0,ontime
9000007_1767675000,train,9000007,2026-01-06 04:50:00,9700173,2026-01-06 05:00:23.905993,-3.0,66.0,ontime
9000007_1767675300,train,9000007,2026-01-06 04:55:00,9700184,2026-01-06 05:05:23.905993,-1.0,73.0,ontime
9000007_1767675600,train,9000007,2026-01-06 05:00:00,9700174,2026-01-06 05:10:23.905993,31.0,83.0,ontime
9000007_1767675900,train,9000007,2026-01-06 05:05:00,9700372,2026-01-06 05:16:23.905993,134.0,-1.0,ontime
9000007_1767676200,train,9000007,2026-01-06 05:10:00,9700189,2026-01-06 05:20:23.905993,37.0,131.0,late
9000007_1767676500,train,9000007,2026-01-06 05:15:00,9700260,2026-01-06 05:25:23.905993,41.0,65.0,ontime
9000007_1767676800,train,9000007,2026-01-06 05:20:00,9700396,2026-01-06 05:30:23.905993,156.0,66.0,ontime
9000007_1767677100,train,9000007,2026-01-06 05:25:00,9700185,2026-01-06 05:35:23.905993,59.0,145.0,late
9000007_1767681300,train,9000007,2026-01-06 06:35:00,9700106,2026-01-06 06:45:23.905993,128.0,-39.0,ontime
9000007_1767681600,train,9000007,2026-01-06 06:40:00,9700315,2026-01-06 06:50:23.905993,128.0,-57.0,ontime
9000007_1767681900,train,9000007,2026-01-06 06:45:00,9700490,2026-01-06 06:55:23.905993,128.0,45.0,ontime
9000007_1767682200,train,9000007,2026-01-06 06:50:00,9700000,2026-01-06 07:00:23.905993,-3.0,104.0,ontime
9000007_1767682500,train,9000007,2026-01-06 06:55:00,9700496,2026-01-06 07:05:23.905993,48.0,100.0,ontime
9000007_1767682800,train,9000007,2026-01-06 07:00:00,9700195,2026-01-06 07:10:23.905993,66.0,281.0,late
9000007_1767683100,train,9000007,2026-01-06 07:05:00,9700200,2026-01-06 07:15:23.905993,25.0,209.0,late
9000007_1767683400,train,9000007,2026-01-06 07:10:00,9700271,2026-01-06 07:21:23.905993,136.0,44.0,ontime
9000007_1767683700,train,9000007,2026-01-06 07:15:00,9700203,2026-01-06 07:25:23.905993,173.0,152.0,late
9000007_1767684000,train,9000007,2026-01-06 07:20:00,9700262,2026-01-06 07:32:23.905993,67.0,95.0,ontime
9000007_1767684300,train,9000007,2026-01-06 07:25:00,9700058,2026-01-06 07:36:23.905993,85.0,93.0,ontime
9000007_1767684600,train,9000007,2026-01-06 07:30:00,9700199,2026-01-06 07:40:23.905993,150.0,147.0,late
9000007_1767685200,train,9000007,2026-01-06 07:40:00,9700079,2026-01-06 07:54:23.905993,137.0,-28.0,ontime
9000007_1767685500,train,9000007,2026-01-06 07:45:00,9700080,2026-01-06 07:55:23.905993,111.0,-16.0,ontime
9000007_1767685800,train,9000007,2026-01-06 07:50:00,9700138,2026-01-06 08:00:23.905993,111.0,-72.0,early
9000007_1767686100,train,9000007,2026-01-06 07:55:00,9700501,2026-01-06 08:06:23.905993,-28.0,-69.0,early
9000007_1767686400,train,9000007,2026-01-06 08:00:00,9700471,2026-01-06 08:10:23.905993,-103.0,5.0,ontime
9000007_1767686700,train,9000007,2026-01-06 08:05:00,9700144,2026-01-06 08:16:23.905993,-20.0,92.0,ontime
9000007_1767687000,train,9000007,2026-01-06 08:10:00,9700167,2026-01-06 08:21:23.905993,-9.0,103.0,ontime
9000007_1767687300,train,9000007,2026-01-06 08:15:00,9700272,2026-01-06 08:26:23.905993,42.0,85.0,ontime
9000007_1767687600,train,9000007,2026-01-06 08:20:00,9700399,2026-01-06 08:30:23.905993,180.0,69.0,ontime
9000007_1767687900,train,9000007,2026-01-06 08:25:00,9700147,2026-01-06 08:35:23.905993,138.0,71.0,ontime
9000007_1767688200,train,9000007,2026-01-06 08:30:00,9700114,2026-01-06 08:41:23.905993,34.0,46.0,ontime
9000007_1767688500,train,9000007,2026-01-06 08:35:00,9700041,2026-01-06 08:45:23.905993,92.0,0.0,ontime
9000007_1767688800,train,9000007,2026-01-06 08:40:00,9700134,2026-01-06 08:50:23.905993,108.0,242.0,late
9000007_1767689700,train,9000007,2026-01-06 08:55:00,9700051,2026-01-06 09:05:23.905993,225.0,-54.0,ontime
9000007_1767690000,train,9000007,2026-01-06 09:00:00,9700101,2026-01-06 09:10:23.905993,225.0,-62.0,early
9000007_1767690300,train,9000007,2026-01-06 09:05:00,9700382,2026-01-06 09:15:23.905993,225.0,74.0,ontime
9000007_1767690600,train,9000007,2026-01-06 09:10:00,9700345,2026-01-06 09:20:23.905993,-25.0,28.0,ontime
9000007_1767690900,train,9000007,2026-01-06 09:15:00,9700487,2026-01-06 09:25:23.905993,35.0,93.0,ontime
9000007_1767691200,train,9000007,2026-01-06 09:20:00,9700341,2026-01-06 09:32:23.905993,65.0,47.0,ontime
9000007_1767691500,train,9000007,2026-01-06 09:25:00,9700492,2026-01-06 09:36:23.905993,94.0,53.0,ontime
9000007_1767691800,train,9000007,2026-01-06 09:30:00,9700330,2026-01-06 09:40:23.905993,100.0,62.0,ontime
9000007_1767692100,train,9000007,2026-01-06 09:35:00,9700336,2026-01-06 09:45:23.905993,95.0,-16.0,ontime
9000007_1767692400,train,9000007,2026-01-06 09:40:00,9700469,2026-01-06 09:50:23.905993,42.0,74.0,ontime
9000007_1767692700,train,9000007,2026-01-06 09:45:00,9700339,2026-01-06 09:56:23.905993,64.0,7.0,ontime
9000007_1767693000,train,9000007,2026-01-06 09:50:00,9700324,2026-01-06 10:01:23.905993,157.0,87.0,ontime
9000007_1767693300,train,9000007,2026-01-06 09:55:00,9700001,2026-01-06 10:05:23.905993,48.0,53.0,ontime
9000007_1767696300,train,9000007,2026-01-06 10:45:00,9700011,2026-01-06 10:57:23.905993,77.0,-35.0,ontime
9000007_1767696600,train,9000007,2026-01-06 10:50:00,9700268,2026-01-06 11:00:23.905993,77.0,-88.0,early
9000007_1767696900,train,9000007,2026-01-06 10:55:00,9700389,2026-01-06 11:05:23.905993,77.0,87.0,ontime
9000007_1767697200,train,9000007,2026-01-06 11:00:00,9700062,2026-01-06 11:10:23.905993,-59.0,99.0,ontime
9000007_1767697500,train,9000007,2026-01-06 11:05:00,9700249,2026-01-06 11:15:23.905993,9.0,75.0,ontime
9000007_1767697800,train,9000007,2026-01-06 11:10:00,9700223,2026-01-06 11:20:23.905993,91.0,124.0,late
9000007_1767698100,train,9000007,2026-01-06 11:15:00,9700224,2026-01-06 11:26:23.905993,101.0,53.0,ontime
9000007_1767698400,train,9000007,2026-01-06 11:20:00,9700073,2026-01-06 11:31:23.905993,164.0,-26.0,ontime
9000007_1767698700,train,9000007,2026-01-06 11:25:00,9700370,2026-01-06 11:35:23.905993,120.0,13.0,ontime
9000007_1767699000,train,9000007,2026-01-06 11:30:00,9700222,2026-01-06 11:40:23.905993,56.0,2.0,ontime
9000007_1767699300,train,9000007,2026-01-06 11:35:00,9700503,2026-01-06 11:46:23.905993,7.0,-18.0,ontime
9000007_1767699600,train,9000007,2026-01-06 11:40:00,9700462,2026-01-06 11:50:23.905993,22.0,21.0,ontime
9000007_1767699900,train,9000007,2026-01-06 11:45:00,9700481,2026-01-06 11:56:23.905993,-3.0,73.0,ontime
9000007_1767700500,train,9000007,2026-01-06 11:55:00,9700535,2026-01-06 12:09:23.905993,98.0,-36.0,ontime
9000007_1767700800,train,9000007,2026-01-06 12:00:00,9700517,2026-01-06 12:10:23.905993,88.0,-40.0,ontime
9000007_1767701100,train,9000007,2026-01-06 12:05:00,9700004,2026-01-06 12:15:23.905993,88.0,-70.0,early
9000007_1767701400,train,9000007,2026-01-06 12:10:00,9700353,2026-01-06 12:21:23.905993,-36.0,51.0,ontime
9000007_1767701700,train,9000007,2026-01-06 12:15:00,9700379,2026-01-06 12:25:23.905993,-93.0,117.0,ontime
9000007_1767702000,train,9000007,2026-01-06 12:20:00,9700230,2026-01-06 12:32:23.905993,74.0,31.0,ontime
9000007_1767702300,train,9000007,2026-01-06 12:25:00,9700007,2026-01-06 12:36:23.905993,42.0,15.0,ontime
9000007_1767702600,train,9000007,2026-01-06 12:30:00,9700219,2026-01-06 12:40:23.905993,134.0,-6.0,ontime
9000007_1767702900,train,9000007,2026-01-06 12:35:00,9700491,2026-01-06 12:45:23.905993,62.0,-54.0,ontime
9000007_1767703200,train,9000007,2026-01-06 12:40:00,9700246,2026-01-06 12:50:23.905993,-41.0,-72.0,early
9000007_1767703500,train,9000007,2026-01-06 12:45:00,9700489,2026-01-06 12:55:23.905993,-85.0,-38.0,ontime
9000007_1767703800,train,9000007,2026-01-06 12:50:00,9700351,2026-01-06 13:00:23.905993,-117.0,-65.0,early
9000007_1767704100,train,9000007,2026-01-06 12:55:00,9700060,2026-01-06 13:05:23.905993,-11.0,-87.0,early
9000007_1767704400,train,9000007,2026-01-06 13:00:00,9700352,2026-01-06 13:10:23.905993,-37.0,-97.0,early
9000007_1767705000,train,9000007,2026-01-06 13:10:00,9700456,2026-01-06 13:22:23.905993,-94.0,-80.0,early
9000007_1767705300,train,9000007,2026-01-06 13:15:00,9700465,2026-01-06 13:25:23.905993,-57.0,-144.0,early
9000007_1767705600,train,9000007,2026-01-06 13:20:00,9700248,2026-01-06 13:30:23.905993,-57.0,-123.0,early
9000007_1767705900,train,9000007,2026-01-06 13:25:00,9700126,2026-01-06 13:35:23.905993,-116.0,-123.0,early
9000007_1767706200,train,9000007,2026-01-06 13:30:00,9700390,2026-01-06 13:40:23.905993,-138.0,-92.0,early
9000007_1767706500,train,9000007,2026-01-06 13:35:00,9700530,2026-01-06 13:45:23.905993,-160.0,23.0,ontime
9000007_1767706800,train,9000007,2026-01-06 13:40:00,9700539,2026-01-06 13:51:23.905993,-77.0,-63.0,early
9000007_1767707100,train,9000007,2026-01-06 13:45:00,9700215,2026-01-06 13:56:23.905993,6.0,-122.0,early
9000007_1767707400,train,9000007,2026-01-06 13:50:00,9700118,2026-01-06 14:00:23.905993,-32.0,6.0,ontime
9000007_1767707700,train,9000007,2026-01-06 13:55:00,9700210,2026-01-06 14:05:23.905993,-75.0,57.0,ontime
9000007_1767708000,train,9000007,2026-01-06 14:00:00,9700084,2026-01-06 14:11:23.905993,-53.0,-11.0,ontime
9000007_1767708300,train,9000007,2026-01-06 14:05:00,9700335,2026-01-06 14:15:23.905993,-21.0,-4.0,ontime
9000007_1767708600,train,9000007,2026-01-06 14:10:00,9700321,2026-01-06 14:21:23.905993,-2.0,-2.0,ontime
9000007_1767709200,train,9000007,2026-01-06 14:20:00,9700043,2026-01-06 14:34:23.905993,30.0,-120.0,early
9000007_1767709500,train,9000007,2026-01-06 14:25:00,9700042,2026-01-06 14:35:23.905993,5.0,-71.0,early
9000007_1767709800,train,9000007,2026-01-06 14:30:00,9700264,2026-01-06 14:40:23.905993,5.0,-136.0,early
9000007_1767710100,train,9000007,2026-01-06 14:35:00,9700054,2026-01-06 14:46:23.905993,-120.0,-88.0,early
9000007_1767710400,train,9000007,2026-01-06 14:40:00,9700292,2026-01-06 14:50:23.905993,-92.0,-40.0,ontime
9000007_1767710700,train,9000007,2026-01-06 14:45:00,9700387,2026-01-06 14:57:23.905993,-92.0,-90.0,early
9000007_1767711000,train,9000007,2026-01-06 14:50:00,9700398,2026-01-06 15:01:23.905993,-67.0,-148.0,early
9000007_1767711300,train,9000007,2026-01-06 14:55:00,9700461,2026-01-06 15:05:23.905993,-9.0,-122.0,early
9000007_1767711600,train,9000007,2026-01-06 15:00:00,9700516,2026-01-06 15:10:23.905993,-78.0,-159.0,early
9000007_1767711900,train,9000007,2026-01-06 15:05:00,9700295,2026-01-06 15:15:23.905993,-152.0,-141.0,early
9000007_1767712200,train,9000007,2026-01-06 15:10:00,9700285,2026-01-06 15:20:23.905993,-156.0,-71.0,early
9000007_1767712500,train,9000007,2026-01-06 15:15:00,9700286,2026-01-06 15:25:23.905993,-202.0,-133.0,early
9000007_1767712800,train,9000007,2026-01-06 15:20:00,9700040,2026-01-06 15:30:23.905993,-63.0,10.0,ontime
9000007_1767713100,train,9000007,2026-01-06 15:25:00,9700274,2026-01-06 15:35:23.905993,-142.0,299.0,late
9000007_1767713700,train,9000007,2026-01-06 15:35:00,9700279,2026-01-06 15:47:23.905993,24.0,-108.0,early
9000007_1767714000,train,9000007,2026-01-06 15:40:00,9700267,2026-01-06 15:50:23.905993,293.0,-185.0,early
9000007_1767714300,train,9000007,2026-01-06 15:45:00,9700459,2026-01-06 15:55:23.905993,293.0,5.0,ontime
9000007_1767714600,train,9000007,2026-01-06 15:50:00,9700312,2026-01-06 16:00:23.905993,-114.0,15.0,ontime
9000007_1767714900,train,9000007,2026-01-06 15:55:00,9700291,2026-01-06 16:05:23.905993,0.0,23.0,ontime
9000007_1767715200,train,9000007,2026-01-06 16:00:00,9700377,2026-01-06 16:10:23.905993,-53.0,24.0,ontime
9000007_1767715500,train,9000007,2026-01-06 16:05:00,9700505,2026-01-06 16:16:23.905993,31.0,-96.0,early
9000007_1767715800,train,9000007,2026-01-06 16:10:00,9700533,2026-01-06 16:21:23.905993,53.0,-129.0,early
9000007_1767716100,train,9000007,2026-01-06 16:15:00,9700283,2026-01-06 16:25:23.905993,-42.0,-153.0,early
9000007_1767716400,train,9000007,2026-01-06 16:20:00,9700306,2026-01-06 16:30:23.905993,-134.0,-79.0,early
9000007_1767716700,train,9000007,2026-01-06 16:25:00,9700498,2026-01-06 16:36:23.905993,-155.0,-13.0,ontime
9000007_1767717000,train,9000007,2026-01-06 16:30:00,9700269,2026-01-06 16:40:23.905993,-67.0,-56.0,ontime
9000007_1767717300,train,9000007,2026-01-06 16:35:00,9700275,2026-01-06 16:46:23.905993,12.0,22.0,ontime
9000007_1767717900,train,9000007,2026-01-06 16:45:00,9700420,2026-01-06 16:59:23.905993,21.0,-119.0,early
9000007_1767718200,train,9000007,2026-01-06 16:50:00,9700411,2026-01-06 17:00:23.905993,8.0,-125.0,early
9000007_1767718500,train,9000007,2026-01-06 16:55:00,9700449,2026-01-06 17:05:23.905993,8.0,-101.0,early
9000007_1767718800,train,9000007,2026-01-06 17:00:00,9700431,2026-01-06 17:11:23.905993,-119.0,22.0,ontime
9000007_1767719100,train,9000007,2026-01-06 17:05:00,9700523,2026-01-06 17:15:23.905993,-111.0,54.0,ontime
9000007_1767719400,train,9000007,2026-01-06 17:10:00,9700433,2026-01-06 17:22:23.905993,20.0,27.0,ontime
9000007_1767719700,train,9000007,2026-01-06 17:15:00,9700429,2026-01-06 17:26:23.905993,62.0,16.0,ontime
9000007_1767720000,train,9000007,2026-01-06 17:20:00,9700448,2026-01-06 17:30:23.905993,81.0,-64.0,early
9000007_1767720300,train,9000007,2026-01-06 17:25:00,9700444,2026-01-06 17:35:23.905993,55.0,-162.0,early
9000007_1767720600,train,9000007,2026-01-06 17:30:00,9700436,2026-01-06 17:40:23.905993,-29.0,-88.0,early
9000007_1767720900,train,9000007,2026-01-06 17:35:00,9700415,2026-01-06 17:45:23.905993,-141.0,-60.0,ontime
9000007_1767721200,train,9000007,2026-01-06 17:40:00,9700445,2026-01-06 17:50:23.905993,-116.0,-119.0,early
9000007_1767721500,train,9000007,2026-01-06 17:45:00,9700428,2026-01-06 17:55:23.905993,-61.0,18.0,ontime
9000007_1767721800,train,9000007,2026-01-06 17:50:00,9700421,2026-01-06 18:00:23.905993,-96.0,44.0,ontime
9000008_1767731700,train,9000008,2026-01-06 20:35:00,9800009,2026-01-06 20:46:44.668559,0.0,85.0,ontime
9000008_1767732000,train,9000008,2026-01-06 20:40:00,9800125,2026-01-06 20:51:44.668559,0.0,85.0,ontime
9000008_1767732300,train,9000008,2026-01-06 20:45:00,9800000,2026-01-06 20:56:44.668559,0.0,-4.0,ontime
9000008_1767732600,train,9000008,2026-01-06 20:50:00,9800133,2026-01-06 21:00:44.668559,118.0,104.0,ontime
9000008_1767732900,train,9000008,2026-01-06 20:55:00,9800139,2026-01-06 21:07:44.668559,86.0,57.0,ontime
9000008_1767733200,train,9000008,2026-01-06 21:00:00,9800141,2026-01-06 21:10:44.668559,43.0,190.0,late
9000008_1767733500,train,9000008,2026-01-06 21:05:00,9800002,2026-01-06 21:15:44.668559,28.0,175.0,late
9000008_1767733800,train,9000008,2026-01-06 21:10:00,9800135,2026-01-06 21:20:44.668559,211.0,173.0,late
9000008_1767734100,train,9000008,2026-01-06 21:15:00,9800136,2026-01-06 21:26:44.668559,123.0,195.0,late
9000008_1767734400,train,9000008,2026-01-06 21:20:00,9800149,2026-01-06 21:30:44.668559,184.0,205.0,late
9000008_1767734700,train,9000008,2026-01-06 21:25:00,9800001,2026-01-06 21:35:44.668559,213.0,122.0,late
9000008_1767735000,train,9000008,2026-01-06 21:30:00,9800005,2026-01-06 21:40:44.668559,219.0,60.0,ontime
9000008_1767735300,train,9000008,2026-01-06 21:35:00,9800008,2026-01-06 21:45:44.668559,205.0,159.0,late
9000008_1767735600,train,9000008,2026-01-06 21:40:00,9800126,2026-01-06 21:50:44.668559,153.0,131.0,late
9000008_1767736200,train,9000008,2026-01-06 21:50:00,9800034,2026-01-06 22:01:44.668559,204.0,-7.0,ontime
9000008_1767736500,train,9000008,2026-01-06 21:55:00,9800033,2026-01-06 22:05:44.668559,158.0,-16.0,ontime
9000008_1767736800,train,9000008,2026-01-06 22:00:00,9800030,2026-01-06 22:10:44.668559,158.0,2.0,ontime
9000008_1767737100,train,9000008,2026-01-06 22:05:00,9800015,2026-01-06 22:17:44.668559,20.0,11.0,ontime
9000008_1767737400,train,9000008,2026-01-06 22:10:00,9800016,2026-01-06 22:22:44.668559,-3.0,-8.0,ontime
9000008_1767737700,train,9000008,2026-01-06 22:15:00,9800041,2026-01-06 22:28:44.668559,34.0,1.0,ontime
9000008_1767738000,train,9000008,2026-01-06 22:20:00,9800035,2026-01-06 22:30:44.668559,-12.0,23.0,ontime
9000008_1767738300,train,9000008,2026-01-06 22:25:00,9800011,2026-01-06 22:35:44.668559,-28.0,-17.0,ontime
9000008_1767738600,train,9000008,2026-01-06 22:30:00,9800024,2026-01-06 22:40:44.668559,1.0,-36.0,ontime
9000008_1767738900,train,9000008,2026-01-06 22:35:00,9800039,2026-01-06 22:46:44.668559,8.0,-7.0,ontime
9000008_1767739200,train,9000008,2026-01-06 22:40:00,9800027,2026-01-06 22:50:44.668559,24.0,-5.0,ontime
9000008_1767739500,train,9000008,2026-01-06 22:45:00,9800023,2026-01-06 22:55:44.668559,27.0,-2.0,ontime
9000008_1767739800,train,9000008,2026-01-06 22:50:00,9800047,2026-01-06 23:00:44.668559,36.0,-15.0,ontime
9000008_1767740100,train,9000008,2026-01-06 22:55:00,9800021,2026-01-06 23:06:44.668559,36.0,12.0,ontime
9000008_1767740400,train,9000008,2026-01-06 23:00:00,9800019,2026-01-06 23:10:44.668559,9.0,-21.0,ontime
9000008_1767742200,train,9000008,2026-01-06 23:30:00,9800150,2026-01-06 23:41:44.668559,-21.0,9.0,ontime
9000008_1767742500,train,9000008,2026-01-06 23:35:00,9800096,2026-01-06 23:46:44.668559,-21.0,6.0,ontime
9000008_1767742800,train,9000008,2026-01-06 23:40:00,9800056,2026-01-06 23:50:44.668559,-21.0,4.0,ontime
9000008_1767743100,train,9000008,2026-01-06 23:45:00,9800091,2026-01-06 23:56:44.668559,0.0,37.0,ontime
9000008_1767743400,train,9000008,2026-01-06 23:50:00,9800089,2026-01-07 00:01:44.668559,16.0,13.0,ontime
9000008_1767743700,train,9000008,2026-01-06 23:55:00,9800127,2026-01-07 00:08:44.668559,-6.0,-27.0,ontime
9000008_1767744000,train,9000008,2026-01-07 00:00:00,9800147,2026-01-07 00:11:44.668559,35.0,11.0,ontime
9000008_1767744300,train,9000008,2026-01-07 00:05:00,9800131,2026-01-07 00:15:44.668559,-2.0,9.0,ontime
9000008_1767744600,train,9000008,2026-01-07 00:10:00,9800086,2026-01-07 00:20:44.668559,-1.0,23.0,ontime
9000008_1767744900,train,9000008,2026-01-07 00:15:00,9800083,2026-01-07 00:29:44.668559,-46.0,-5.0,ontime
9000008_1767745200,train,9000008,2026-01-07 00:20:00,9800082,2026-01-07 00:30:44.668559,-24.0,4.0,ontime
9000009_1767729600,train,9000009,2026-01-06 20:00:00,9900009,2026-01-06 20:13:23.743405,0.0,67.0,ontime
9000009_1767729900,train,9000009,2026-01-06 20:05:00,9900074,2026-01-06 20:15:23.743405,0.0,95.0,ontime
9000009_1767730200,train,9000009,2026-01-06 20:10:00,9900128,2026-01-06 20:21:23.743405,0.0,41.0,ontime
9000009_1767730500,train,9000009,2026-01-06 20:15:00,9900053,2026-01-06 20:25:23.743405,58.0,10.0,ontime
9000009_1767730800,train,9000009,2026-01-06 20:20:00,9900144,2026-01-06 20:31:23.743405,64.0,39.0,ontime
9000009_1767731100,train,9000009,2026-01-06 20:25:00,9900140,2026-01-06 20:35:23.743405,-2.0,176.0,late
9000009_1767731400,train,9000009,2026-01-06 20:30:00,9900142,2026-01-06 20:41:23.743405,55.0,165.0,late
9000009_1767731700,train,9000009,2026-01-06 20:35:00,9900004,2026-01-06 20:46:23.743405,61.0,152.0,late
9000009_1767732000,train,9000009,2026-01-06 20:40:00,9900136,2026-01-06 20:53:23.743405,245.0,157.0,late
9000009_1767732300,train,9000009,2026-01-06 20:45:00,9900145,2026-01-06 20:55:23.743405,144.0,202.0,late
9000009_1767732600,train,9000009,2026-01-06 20:50:00,9900001,2026-01-06 21:02:23.743405,251.0,141.0,late
9000009_1767732900,train,9000009,2026-01-06 20:55:00,9900006,2026-01-06 21:06:23.743405,181.0,111.0,ontime
9000009_1767733200,train,9000009,2026-01-06 21:00:00,9900008,2026-01-06 21:12:23.743405,207.0,170.0,late
9000009_1767733500,train,9000009,2026-01-06 21:05:00,9900010,2026-01-06 21:15:23.743405,107.0,164.0,late
9000009_1767733800,train,9000009,2026-01-06 21:10:00,9900050,2026-01-06 21:21:23.743405,81.0,172.0,late
9000009_1767734100,train,9000009,2026-01-06 21:15:00,9900034,2026-01-06 21:28:23.743405,179.0,-9.0,ontime
9000009_1767734400,train,9000009,2026-01-06 21:20:00,9900033,2026-01-06 21:32:23.743405,119.0,21.0,ontime
9000009_1767734700,train,9000009,2026-01-06 21:25:00,9900030,2026-01-06 21:37:23.743405,157.0,-17.0,ontime
9000009_1767735000,train,9000009,2026-01-06 21:30:00,9900015,2026-01-06 21:44:23.743405,30.0,9.0,ontime
9000009_1767735300,train,9000009,2026-01-06 21:35:00,9900036,2026-01-06 21:45:23.743405,-22.0,-2.0,ontime
9000009_1767735600,train,9000009,2026-01-06 21:40:00,9900042,2026-01-06 21:50:23.743405,2.0,21.0,ontime
9000009_1767735900,train,9000009,2026-01-06 21:45:00,9900041,2026-01-06 21:55:23.743405,9.0,-7.0,ontime
9000009_1767736200,train,9000009,2026-01-06 21:50:00,9900031,2026-01-06 22:01:23.743405,-34.0,-22.0,ontime
9000009_1767736500,train,9000009,2026-01-06 21:55:00,9900026,2026-01-06 22:06:23.743405,21.0,-31.0,ontime
9000009_1767736800,train,9000009,2026-01-06 22:00:00,9900022,2026-01-06 22:11:23.743405,0.0,-30.0,ontime
9000009_1767737100,train,9000009,2026-01-06 22:05:00,9900027,2026-01-06 22:17:23.743405,-16.0,-6.0,ontime
9000009_1767737400,train,9000009,2026-01-06 22:10:00,9900048,2026-01-06 22:21:23.743405,8.0,-24.0,ontime
9000009_1767737700,train,9000009,2026-01-06 22:15:00,9900028,2026-01-06 22:25:23.743405,-22.0,7.0,ontime
9000009_1767738000,train,9000009,2026-01-06 22:20:00,9900020,2026-01-06 22:30:23.743405,0.0,-22.0,ontime
9000009_1767738300,train,9000009,2026-01-06 22:25:00,9900043,2026-01-06 22:35:23.743405,-26.0,17.0,ontime
9000009_1767740100,train,9000009,2026-01-06 22:55:00,9900150,2026-01-06 23:08:23.743405,-2.0,-6.0,ontime
9000009_1767740400,train,9000009,2026-01-06 23:00:00,9900151,2026-01-06 23:10:23.743405,-2.0,34.0,ontime
9000009_1767740700,train,9000009,2026-01-06 23:05:00,9900057,2026-01-06 23:16:23.743405,-2.0,-26.0,ontime
9000009_1767741000,train,9000009,2026-01-06 23:10:00,9900093,2026-01-06 23:20:23.743405,7.0,26.0,ontime
9000009_1767741300,train,9000009,2026-01-06 23:15:00,9900090,2026-01-06 23:25:23.743405,-20.0,17.0,ontime
9000009_1767741600,train,9000009,2026-01-06 23:20:00,9900123,2026-01-06 23:31:23.743405,16.0,5.0,ontime
9000009_1767741900,train,9000009,2026-01-06 23:25:00,9900127,2026-01-06 23:35:23.743405,-7.0,13.0,ontime
9000009_1767742200,train,9000009,2026-01-06 23:30:00,9900129,2026-01-06 23:40:23.743405,-16.0,14.0,ontime
9000009_1767742500,train,9000009,2026-01-06 23:35:00,9900086,2026-01-06 23:47:23.743405,5.0,20.0,ontime
9000009_1767742800,train,9000009,2026-01-06 23:40:00,9900084,2026-01-06 23:51:23.743405,-3.0,-12.0,ontime
9000009_1767743100,train,9000009,2026-01-06 23:45:00,9900083,2026-01-06 23:56:23.743405,24.0,-57.0,ontime
9000010_1767674400,train,9000010,2026-01-06 04:40:00,10000001,2026-01-06 04:54:47.942481,0.0,-2.0,ontime
9000010_1767674700,train,9000010,2026-01-06 04:45:00,10000046,2026-01-06 04:55:47.942481,0.0,98.0,ontime
9000010_1767675000,train,9000010,2026-01-06 04:50:00,10000057,2026-01-06 05:01:47.942481,0.0,46.0,ontime
9000010_1767675300,train,9000010,2026-01-06 04:55:00,10000041,2026-01-06 05:05:47.942481,26.0,1.0,ontime
9000010_1767675600,train,9000010,2026-01-06 05:00:00,10000271,2026-01-06 05:10:47.942481,63.0,24.0,ontime
9000010_1767675900,train,9000010,2026-01-06 05:05:00,10000017,2026-01-06 05:15:47.942481,-9.0,212.0,late
9000010_1767676200,train,9000010,2026-01-06 05:10:00,10000097,2026-01-06 05:20:47.942481,20.0,125.0,late
9000010_1767676500,train,9000010,2026-01-06 05:15:00,10000042,2026-01-06 05:25:47.942481,248.0,212.0,late
9000010_1767676800,train,9000010,2026-01-06 05:20:00,10000290,2026-01-06 05:31:47.942481,151.0,259.0,late
9000010_1767677700,train,9000010,2026-01-06 05:35:00,10000289,2026-01-06 05:46:47.942481,259.0,17.0,ontime
9000010_1767678000,train,9000010,2026-01-06 05:40:00,10000000,2026-01-06 05:51:47.942481,259.0,52.0,ontime
9000010_1767678300,train,9000010,2026-01-06 05:45:00,10000009,2026-01-06 05:55:47.942481,259.0,25.0,ontime
9000010_1767678600,train,9000010,2026-01-06 05:50:00,10000020,2026-01-06 06:00:47.942481,71.0,-14.0,ontime
9000010_1767678900,train,9000010,2026-01-06 05:55:00,10000069,2026-01-06 06:05:47.942481,79.0,62.0,ontime
9000010_1767679200,train,9000010,2026-01-06 06:00:00,10000021,2026-01-06 06:10:47.942481,-35.0,4.0,ontime
9000010_1767679500,train,9000010,2026-01-06 06:05:00,10000071,2026-01-06 06:15:47.942481,75.0,-146.0,early
9000010_1767679800,train,9000010,2026-01-06 06:10:00,10000018,2026-01-06 06:21:47.942481,8.0,-95.0,early
9000010_1767680100,train,9000010,2026-01-06 06:15:00,10000253,2026-01-06 06:25:47.942481,-43.0,-136.0,early
9000010_1767681300,train,9000010,2026-01-06 06:35:00,10000147,2026-01-06 06:45:47.942481,-26.0,31.0,ontime
9000010_1767681600,train,9000010,2026-01-06 06:40:00,10000148,2026-01-06 06:50:47.942481,-26.0,-20.0,ontime
9000010_1767681900,train,9000010,2026-01-06 06:45:00,10000120,2026-01-06 06:55:47.942481,-26.0,-20.0,ontime
9000010_1767682200,train,9000010,2026-01-06 06:50:00,10000157,2026-01-06 07:00:47.942481,18.0,-45.0,ontime
9000010_1767682500,train,9000010,2026-01-06 06:55:00,10000115,2026-01-06 07:05:47.942481,6.0,-11.0,ontime
9000010_1767682800,train,9000010,2026-01-06 07:00:00,10000162,2026-01-06 07:10:47.942481,-11.0,-26.0,ontime
9000010_1767683100,train,9000010,2026-01-06 07:05:00,10000114,2026-01-06 07:15:47.942481,9.0,-7.0,ontime
9000010_1767683400,train,9000010,2026-01-06 07:10:00,10000155,2026-01-06 07:21:47.942481,13.0,20.0,ontime
9000010_1767686100,train,9000010,2026-01-06 07:55:00,10000262,2026-01-06 08:07:47.942481,24.0,29.0,ontime
9000010_1767686400,train,9000010,2026-01-06 08:00:00,10000107,2026-01-06 08:10:47.942481,24.0,38.0,ontime
9000010_1767686700,train,9000010,2026-01-06 08:05:00,10000254,2026-01-06 08:16:47.942481,24.0,124.0,late
9000010_1767687000,train,9000010,2026-01-06 08:10:00,10000267,2026-01-06 08:20:47.942481,40.0,99.0,ontime
9000010_1767687300,train,9000010,2026-01-06 08:15:00,10000297,2026-01-06 08:25:47.942481,74.0,258.0,late
9000010_1767687600,train,9000010,2026-01-06 08:20:00,10000073,2026-01-06 08:30:47.942481,93.0,85.0,ontime
9000010_1767687900,train,9000010,2026-01-06 08:25:00,10000044,2026-01-06 08:36:47.942481,173.0,157.0,late
9000010_1767688200,train,9000010,2026-01-06 08:30:00,10000090,2026-01-06 08:40:47.942481,142.0,128.0,late
9000010_1767688500,train,9000010,2026-01-06 08:35:00,10000285,2026-01-06 08:45:47.942481,182.0,7.0,ontime
9000010_1767690000,train,9000010,2026-01-06 09:00:00,10000062,2026-01-06 09:10:47.942481,80.0,19.0,ontime
9000010_1767690300,train,9000010,2026-01-06 09:05:00,10000264,2026-01-06 09:15:47.942481,80.0,-92.0,early
9000010_1767690600,train,9000010,2026-01-06 09:10:00,10000026,2026-01-06 09:20:47.942481,80.0,-82.0,early
9000010_1767690900,train,9000010,2026-01-06 09:15:00,10000105,2026-01-06 09:25:47.942481,-21.0,-78.0,early
9000010_1767691200,train,9000010,2026-01-06 09:20:00,10000059,2026-01-06 09:31:47.942481,-111.0,99.0,ontime
9000010_1767691500,train,9000010,2026-01-06 09:25:00,10000060,2026-01-06 09:36:47.942481,-133.0,15.0,ontime
9000010_1767691800,train,9000010,2026-01-06 09:30:00,10000053,2026-01-06 09:41:47.942481,46.0,37.0,ontime
9000010_1767692100,train,9000010,2026-01-06 09:35:00,10000029,2026-01-06 09:46:47.942481,32.0,52.0,ontime
9000010_1767692400,train,9000010,2026-01-06 09:40:00,10000298,2026-01-06 09:50:47.942481,69.0,34.0,ontime
9000010_1767692700,train,9000010,2026-01-06 09:45:00,10000138,2026-01-06 09:59:47.942481,59.0,8.0,ontime
9000010_1767693000,train,9000010,2026-01-06 09:50:00,10000141,2026-01-06 10:00:47.942481,62.0,-17.0,ontime
9000010_1767693300,train,9000010,2026-01-06 09:55:00,10000140,2026-01-06 10:06:47.942481,34.0,-4.0,ontime
9000010_1767693600,train,9000010,2026-01-06 10:00:00,10000167,2026-01-06 10:10:47.942481,8.0,5.0,ontime
9000010_1767693900,train,9000010,2026-01-06 10:05:00,10000169,2026-01-06 10:15:47.942481,59.0,-16.0,ontime
9000010_1767694200,train,9000010,2026-01-06 10:10:00,10000137,2026-01-06 10:20:47.942481,2.0,2.0,ontime
9000010_1767694500,train,9000010,2026-01-06 10:15:00,10000178,2026-01-06 10:25:47.942481,-5.0,3.0,ontime
9000010_1767694800,train,9000010,2026-01-06 10:20:00,10000131,2026-01-06 10:31:47.942481,15.0,-4.0,ontime
9000010_1767695100,train,9000010,2026-01-06 10:25:00,10000136,2026-01-06 10:35:47.942481,-12.0,-29.0,ontime
9000010_1767695400,train,9000010,2026-01-06 10:30:00,10000168,2026-01-06 10:40:47.942481,5.0,-19.0,ontime
9000010_1767696600,train,9000010,2026-01-06 10:50:00,10000299,2026-01-06 11:04:47.942481,33.0,-69.0,early
9000010_1767696900,train,9000010,2026-01-06 10:55:00,10000006,2026-01-06 11:06:47.942481,33.0,-4.0,ontime
9000010_1767697200,train,9000010,2026-01-06 11:00:00,10000102,2026-01-06 11:10:47.942481,33.0,30.0,ontime
9000010_1767697500,train,9000010,2026-01-06 11:05:00,10000079,2026-01-06 11:15:47.942481,41.0,10.0,ontime
9000010_1767697800,train,9000010,2026-01-06 11:10:00,10000127,2026-01-06 11:21:47.942481,-20.0,-50.0,ontime
9000010_1767698100,train,9000010,2026-01-06 11:15:00,10000078,2026-01-06 11:26:47.942481,13.0,89.0,ontime
9000010_1767698400,train,9000010,2026-01-06 11:20:00,10000113,2026-01-06 11:31:47.942481,21.0,-40.0,ontime
9000010_1767698700,train,9000010,2026-01-06 11:25:00,10000083,2026-01-06 11:36:47.942481,10.0,34.0,ontime
9000010_1767699000,train,9000010,2026-01-06 11:30:00,10000075,2026-01-06 11:41:47.942481,45.0,0.0,ontime
9000010_1767699300,train,9000010,2026-01-06 11:35:00,10000089,2026-01-06 11:46:47.942481,61.0,-41.0,ontime
9000010_1767714300,train,9000010,2026-01-06 15:45:00,10000182,2026-01-06 15:55:47.942481,-41.0,25.0,ontime
9000010_1767714600,train,9000010,2026-01-06 15:50:00,10000183,2026-01-06 16:00:47.942481,-41.0,-63.0,early
9000010_1767714900,train,9000010,2026-01-06 15:55:00,10000185,2026-01-06 16:05:47.942481,-41.0,-53.0,ontime
9000010_1767715200,train,9000010,2026-01-06 16:00:00,10000272,2026-01-06 16:11:47.942481,-58.0,-51.0,ontime
9000010_1767715500,train,9000010,2026-01-06 16:05:00,10000192,2026-01-06 16:15:47.942481,-138.0,-29.0,ontime
9000010_1767715800,train,9000010,2026-01-06 16:10:00,10000195,2026-01-06 16:21:47.942481,-128.0,-21.0,ontime
9000010_1767716100,train,9000010,2026-01-06 16:15:00,10000197,2026-01-06 16:25:47.942481,-69.0,-41.0,ontime
9000010_1767716400,train,9000010,2026-01-06 16:20:00,10000202,2026-01-06 16:30:47.942481,-57.0,-85.0,early
9000010_1767716700,train,9000010,2026-01-06 16:25:00,10000203,2026-01-06 16:36:47.942481,-30.0,-143.0,early
9000010_1767717900,train,9000010,2026-01-06 16:45:00,10000206,2026-01-06 16:58:47.942481,-86.0,109.0,ontime
9000010_1767718200,train,9000010,2026-01-06 16:50:00,10000207,2026-01-06 17:00:47.942481,-86.0,86.0,ontime
9000010_1767718500,train,9000010,2026-01-06 16:55:00,10000211,2026-01-06 17:06:47.942481,-86.0,-37.0,ontime
9000010_1767718800,train,9000010,2026-01-06 17:00:00,10000109,2026-01-06 17:10:47.942481,-63.0,-45.0,ontime
9000010_1767719100,train,9000010,2026-01-06 17:05:00,10000216,2026-01-06 17:15:47.942481,-49.0,-87.0,early
9000010_1767719400,train,9000010,2026-01-06 17:10:00,10000217,2026-01-06 17:20:47.942481,-40.0,-51.0,ontime
9000010_1767719700,train,9000010,2026-01-06 17:15:00,10000221,2026-01-06 17:25:47.942481,-13.0,-86.0,early
9000010_1767720000,train,9000010,2026-01-06 17:20:00,10000225,2026-01-06 17:30:47.942481,-54.0,-39.0,ontime
9000010_1767720300,train,9000010,2026-01-06 17:25:00,10000227,2026-01-06 17:35:47.942481,-121.0,-46.0,ontime
9000010_1767720600,train,9000010,2026-01-06 17:30:00,10000288,2026-01-06 17:44:47.942481,-47.0,108.0,ontime
9000010_1767720900,train,9000010,2026-01-06 17:35:00,10000266,2026-01-06 17:45:47.942481,4.0,133.0,late
9000010_1767721200,train,9000010,2026-01-06 17:40:00,10000232,2026-01-06 17:51:47.942481,-28.0,75.0,ontime
9000010_1767721500,train,9000010,2026-01-06 17:45:00,10000303,2026-01-06 17:55:47.942481,108.0,105.0,ontime
9000010_1767721800,train,9000010,2026-01-06 17:50:00,10000236,2026-01-06 18:00:47.942481,169.0,-4.0,ontime
9000010_1767722100,train,9000010,2026-01-06 17:55:00,10000241,2026-01-06 18:05:47.942481,149.0,70.0,ontime
9000010_1767722400,train,9000010,2026-01-06 18:00:00,10000252,2026-01-06 18:10:47.942481,36.0,-137.0,early
9000010_1767722700,train,9000010,2026-01-06 18:05:00,10000245,2026-01-06 18:16:47.942481,76.0,-54.0,ontime
9000010_1767723000,train,9000010,2026-01-06 18:10:00,10000276,2026-01-06 18:20:47.942481,-87.0,-102.0,early
9000010_1767723300,train,9000010,2026-01-06 18:15:00,10000248,2026-01-06 18:25:47.942481,-89.0,-167.0,early
9000011_1767675000,train,9000011,2026-01-06 04:50:00,10100001,2026-01-06 05:00:18.277703,0.0,-34.0,ontime
9000011_1767675300,train,9000011,2026-01-06 04:55:00,10100106,2026-01-06 05:05:18.277703,0.0,41.0,ontime
9000011_1767675600,train,9000011,2026-01-06 05:00:00,10100179,2026-01-06 05:10:18.277703,0.0,15.0,ontime
9000011_1767675900,train,9000011,2026-01-06 05:05:00,10100271,2026-01-06 05:16:18.277703,39.0,12.0,ontime
9000011_1767676200,train,9000011,2026-01-06 05:10:00,10100035,2026-01-06 05:20:18.277703,28.0,132.0,late
9000011_1767676500,train,9000011,2026-01-06 05:15:00,10100058,2026-01-06 05:25:18.277703,-5.0,145.0,late
9000011_1767676800,train,9000011,2026-01-06 05:20:00,10100002,2026-01-06 05:30:18.277703,155.0,211.0,late
9000011_1767677100,train,9000011,2026-01-06 05:25:00,10100180,2026-01-06 05:35:18.277703,238.0,256.0,late
9000011_1767678000,train,9000011,2026-01-06 05:40:00,10100289,2026-01-06 05:52:18.277703,202.0,36.0,ontime
9000011_1767678300,train,9000011,2026-01-06 05:45:00,10100257,2026-01-06 05:55:18.277703,202.0,37.0,ontime
9000011_1767678600,train,9000011,2026-01-06 05:50:00,10100009,2026-01-06 06:01:18.277703,202.0,40.0,ontime
9000011_1767678900,train,9000011,2026-01-06 05:55:00,10100094,2026-01-06 06:05:18.277703,28.0,-57.0,ontime
9000011_1767679200,train,9000011,2026-01-06 06:00:00,10100019,2026-01-06 06:10:18.277703,62.0,50.0,ontime
9000011_1767679500,train,9000011,2026-01-06 06:05:00,10100072,2026-01-06 06:15:18.277703,-3.0,-29.0,ontime
9000011_1767679800,train,9000011,2026-01-06 06:10:00,10100071,2026-01-06 06:21:18.277703,34.0,-97.0,early
9000011_1767680100,train,9000011,2026-01-06 06:15:00,10100064,2026-01-06 06:25:18.277703,-59.0,-34.0,ontime
9000011_1767680400,train,9000011,2026-01-06 06:20:00,10100142,2026-01-06 06:30:18.277703,-17.0,-185.0,early
9000011_1767681600,train,9000011,2026-01-06 06:40:00,10100147,2026-01-06 06:51:18.277703,-60.0,-27.0,ontime
9000011_1767681900,train,9000011,2026-01-06 06:45:00,10100148,2026-01-06 06:56:18.277703,-60.0,-14.0,ontime
9000011_1767682200,train,9000011,2026-01-06 06:50:00,10100124,2026-01-06 07:00:18.277703,-60.0,9.0,ontime
9000011_1767682500,train,9000011,2026-01-06 06:55:00,10100118,2026-01-06 07:05:18.277703,15.0,-28.0,ontime
9000011_1767682800,train,9000011,2026-01-06 07:00:00,10100115,2026-01-06 07:11:18.277703,-1.0,7.0,ontime
9000011_1767683100,train,9000011,2026-01-06 07:05:00,10100117,2026-01-06 07:15:18.277703,3.0,12.0,ontime
9000011_1767683400,train,9000011,2026-01-06 07:10:00,10100145,2026-01-06 07:20:18.277703,-12.0,4.0,ontime
9000011_1767683700,train,9000011,2026-01-06 07:15:00,10100156,2026-01-06 07:25:18.277703,-27.0,3.0,ontime
9000011_1767686400,train,9000011,2026-01-06 08:00:00,10100262,2026-01-06 08:13:18.277703,-4.0,29.0,ontime
9000011_1767686700,train,9000011,2026-01-06 08:05:00,10100107,2026-01-06 08:16:18.277703,-4.0,51.0,ontime
9000011_1767687000,train,9000011,2026-01-06 08:10:00,10100074,2026-01-06 08:20:18.277703,-4.0,55.0,ontime
9000011_1767687300,train,9000011,2026-01-06 08:15:00,10100287,2026-01-06 08:25:18.277703,-10.0,157.0,late
9000011_1767687600,train,9000011,2026-01-06 08:20:00,10100279,2026-01-06 08:30:18.277703,60.0,176.0,late
9000011_1767687900,train,9000011,2026-01-06 08:25:00,10100259,2026-01-06 08:35:18.277703,149.0,124.0,late
9000011_1767688200,train,9000011,2026-01-06 08:30:00,10100087,2026-01-06 08:40:18.277703,184.0,170.0,late
9000011_1767688500,train,9000011,2026-01-06 08:35:00,10100251,2026-01-06 08:45:18.277703,243.0,132.0,late
9000011_1767688800,train,9000011,2026-01-06 08:40:00,10100285,2026-01-06 08:51:18.277703,138.0,-20.0,ontime
9000011_1767690300,train,9000011,2026-01-06 09:05:00,10100062,2026-01-06 09:16:18.277703,29.0,59.0,ontime
9000011_1767690600,train,9000011,2026-01-06 09:10:00,10100264,2026-01-06 09:21:18.277703,29.0,-35.0,ontime
9000011_1767690900,train,9000011,2026-01-06 09:15:00,10100038,2026-01-06 09:25:18.277703,29.0,-93.0,early
9000011_1767691200,train,9000011,2026-01-06 09:20:00,10100061,2026-01-06 09:30:18.277703,-5.0,-165.0,early
9000011_1767691500,train,9000011,2026-01-06 09:25:00,10100059,2026-01-06 09:37:18.277703,-133.0,58.0,ontime
9000011_1767691800,train,9000011,2026-01-06 09:30:00,10100030,2026-01-06 09:40:18.277703,-61.0,47.0,ontime
9000011_1767692100,train,9000011,2026-01-06 09:35:00,10100049,2026-01-06 09:45:18.277703,33.0,53.0,ontime
9000011_1767692400,train,9000011,2026-01-06 09:40:00,10100028,2026-01-06 09:50:18.277703,35.0,19.0,ontime
9000011_1767692700,train,9000011,2026-01-06 09:45:00,10100298,2026-01-06 09:56:18.277703,47.0,42.0,ontime
9000011_1767693300,train,9000011,2026-01-06 09:55:00,10100138,2026-01-06 10:05:18.277703,77.0,-33.0,ontime
9000011_1767693600,train,9000011,2026-01-06 10:00:00,10100177,2026-01-06 10:10:18.277703,42.0,-36.0,ontime
9000011_1767693900,train,9000011,2026-01-06 10:05:00,10100164,2026-01-06 10:15:18.277703,42.0,11.0,ontime
9000011_1767694200,train,9000011,2026-01-06 10:10:00,10100169,2026-01-06 10:21:18.277703,-11.0,0.0,ontime
9000011_1767694500,train,9000011,2026-01-06 10:15:00,10100174,2026-01-06 10:25:18.277703,-5.0,-3.0,ontime
9000011_1767694800,train,9000011,2026-01-06 10:20:00,10100178,2026-01-06 10:31:18.277703,0.0,21.0,ontime
9000011_1767695100,train,9000011,2026-01-06 10:25:00,10100128,2026-01-06 10:35:18.277703,15.0,-17.0,ontime
9000011_1767695400,train,9000011,2026-01-06 10:30:00,10100132,2026-01-06 10:40:18.277703,13.0,-14.0,ontime
9000011_1767695700,train,9000011,2026-01-06 10:35:00,10100168,2026-01-06 10:46:18.277703,-3.0,15.0,ontime
9000011_1767697200,train,9000011,2026-01-06 11:00:00,10100299,2026-01-06 11:10:18.277703,-5.0,-30.0,ontime
9000011_1767697500,train,9000011,2026-01-06 11:05:00,10100039,2026-01-06 11:15:18.277703,-5.0,0.0,ontime
9000011_1767697800,train,9000011,2026-01-06 11:10:00,10100088,2026-01-06 11:20:18.277703,-5.0,33.0,ontime
9000011_1767698100,train,9000011,2026-01-06 11:15:00,10100103,2026-01-06 11:25:18.277703,43.0,8.0,ontime
9000011_1767698400,train,9000011,2026-01-06 11:20:00,10100078,2026-01-06 11:32:18.277703,22.0,78.0,ontime
9000011_1767698700,train,9000011,2026-01-06 11:25:00,10100052,2026-01-06 11:35:18.277703,-40.0,45.0,ontime
9000011_1767699000,train,9000011,2026-01-06 11:30:00,10100082,2026-01-06 11:40:18.277703,0.0,51.0,ontime
9000011_1767699300,train,9000011,2026-01-06 11:35:00,10100076,2026-01-06 11:45:18.277703,42.0,60.0,ontime
9000011_1767699600,train,9000011,2026-01-06 11:40:00,10100089,2026-01-06 11:52:18.277703,38.0,-44.0,ontime
9000011_1767714600,train,9000011,2026-01-06 15:50:00,10100182,2026-01-06 16:01:18.277703,-44.0,-9.0,ontime
9000011_1767714900,train,9000011,2026-01-06 15:55:00,10100183,2026-01-06 16:06:18.277703,-44.0,-78.0,early
9000011_1767715200,train,9000011,2026-01-06 16:00:00,10100185,2026-01-06 16:11:18.277703,-44.0,-81.0,early
9000011_1767715500,train,9000011,2026-01-06 16:05:00,10100188,2026-01-06 16:15:18.277703,-74.0,-135.0,early
9000011_1767715800,train,9000011,2026-01-06 16:10:00,10100191,2026-01-06 16:20:18.277703,-95.0,-47.0,ontime
9000011_1767716100,train,9000011,2026-01-06 16:15:00,10100194,2026-01-06 16:25:18.277703,-106.0,-43.0,ontime
9000011_1767716400,train,9000011,2026-01-06 16:20:00,10100198,2026-01-06 16:30:18.277703,-45.0,-8.0,ontime
9000011_1767716700,train,9000011,2026-01-06 16:25:00,10100201,2026-01-06 16:35:18.277703,-23.0,-27.0,ontime
9000011_1767717000,train,9000011,2026-01-06 16:30:00,10100203,2026-01-06 16:42:18.277703,26.0,-132.0,early
9000011_1767718200,train,9000011,2026-01-06 16:50:00,10100206,2026-01-06 17:04:18.277703,-90.0,112.0,ontime
9000011_1767718500,train,9000011,2026-01-06 16:55:00,10100207,2026-01-06 17:06:18.277703,-90.0,76.0,ontime
9000011_1767718800,train,9000011,2026-01-06 17:00:00,10100210,2026-01-06 17:10:18.277703,-90.0,-14.0,ontime
9000011_1767719100,train,9000011,2026-01-06 17:05:00,10100054,2026-01-06 17:15:18.277703,-73.0,-68.0,early
9000011_1767719400,train,9000011,2026-01-06 17:10:00,10100216,2026-01-06 17:21:18.277703,12.0,-70.0,early
9000011_1767719700,train,9000011,2026-01-06 17:15:00,10100217,2026-01-06 17:26:18.277703,-26.0,0.0,ontime
9000011_1767720000,train,9000011,2026-01-06 17:20:00,10100221,2026-01-06 17:31:18.277703,-43.0,-70.0,early
9000011_1767720300,train,9000011,2026-01-06 17:25:00,10100225,2026-01-06 17:36:18.277703,-50.0,3.0,ontime
9000011_1767720600,train,9000011,2026-01-06 17:30:00,10100227,2026-01-06 17:41:18.277703,-106.0,-45.0,ontime
9000011_1767720900,train,9000011,2026-01-06 17:35:00,10100229,2026-01-06 17:45:18.277703,-65.0,-94.0,early
9000011_1767721200,train,9000011,2026-01-06 17:40:00,10100288,2026-01-06 17:50:18.277703,-25.0,109.0,ontime
9000011_1767721500,train,9000011,2026-01-06 17:45:00,10100231,2026-01-06 17:55:18.277703,-94.0,178.0,late
9000011_1767721800,train,9000011,2026-01-06 17:50:00,10100278,2026-01-06 18:00:18.277703,-94.0,134.0,late
9000011_1767722100,train,9000011,2026-01-06 17:55:00,10100236,2026-01-06 18:06:18.277703,123.0,-28.0,ontime
9000011_1767722400,train,9000011,2026-01-06 18:00:00,10100240,2026-01-06 18:10:18.277703,57.0,63.0,ontime
9000011_1767722700,train,9000011,2026-01-06 18:05:00,10100252,2026-01-06 18:16:18.277703,-4.0,-97.0,early
9000011_1767723000,train,9000011,2026-01-06 18:10:00,10100244,2026-01-06 18:20:18.277703,90.0,-102.0,early
9000011_1767723300,train,9000011,2026-01-06 18:15:00,10100292,2026-01-06 18:25:18.277703,-57.0,-45.0,ontime
9000011_1767723600,train,9000011,2026-01-06 18:20:00,10100248,2026-01-06 18:31:18.277703,-122.0,-138.0,early
9000012_1767668700,train,9000012,2026-01-06 03:05:00,10200395,2026-01-06 03:16:04.882685,0.0,85.0,ontime
9000012_1767669000,train,9000012,2026-01-06 03:10:00,10200399,2026-01-06 03:20:04.882685,0.0,226.0,late
9000012_1767669300,train,9000012,2026-01-06 03:15:00,10200094,2026-01-06 03:25:04.882685,0.0,232.0,late
9000012_1767669600,train,9000012,2026-01-06 03:20:00,10200101,2026-01-06 03:30:04.882685,158.0,294.0,late
9000012_1767669900,train,9000012,2026-01-06 03:25:00,10200056,2026-01-06 03:36:04.882685,179.0,229.0,late
9000012_1767670200,train,9000012,2026-01-06 03:30:00,10200071,2026-01-06 03:40:04.882685,373.0,308.0,late
9000012_1767670500,train,9000012,2026-01-06 03:35:00,10200058,2026-01-06 03:45:04.882685,295.0,394.0,late
9000012_1767670800,train,9000012,2026-01-06 03:40:00,10200067,2026-01-06 03:50:04.882685,206.0,367.0,late
9000012_1767671100,train,9000012,2026-01-06 03:45:00,10200222,2026-01-06 03:56:04.882685,394.0,276.0,late
9000012_1767671400,train,9000012,2026-01-06 03:50:00,10200055,2026-01-06 04:00:04.882685,377.0,316.0,late
9000012_1767672300,train,9000012,2026-01-06 04:05:00,10200016,2026-01-06 04:16:04.882685,259.0,69.0,ontime
9000012_1767672600,train,9000012,2026-01-06 04:10:00,10200105,2026-01-06 04:20:04.882685,259.0,154.0,late
9000012_1767672900,train,9000012,2026-01-06 04:15:00,10200012,2026-01-06 04:25:04.882685,259.0,230.0,late
9000012_1767673200,train,9000012,2026-01-06 04:20:00,10200054,2026-01-06 04:30:04.882685,57.0,263.0,late
9000012_1767673500,train,9000012,2026-01-06 04:25:00,10200050,2026-01-06 04:37:04.882685,146.0,74.0,ontime
9000012_1767673800,train,9000012,2026-01-06 04:30:00,10200140,2026-01-06 04:41:04.882685,217.0,3.0,ontime
9000012_1767674100,train,9000012,2026-01-06 04:35:00,10200007,2026-01-06 04:45:04.882685,218.0,29.0,ontime
9000012_1767674400,train,9000012,2026-01-06 04:40:00,10200089,2026-01-06 04:50:04.882685,25.0,-39.0,ontime
9000012_1767674700,train,9000012,2026-01-06 04:45:00,10200062,2026-01-06 04:56:04.882685,-29.0,0.0,ontime
9000012_1767675000,train,9000012,2026-01-06 04:50:00,10200208,2026-01-06 05:00:04.882685,-57.0,49.0,ontime
9000012_1767675300,train,9000012,2026-01-06 04:55:00,10200310,2026-01-06 05:07:04.882685,34.0,-67.0,early
9000012_1767675600,train,9000012,2026-01-06 05:00:00,10200227,2026-01-06 05:14:04.882685,-19.0,104.0,ontime
9000012_1767675900,train,9000012,2026-01-06 05:05:00,10200063,2026-01-06 05:15:04.882685,-73.0,123.0,late
9000012_1767676200,train,9000012,2026-01-06 05:10:00,10200144,2026-01-06 05:20:04.882685,-106.0,119.0,ontime
9000012_1767676500,train,9000012,2026-01-06 05:15:00,10200189,2026-01-06 05:26:04.882685,104.0,181.0,late
9000012_1767676800,train,9000012,2026-01-06 05:20:00,10200068,2026-01-06 05:31:04.882685,96.0,51.0,ontime
9000012_1767677400,train,9000012,2026-01-06 05:30:00,10200214,2026-01-06 05:40:04.882685,165.0,-63.0,early
9000012_1767677700,train,9000012,2026-01-06 05:35:00,10200376,2026-01-06 05:47:04.882685,118.0,-41.0,ontime
9000012_1767678000,train,9000012,2026-01-06 05:40:00,10200082,2026-01-06 05:52:04.882685,118.0,-3.0,ontime
9000012_1767678300,train,9000012,2026-01-06 05:45:00,10200136,2026-01-06 05:55:04.882685,-114.0,90.0,ontime
9000012_1767678600,train,9000012,2026-01-06 05:50:00,10200084,2026-01-06 06:01:04.882685,-11.0,24.0,ontime
9000012_1767678900,train,9000012,2026-01-06 05:55:00,10200205,2026-01-06 06:05:04.882685,113.0,49.0,ontime
9000012_1767679200,train,9000012,2026-01-06 06:00:00,10200081,2026-01-06 06:10:04.882685,1.0,-4.0,ontime
9000012_1767683400,train,9000012,2026-01-06 07:10:00,10200382,2026-01-06 07:22:04.882685,27.0,17.0,ontime
9000012_1767683700,train,9000012,2026-01-06 07:15:00,10200329,2026-01-06 07:25:04.882685,27.0,27.0,ontime
9000012_1767684000,train,9000012,2026-01-06 07:20:00,10200038,2026-01-06 07:30:04.882685,27.0,60.0,ontime
9000012_1767684300,train,9000012,2026-01-06 07:25:00,10200311,2026-01-06 07:35:04.882685,79.0,-10.0,ontime
9000012_1767684600,train,9000012,2026-01-06 07:30:00,10200109,2026-01-06 07:40:04.882685,12.0,-73.0,early
9000012_1767684900,train,9000012,2026-01-06 07:35:00,10200192,2026-01-06 07:48:04.882685,8.0,-178.0,early
9000012_1767685200,train,9000012,2026-01-06 07:40:00,10200049,2026-01-06 07:50:04.882685,-21.0,-162.0,early
9000012_1767685500,train,9000012,2026-01-06 07:45:00,10200370,2026-01-06 07:55:04.882685,-55.0,-77.0,early
9000012_1767685800,train,9000012,2026-01-06 07:50:00,10200213,2026-01-06 08:00:04.882685,-178.0,-86.0,early
9000012_1767686100,train,9000012,2026-01-06 07:55:00,10200045,2026-01-06 08:07:04.882685,-185.0,-74.0,early
9000012_1767686400,train,9000012,2026-01-06 08:00:00,10200141,2026-01-06 08:10:04.882685,-30.0,-90.0,early
9000012_1767686700,train,9000012,2026-01-06 08:05:00,10200064,2026-01-06 08:15:04.882685,-2.0,-65.0,early
9000012_1767690000,train,9000012,2026-01-06 09:00:00,10200246,2026-01-06 09:10:04.882685,-143.0,20.0,ontime
9000012_1767690300,train,9000012,2026-01-06 09:05:00,10200335,2026-01-06 09:15:04.882685,-143.0,4.0,ontime
9000012_1767690600,train,9000012,2026-01-06 09:10:00,10200133,2026-01-06 09:20:04.882685,-143.0,60.0,ontime
9000012_1767690900,train,9000012,2026-01-06 09:15:00,10200074,2026-01-06 09:27:04.882685,13.0,-81.0,early
9000012_1767691200,train,9000012,2026-01-06 09:20:00,10200307,2026-01-06 09:30:04.882685,3.0,-41.0,ontime
9000012_1767691500,train,9000012,2026-01-06 09:25:00,10200127,2026-01-06 09:36:04.882685,52.0,-220.0,early
9000012_1767691800,train,9000012,2026-01-06 09:30:00,10200124,2026-01-06 09:40:04.882685,-46.0,-279.0,early
9000012_1767692100,train,9000012,2026-01-06 09:35:00,10200275,2026-01-06 09:48:04.882685,-41.0,-30.0,ontime
9000012_1767692400,train,9000012,2026-01-06 09:40:00,10200356,2026-01-06 09:50:04.882685,-205.0,-7.0,ontime
9000012_1767692700,train,9000012,2026-01-06 09:45:00,10200069,2026-01-06 09:55:04.882685,-45.0,-62.0,early
9000012_1767693000,train,9000012,2026-01-06 09:50:00,10200309,2026-01-06 10:01:04.882685,-60.0,-84.0,early
9000012_1767693300,train,9000012,2026-01-06 09:55:00,10200333,2026-01-06 10:06:04.882685,-12.0,-97.0,early
9000012_1767699600,train,9000012,2026-01-06 11:40:00,10200147,2026-01-06 11:53:04.882685,-63.0,34.0,ontime
9000012_1767699900,train,9000012,2026-01-06 11:45:00,10200040,2026-01-06 11:55:04.882685,-63.0,85.0,ontime
9000012_1767700200,train,9000012,2026-01-06 11:50:00,10200324,2026-01-06 12:01:04.882685,-63.0,24.0,ontime
9000012_1767700500,train,9000012,2026-01-06 11:55:00,10200218,2026-01-06 12:05:04.882685,34.0,123.0,late
9000012_1767700800,train,9000012,2026-01-06 12:00:00,10200351,2026-01-06 12:10:04.882685,36.0,0.0,ontime
9000012_1767701100,train,9000012,2026-01-06 12:05:00,10200291,2026-01-06 12:19:04.882685,133.0,3.0,ontime
9000012_1767701400,train,9000012,2026-01-06 12:10:00,10200371,2026-01-06 12:21:04.882685,89.0,-30.0,ontime
9000012_1767701700,train,9000012,2026-01-06 12:15:00,10200113,2026-01-06 12:26:04.882685,10.0,-72.0,early
9000012_1767702000,train,9000012,2026-01-06 12:20:00,10200129,2026-01-06 12:31:04.882685,3.0,-13.0,ontime
9000012_1767702300,train,9000012,2026-01-06 12:25:00,10200143,2026-01-06 12:38:04.882685,-51.0,-131.0,early
9000012_1767702600,train,9000012,2026-01-06 12:30:00,10200039,2026-01-06 12:40:04.882685,-33.0,-130.0,early
9000012_1767702900,train,9000012,2026-01-06 12:35:00,10200230,2026-01-06 12:45:04.882685,15.0,-115.0,early
9000012_1767703200,train,9000012,2026-01-06 12:40:00,10200037,2026-01-06 12:50:04.882685,-131.0,-228.0,early
9000012_1767704700,train,9000012,2026-01-06 13:05:00,10200317,2026-01-06 13:19:04.882685,-228.0,23.0,ontime
9000012_1767705000,train,9000012,2026-01-06 13:10:00,10200373,2026-01-06 13:20:04.882685,-228.0,-1.0,ontime
9000012_1767705300,train,9000012,2026-01-06 13:15:00,10200190,2026-01-06 13:25:04.882685,-228.0,83.0,ontime
9000012_1767705600,train,9000012,2026-01-06 13:20:00,10200331,2026-01-06 13:31:04.882685,23.0,167.0,late
9000012_1767705900,train,9000012,2026-01-06 13:25:00,10200344,2026-01-06 13:36:04.882685,61.0,95.0,ontime
9000012_1767706500,train,9000012,2026-01-06 13:35:00,10200132,2026-01-06 13:45:04.882685,178.0,-7.0,ontime
9000012_1767706800,train,9000012,2026-01-06 13:40:00,10200359,2026-01-06 13:52:04.882685,63.0,-27.0,ontime
9000012_1767707100,train,9000012,2026-01-06 13:45:00,10200343,2026-01-06 13:57:04.882685,63.0,15.0,ontime
9000012_1767707400,train,9000012,2026-01-06 13:50:00,10200401,2026-01-06 14:00:04.882685,-23.0,59.0,ontime
9000012_1767707700,train,9000012,2026-01-06 13:55:00,10200242,2026-01-06 14:06:04.882685,23.0,57.0,ontime
9000012_1767708000,train,9000012,2026-01-06 14:00:00,10200134,2026-01-06 14:10:04.882685,115.0,106.0,ontime
9000012_1767708300,train,9000012,2026-01-06 14:05:00,10200300,2026-01-06 14:15:04.882685,55.0,29.0,ontime
9000012_1767710100,train,9000012,2026-01-06 14:35:00,10200202,2026-01-06 14:49:04.882685,55.0,40.0,ontime
9000012_1767710400,train,9000012,2026-01-06 14:40:00,10200284,2026-01-06 14:50:04.882685,55.0,69.0,ontime
9000012_1767710700,train,9000012,2026-01-06 14:45:00,10200029,2026-01-06 14:55:04.882685,55.0,144.0,late
9000012_1767711000,train,9000012,2026-01-06 14:50:00,10200161,2026-01-06 15:01:04.882685,40.0,88.0,ontime
9000012_1767711300,train,9000012,2026-01-06 14:55:00,10200274,2026-01-06 15:06:04.882685,110.0,85.0,ontime
9000012_1767711900,train,9000012,2026-01-06 15:05:00,10200384,2026-01-06 15:15:04.882685,135.0,-51.0,ontime
9000012_1767712200,train,9000012,2026-01-06 15:10:00,10200349,2026-01-06 15:22:04.882685,45.0,-118.0,early
9000012_1767712500,train,9000012,2026-01-06 15:15:00,10200162,2026-01-06 15:27:04.882685,45.0,-31.0,ontime
9000012_1767712800,train,9000012,2026-01-06 15:20:00,10200268,2026-01-06 15:30:04.882685,-66.0,-29.0,ontime
9000012_1767713100,train,9000012,2026-01-06 15:25:00,10200157,2026-01-06 15:36:04.882685,-68.0,-108.0,early
9000012_1767713400,train,9000012,2026-01-06 15:30:00,10200158,2026-01-06 15:40:04.882685,-29.0,-60.0,ontime
9000012_1767713700,train,9000012,2026-01-06 15:35:00,10200149,2026-01-06 15:45:04.882685,-96.0,-125.0,early
9000012_1767714900,train,9000012,2026-01-06 15:55:00,10200341,2026-01-06 16:09:04.882685,-68.0,1.0,ontime
9000012_1767715200,train,9000012,2026-01-06 16:00:00,10200340,2026-01-06 16:10:04.882685,-68.0,-1.0,ontime
9000012_1767715500,train,9000012,2026-01-06 16:05:00,10200023,2026-01-06 16:15:04.882685,-68.0,17.0,ontime
9000012_1767715800,train,9000012,2026-01-06 16:10:00,10200278,2026-01-06 16:21:04.882685,1.0,46.0,ontime
9000012_1767716100,train,9000012,2026-01-06 16:15:00,10200312,2026-01-06 16:26:04.882685,54.0,13.0,ontime
9000012_1767716700,train,9000012,2026-01-06 16:25:00,10200345,2026-01-06 16:35:04.882685,69.0,-110.0,early
9000012_1767717000,train,9000012,2026-01-06 16:30:00,10200231,2026-01-06 16:42:04.882685,-21.0,-74.0,early
9000012_1767717300,train,9000012,2026-01-06 16:35:00,10200294,2026-01-06 16:47:04.882685,-21.0,-49.0,ontime
9000012_1767717600,train,9000012,2026-01-06 16:40:00,10200327,2026-01-06 16:50:04.882685,-78.0,0.0,ontime
9000012_1767717900,train,9000012,2026-01-06 16:45:00,10200238,2026-01-06 16:56:04.882685,-37.0,-60.0,ontime
9000012_1767718200,train,9000012,2026-01-06 16:50:00,10200236,2026-01-06 17:00:04.882685,-9.0,-65.0,early
9000012_1767718500,train,9000012,2026-01-06 16:55:00,10200232,2026-01-06 17:05:04.882685,-94.0,-154.0,early
9000012_1767723600,train,9000012,2026-01-06 18:20:00,10200215,2026-01-06 18:30:04.882685,-140.0,49.0,ontime
9000012_1767723900,train,9000012,2026-01-06 18:25:00,10200318,2026-01-06 18:35:04.882685,-140.0,106.0,ontime
9000012_1767724200,train,9000012,2026-01-06 18:30:00,10200406,2026-01-06 18:40:04.882685,-140.0,250.0,late
9000012_1767724500,train,9000012,2026-01-06 18:35:00,10200171,2026-01-06 18:48:04.882685,119.0,341.0,late
9000012_1767724800,train,9000012,2026-01-06 18:40:00,10200172,2026-01-06 18:50:04.882685,258.0,316.0,late
9000012_1767725100,train,9000012,2026-01-06 18:45:00,10200174,2026-01-06 18:55:04.882685,357.0,318.0,late
9000012_1767725400,train,9000012,2026-01-06 18:50:00,10200042,2026-01-06 19:00:04.882685,341.0,333.0,late
9000012_1767725700,train,9000012,2026-01-06 18:55:00,10200364,2026-01-06 19:06:04.882685,208.0,372.0,late
9000012_1767726000,train,9000012,2026-01-06 19:00:00,10200168,2026-01-06 19:10:04.882685,292.0,395.0,late
9000012_1767728700,train,9000012,2026-01-06 19:45:00,10200191,2026-01-06 19:55:04.882685,306.0,-3.0,ontime
9000012_1767729000,train,9000012,2026-01-06 19:50:00,10200355,2026-01-06 20:00:04.882685,306.0,35.0,ontime
9000012_1767729300,train,9000012,2026-01-06 19:55:00,10200179,2026-01-06 20:05:04.882685,306.0,260.0,late
9000012_1767729600,train,9000012,2026-01-06 20:00:00,10200372,2026-01-06 20:13:04.882685,53.0,392.0,late
9000012_1767729900,train,9000012,2026-01-06 20:05:00,10200118,2026-01-06 20:15:04.882685,233.0,364.0,late
9000012_1767730200,train,9000012,2026-01-06 20:10:00,10200248,2026-01-06 20:20:04.882685,336.0,432.0,late
9000012_1767730500,train,9000012,2026-01-06 20:15:00,10200176,2026-01-06 20:25:04.882685,392.0,521.0,late
9000012_1767730800,train,9000012,2026-01-06 20:20:00,10200182,2026-01-06 20:31:04.882685,348.0,526.0,late
9000012_1767731100,train,9000012,2026-01-06 20:25:00,10200282,2026-01-06 20:35:04.882685,548.0,540.0,late
9000012_1767733800,train,9000012,2026-01-06 21:10:00,10200263,2026-01-06 21:20:04.882685,629.0,52.0,ontime
9000012_1767734100,train,9000012,2026-01-06 21:15:00,10200255,2026-01-06 21:25:04.882685,629.0,16.0,ontime
9000012_1767734400,train,9000012,2026-01-06 21:20:00,10200195,2026-01-06 21:30:04.882685,629.0,-32.0,ontime
9000012_1767734700,train,9000012,2026-01-06 21:25:00,10200261,2026-01-06 21:38:04.882685,17.0,8.0,ontime
9000012_1767735000,train,9000012,2026-01-06 21:30:00,10200264,2026-01-06 21:40:04.882685,23.0,-38.0,ontime
9000012_1767735300,train,9000012,2026-01-06 21:35:00,10200184,2026-01-06 21:45:04.882685,53.0,-47.0,ontime
9000012_1767735600,train,9000012,2026-01-06 21:40:00,10200228,2026-01-06 21:50:04.882685,8.0,10.0,ontime
9000012_1767735900,train,9000012,2026-01-06 21:45:00,10200254,2026-01-06 21:56:04.882685,-65.0,25.0,ontime
9000012_1767736200,train,9000012,2026-01-06 21:50:00,10200260,2026-01-06 22:00:04.882685,32.0,41.0,ontime
9000013_1767666900,train,9000013,2026-01-06 02:35:00,10300395,2026-01-06 02:48:57.888885,0.0,49.0,ontime
9000013_1767667200,train,9000013,2026-01-06 02:40:00,10300386,2026-01-06 02:50:57.888885,0.0,147.0,late
9000013_1767667500,train,9000013,2026-01-06 02:45:00,10300092,2026-01-06 02:55:57.888885,0.0,214.0,late
9000013_1767667800,train,9000013,2026-01-06 02:50:00,10300098,2026-01-06 03:00:57.888885,50.0,335.0,late
9000013_1767668100,train,9000013,2026-01-06 02:55:00,10300047,2026-01-06 03:06:57.888885,193.0,305.0,late
9000013_1767668400,train,9000013,2026-01-06 03:00:00,10300061,2026-01-06 03:10:57.888885,275.0,234.0,late
9000013_1767668700,train,9000013,2026-01-06 03:05:00,10300072,2026-01-06 03:16:57.888885,372.0,416.0,late
9000013_1767669000,train,9000013,2026-01-06 03:10:00,10300067,2026-01-06 03:22:57.888885,227.0,390.0,late
9000013_1767669300,train,9000013,2026-01-06 03:15:00,10300017,2026-01-06 03:25:57.888885,396.0,276.0,late
9000013_1767669600,train,9000013,2026-01-06 03:20:00,10300080,2026-01-06 03:30:57.888885,384.0,254.0,late
9000013_1767670500,train,9000013,2026-01-06 03:35:00,10300016,2026-01-06 03:48:57.888885,288.0,96.0,ontime
9000013_1767670800,train,9000013,2026-01-06 03:40:00,10300022,2026-01-06 03:50:57.888885,288.0,72.0,ontime
9000013_1767671100,train,9000013,2026-01-06 03:45:00,10300225,2026-01-06 03:55:57.888885,288.0,186.0,late
9000013_1767671400,train,9000013,2026-01-06 03:50:00,10300088,2026-01-06 04:00:57.888885,59.0,230.0,late
9000013_1767671700,train,9000013,2026-01-06 03:55:00,10300050,2026-01-06 04:09:57.888885,132.0,61.0,ontime
9000013_1767672000,train,9000013,2026-01-06 04:00:00,10300126,2026-01-06 04:11:57.888885,176.0,29.0,ontime
9000013_1767672300,train,9000013,2026-01-06 04:05:00,10300211,2026-01-06 04:16:57.888885,272.0,-36.0,ontime
9000013_1767672600,train,9000013,2026-01-06 04:10:00,10300123,2026-01-06 04:21:57.888885,61.0,-26.0,ontime
9000013_1767672900,train,9000013,2026-01-06 04:15:00,10300062,2026-01-06 04:28:57.888885,4.0,30.0,ontime
9000013_1767673200,train,9000013,2026-01-06 04:20:00,10300073,2026-01-06 04:30:57.888885,19.0,-27.0,ontime
9000013_1767673500,train,9000013,2026-01-06 04:25:00,10300301,2026-01-06 04:35:57.888885,41.0,-58.0,ontime
9000013_1767673800,train,9000013,2026-01-06 04:30:00,10300313,2026-01-06 04:40:57.888885,30.0,-76.0,early
9000013_1767674100,train,9000013,2026-01-06 04:35:00,10300227,2026-01-06 04:46:57.888885,-52.0,111.0,ontime
9000013_1767674400,train,9000013,2026-01-06 04:40:00,10300285,2026-01-06 04:51:57.888885,-120.0,116.0,ontime
9000013_1767674700,train,9000013,2026-01-06 04:45:00,10300027,2026-01-06 04:55:57.888885,-76.0,145.0,late
9000013_1767675000,train,9000013,2026-01-06 04:50:00,10300068,2026-01-06 05:03:57.888885,129.0,60.0,ontime
9000013_1767675300,train,9000013,2026-01-06 04:55:00,10300075,2026-01-06 05:05:57.888885,131.0,83.0,ontime
9000013_1767675600,train,9000013,2026-01-06 05:00:00,10300214,2026-01-06 05:12:57.888885,158.0,-53.0,ontime
9000013_1767675900,train,9000013,2026-01-06 05:05:00,10300314,2026-01-06 05:16:57.888885,87.0,-84.0,early
9000013_1767676200,train,9000013,2026-01-06 05:10:00,10300328,2026-01-06 05:20:57.888885,75.0,-16.0,ontime
9000013_1767676500,train,9000013,2026-01-06 05:15:00,10300096,2026-01-06 05:25:57.888885,-58.0,80.0,ontime
9000013_1767676800,train,9000013,2026-01-06 05:20:00,10300097,2026-01-06 05:31:57.888885,-56.0,33.0,ontime
9000013_1767677100,train,9000013,2026-01-06 05:25:00,10300091,2026-01-06 05:35:57.888885,87.0,79.0,ontime
9000013_1767677400,train,9000013,2026-01-06 05:30:00,10300081,2026-01-06 05:42:57.888885,144.0,30.0,ontime
9000013_1767681600,train,9000013,2026-01-06 06:40:00,10300382,2026-01-06 06:54:57.888885,12.0,30.0,ontime
9000013_1767681900,train,9000013,2026-01-06 06:45:00,10300381,2026-01-06 06:55:57.888885,12.0,53.0,ontime
9000013_1767682200,train,9000013,2026-01-06 06:50:00,10300346,2026-01-06 07:00:57.888885,12.0,15.0,ontime
9000013_1767682500,train,9000013,2026-01-06 06:55:00,10300296,2026-01-06 07:06:57.888885,30.0,28.0,ontime
9000013_1767682800,train,9000013,2026-01-06 07:00:00,10300053,2026-01-06 07:11:57.888885,12.0,-53.0,ontime
9000013_1767683400,train,9000013,2026-01-06 07:10:00,10300192,2026-01-06 07:20:57.888885,21.0,-195.0,early
9000013_1767683700,train,9000013,2026-01-06 07:15:00,10300370,2026-01-06 07:27:57.888885,-38.0,-92.0,early
9000013_1767684000,train,9000013,2026-01-06 07:20:00,10300213,2026-01-06 07:32:57.888885,-38.0,-80.0,early
9000013_1767684300,train,9000013,2026-01-06 07:25:00,10300093,2026-01-06 07:35:57.888885,-206.0,0.0,ontime
9000013_1767684600,train,9000013,2026-01-06 07:30:00,10300131,2026-01-06 07:41:57.888885,-30.0,-46.0,ontime
9000013_1767684900,train,9000013,2026-01-06 07:35:00,10300000,2026-01-06 07:45:57.888885,55.0,-130.0,early
9000013_1767685200,train,9000013,2026-01-06 07:40:00,10300267,2026-01-06 07:50:57.888885,-77.0,-146.0,early
9000013_1767688200,train,9000013,2026-01-06 08:30:00,10300246,2026-01-06 08:42:57.888885,-113.0,-12.0,ontime
9000013_1767688500,train,9000013,2026-01-06 08:35:00,10300321,2026-01-06 08:45:57.888885,-113.0,21.0,ontime
9000013_1767688800,train,9000013,2026-01-06 08:40:00,10300028,2026-01-06 08:50:57.888885,-113.0,-33.0,ontime
9000013_1767689100,train,9000013,2026-01-06 08:45:00,10300295,2026-01-06 08:55:57.888885,17.0,-30.0,ontime
9000013_1767689400,train,9000013,2026-01-06 08:50:00,10300083,2026-01-06 09:00:57.888885,-1.0,-39.0,ontime
9000013_1767689700,train,9000013,2026-01-06 08:55:00,10300127,2026-01-06 09:08:57.888885,5.0,-206.0,early
9000013_1767690000,train,9000013,2026-01-06 09:00:00,10300107,2026-01-06 09:10:57.888885,-52.0,-197.0,early
9000013_1767690300,train,9000013,2026-01-06 09:05:00,10300306,2026-01-06 09:15:57.888885,-42.0,-180.0,early
9000013_1767690600,train,9000013,2026-01-06 09:10:00,10300275,2026-01-06 09:20:57.888885,-206.0,-18.0,ontime
9000013_1767690900,train,9000013,2026-01-06 09:15:00,10300069,2026-01-06 09:27:57.888885,-233.0,-65.0,early
9000013_1767691200,train,9000013,2026-01-06 09:20:00,10300108,2026-01-06 09:30:57.888885,-50.0,-81.0,early
9000013_1767691500,train,9000013,2026-01-06 09:25:00,10300325,2026-01-06 09:35:57.888885,-66.0,-3.0,ontime
9000013_1767698100,train,9000013,2026-01-06 11:15:00,10300147,2026-01-06 11:25:57.888885,-74.0,5.0,ontime
9000013_1767698400,train,9000013,2026-01-06 11:20:00,10300368,2026-01-06 11:30:57.888885,-74.0,72.0,ontime
9000013_1767698700,train,9000013,2026-01-06 11:25:00,10300338,2026-01-06 11:35:57.888885,-74.0,106.0,ontime
9000013_1767699000,train,9000013,2026-01-06 11:30:00,10300351,2026-01-06 11:42:57.888885,54.0,20.0,ontime
9000013_1767699300,train,9000013,2026-01-06 11:35:00,10300041,2026-01-06 11:45:57.888885,76.0,29.0,ontime
9000013_1767699600,train,9000013,2026-01-06 11:40:00,10300291,2026-01-06 11:51:57.888885,129.0,-31.0,ontime
9000013_1767699900,train,9000013,2026-01-06 11:45:00,10300387,2026-01-06 11:55:57.888885,6.0,-13.0,ontime
9000013_1767700200,train,9000013,2026-01-06 11:50:00,10300129,2026-01-06 12:03:57.888885,29.0,-39.0,ontime
9000013_1767700500,train,9000013,2026-01-06 11:55:00,10300198,2026-01-06 12:05:57.888885,24.0,-54.0,ontime
9000013_1767700800,train,9000013,2026-01-06 12:00:00,10300143,2026-01-06 12:10:57.888885,2.0,-101.0,early
9000013_1767701100,train,9000013,2026-01-06 12:05:00,10300316,2026-01-06 12:16:57.888885,-28.0,-142.0,early
9000013_1767701400,train,9000013,2026-01-06 12:10:00,10300024,2026-01-06 12:21:57.888885,-27.0,-215.0,early
9000013_1767703200,train,9000013,2026-01-06 12:40:00,10300317,2026-01-06 12:51:57.888885,-196.0,3.0,ontime
9000013_1767703500,train,9000013,2026-01-06 12:45:00,10300224,2026-01-06 12:56:57.888885,-196.0,94.0,ontime
9000013_1767703800,train,9000013,2026-01-06 12:50:00,10300358,2026-01-06 13:00:57.888885,-196.0,87.0,ontime
9000013_1767704100,train,9000013,2026-01-06 12:55:00,10300344,2026-01-06 13:08:57.888885,99.0,75.0,ontime
9000013_1767704400,train,9000013,2026-01-06 13:00:00,10300175,2026-01-06 13:10:57.888885,63.0,75.0,ontime
9000013_1767704700,train,9000013,2026-01-06 13:05:00,10300132,2026-01-06 13:17:57.888885,188.0,2.0,ontime
9000013_1767705000,train,9000013,2026-01-06 13:10:00,10300120,2026-01-06 13:21:57.888885,120.0,-10.0,ontime
9000013_1767705300,train,9000013,2026-01-06 13:15:00,10300385,2026-01-06 13:25:57.888885,42.0,-43.0,ontime
9000013_1767705600,train,9000013,2026-01-06 13:20:00,10300394,2026-01-06 13:30:57.888885,-14.0,81.0,ontime
9000013_1767705900,train,9000013,2026-01-06 13:25:00,10300390,2026-01-06 13:36:57.888885,-52.0,37.0,ontime
9000013_1767706200,train,9000013,2026-01-06 13:30:00,10300243,2026-01-06 13:40:57.888885,93.0,106.0,ontime
9000013_1767706500,train,9000013,2026-01-06 13:35:00,10300300,2026-01-06 13:47:57.888885,99.0,54.0,ontime
9000013_1767708600,train,9000013,2026-01-06 14:10:00,10300202,2026-01-06 14:21:57.888885,63.0,74.0,ontime
9000013_1767708900,train,9000013,2026-01-06 14:15:00,10300315,2026-01-06 14:26:57.888885,63.0,103.0,ontime
9000013_1767709200,train,9000013,2026-01-06 14:20:00,10300200,2026-01-06 14:30:57.888885,63.0,130.0,late
9000013_1767709500,train,9000013,2026-01-06 14:25:00,10300274,2026-01-06 14:38:57.888885,110.0,75.0,ontime
9000013_1767709800,train,9000013,2026-01-06 14:30:00,10300297,2026-01-06 14:40:57.888885,87.0,52.0,ontime
9000013_1767710100,train,9000013,2026-01-06 14:35:00,10300384,2026-01-06 14:47:57.888885,110.0,-106.0,early
9000013_1767710400,train,9000013,2026-01-06 14:40:00,10300339,2026-01-06 14:51:57.888885,41.0,-99.0,early
9000013_1767710700,train,9000013,2026-01-06 14:45:00,10300397,2026-01-06 14:55:57.888885,32.0,-72.0,early
9000013_1767711000,train,9000013,2026-01-06 14:50:00,10300154,2026-01-06 15:00:57.888885,-102.0,-16.0,ontime
9000013_1767711300,train,9000013,2026-01-06 14:55:00,10300156,2026-01-06 15:06:57.888885,-158.0,-74.0,early
9000013_1767711600,train,9000013,2026-01-06 15:00:00,10300194,2026-01-06 15:10:57.888885,-157.0,-5.0,ontime
9000013_1767711900,train,9000013,2026-01-06 15:05:00,10300149,2026-01-06 15:17:57.888885,-21.0,-68.0,early
9000013_1767713400,train,9000013,2026-01-06 15:30:00,10300341,2026-01-06 15:41:57.888885,-95.0,14.0,ontime
9000013_1767713700,train,9000013,2026-01-06 15:35:00,10300002,2026-01-06 15:46:57.888885,-95.0,12.0,ontime
9000013_1767714000,train,9000013,2026-01-06 15:40:00,10300199,2026-01-06 15:50:57.888885,-95.0,59.0,ontime
9000013_1767714300,train,9000013,2026-01-06 15:45:00,10300312,2026-01-06 15:58:57.888885,91.0,-12.0,ontime
9000013_1767714600,train,9000013,2026-01-06 15:50:00,10300152,2026-01-06 16:00:57.888885,62.0,32.0,ontime
9000013_1767714900,train,9000013,2026-01-06 15:55:00,10300345,2026-01-06 16:07:57.888885,55.0,-139.0,early
9000013_1767715200,train,9000013,2026-01-06 16:00:00,10300026,2026-01-06 16:11:57.888885,-2.0,-102.0,early
9000013_1767715500,train,9000013,2026-01-06 16:05:00,10300271,2026-01-06 16:15:57.888885,3.0,-46.0,ontime
9000013_1767715800,train,9000013,2026-01-06 16:10:00,10300357,2026-01-06 16:20:57.888885,-132.0,-8.0,ontime
9000013_1767716100,train,9000013,2026-01-06 16:15:00,10300281,2026-01-06 16:26:57.888885,-75.0,-83.0,early
9000013_1767716400,train,9000013,2026-01-06 16:20:00,10300234,2026-01-06 16:30:57.888885,-4.0,-42.0,ontime
9000013_1767716700,train,9000013,2026-01-06 16:25:00,10300232,2026-01-06 16:37:57.888885,26.0,-141.0,early
9000013_1767721800,train,9000013,2026-01-06 17:50:00,10300215,2026-01-06 18:02:57.888885,-138.0,0.0,ontime
9000013_1767722100,train,9000013,2026-01-06 17:55:00,10300241,2026-01-06 18:05:57.888885,-138.0,91.0,ontime
9000013_1767722400,train,9000013,2026-01-06 18:00:00,10300226,2026-01-06 18:10:57.888885,-138.0,136.0,late
9000013_1767722700,train,9000013,2026-01-06 18:05:00,10300013,2026-01-06 18:15:57.888885,50.0,372.0,late
9000013_1767723000,train,9000013,2026-01-06 18:10:00,10300171,2026-01-06 18:20:57.888885,167.0,302.0,late
9000013_1767723300,train,9000013,2026-01-06 18:15:00,10300173,2026-01-06 18:26:57.888885,319.0,217.0,late
9000013_1767723600,train,9000013,2026-01-06 18:20:00,10300240,2026-01-06 18:30:57.888885,303.0,257.0,late
9000013_1767723900,train,9000013,2026-01-06 18:25:00,10300210,2026-01-06 18:36:57.888885,286.0,295.0,late
9000013_1767724200,train,9000013,2026-01-06 18:30:00,10300167,2026-01-06 18:40:57.888885,292.0,391.0,late
9000013_1767724500,train,9000013,2026-01-06 18:35:00,10300219,2026-01-06 18:46:57.888885,327.0,415.0,late
9000013_1767726900,train,9000013,2026-01-06 19:15:00,10300191,2026-01-06 19:27:57.888885,371.0,0.0,ontime
9000013_1767727200,train,9000013,2026-01-06 19:20:00,10300204,2026-01-06 19:30:57.888885,371.0,5.0,ontime
9000013_1767727500,train,9000013,2026-01-06 19:25:00,10300347,2026-01-06 19:35:57.888885,371.0,219.0,late
9000013_1767727800,train,9000013,2026-01-06 19:30:00,10300128,2026-01-06 19:40:57.888885,-28.0,386.0,late
9000013_1767728100,train,9000013,2026-01-06 19:35:00,10300372,2026-01-06 19:45:57.888885,141.0,354.0,late
9000013_1767728400,train,9000013,2026-01-06 19:40:00,10300287,2026-01-06 19:51:57.888885,361.0,375.0,late
9000013_1767728700,train,9000013,2026-01-06 19:45:00,10300388,2026-01-06 19:55:57.888885,344.0,491.0,late
9000013_1767729000,train,9000013,2026-01-06 19:50:00,10300181,2026-01-06 20:01:57.888885,333.0,529.0,late
9000013_1767729300,train,9000013,2026-01-06 19:55:00,10300178,2026-01-06 20:05:57.888885,447.0,526.0,late
9000013_1767729600,train,9000013,2026-01-06 20:00:00,10300375,2026-01-06 20:11:57.888885,536.0,549.0,late
9000013_1767732000,train,9000013,2026-01-06 20:40:00,10300263,2026-01-06 20:52:57.888885,602.0,11.0,ontime
9000013_1767732300,train,9000013,2026-01-06 20:45:00,10300010,2026-01-06 20:55:57.888885,602.0,-1.0,ontime
9000013_1767732600,train,9000013,2026-01-06 20:50:00,10300121,2026-01-06 21:00:57.888885,602.0,31.0,ontime
9000013_1767732900,train,9000013,2026-01-06 20:55:00,10300256,2026-01-06 21:05:57.888885,-15.0,42.0,ontime
9000013_1767733200,train,9000013,2026-01-06 21:00:00,10300261,2026-01-06 21:10:57.888885,54.0,-38.0,ontime
9000013_1767733500,train,9000013,2026-01-06 21:05:00,10300011,2026-01-06 21:16:57.888885,54.0,-89.0,early
9000013_1767733800,train,9000013,2026-01-06 21:10:00,10300130,2026-01-06 21:20:57.888885,33.0,-16.0,ontime
9000013_1767734100,train,9000013,2026-01-06 21:15:00,10300186,2026-01-06 21:26:57.888885,-49.0,-5.0,ontime
9000013_1767734400,train,9000013,2026-01-06 21:20:00,10300259,2026-01-06 21:30:57.888885,-29.0,87.0,ontime
9000013_1767734700,train,9000013,2026-01-06 21:25:00,10300253,2026-01-06 21:36:57.888885,25.0,60.0,ontime
9000014_1767665400,train,9000014,2026-01-06 02:10:00,10400473,2026-01-06 02:20:56.876587,0.0,7.0,ontime
9000014_1767665700,train,9000014,2026-01-06 02:15:00,10400660,2026-01-06 02:25:56.876587,-20.0,49.0,ontime
9000014_1767666000,train,9000014,2026-01-06 02:20:00,10400666,2026-01-06 02:30:56.876587,7.0,71.0,ontime
9000014_1767666300,train,9000014,2026-01-06 02:25:00,10400650,2026-01-06 02:35:56.876587,68.0,-35.0,ontime
9000014_1767666600,train,9000014,2026-01-06 02:30:00,10400242,2026-01-06 02:40:56.876587,44.0,9.0,ontime
9000014_1767666900,train,9000014,2026-01-06 02:35:00,10400258,2026-01-06 02:45:56.876587,61.0,45.0,ontime
9000014_1767667200,train,9000014,2026-01-06 02:40:00,10400252,2026-01-06 02:50:56.876587,-13.0,133.0,late
9000014_1767667500,train,9000014,2026-01-06 02:45:00,10400259,2026-01-06 02:56:56.876587,10.0,37.0,ontime
9000014_1767667800,train,9000014,2026-01-06 02:50:00,10400498,2026-01-06 03:01:56.876587,1.0,9.0,ontime
9000014_1767668100,train,9000014,2026-01-06 02:55:00,10400493,2026-01-06 03:06:56.876587,149.0,-52.0,ontime
9000014_1767668400,train,9000014,2026-01-06 03:00:00,10400490,2026-01-06 03:10:56.876587,-28.0,92.0,ontime
9000014_1767668700,train,9000014,2026-01-06 03:05:00,10400488,2026-01-06 03:15:56.876587,8.0,69.0,ontime
9000014_1767669300,train,9000014,2026-01-06 03:15:00,10400353,2026-01-06 03:26:56.876587,82.0,182.0,late
9000014_1767669600,train,9000014,2026-01-06 03:20:00,10400348,2026-01-06 03:31:56.876587,42.0,186.0,late
9000014_1767669900,train,9000014,2026-01-06 03:25:00,10400347,2026-01-06 03:35:56.876587,42.0,124.0,late
9000014_1767670200,train,9000014,2026-01-06 03:30:00,10400531,2026-01-06 03:40:56.876587,232.0,274.0,late
9000014_1767670500,train,9000014,2026-01-06 03:35:00,10400356,2026-01-06 03:45:56.876587,113.0,305.0,late
9000014_1767670800,train,9000014,2026-01-06 03:40:00,10400540,2026-01-06 03:51:56.876587,279.0,301.0,late
9000014_1767671100,train,9000014,2026-01-06 03:45:00,10400526,2026-01-06 03:55:56.876587,327.0,296.0,late
9000014_1767671400,train,9000014,2026-01-06 03:50:00,10400352,2026-01-06 04:00:56.876587,366.0,367.0,late
9000014_1767671700,train,9000014,2026-01-06 03:55:00,10400592,2026-01-06 04:06:56.876587,216.0,120.0,ontime
9000014_1767672000,train,9000014,2026-01-06 04:00:00,10400591,2026-01-06 04:10:56.876587,306.0,139.0,late
9000014_1767672300,train,9000014,2026-01-06 04:05:00,10400621,2026-01-06 04:17:56.876587,188.0,203.0,late
9000014_1767672600,train,9000014,2026-01-06 04:10:00,10400460,2026-01-06 04:21:56.876587,112.0,112.0,ontime
9000014_1767672900,train,9000014,2026-01-06 04:15:00,10400387,2026-01-06 04:26:56.876587,265.0,53.0,ontime
9000014_1767673200,train,9000014,2026-01-06 04:20:00,10400586,2026-01-06 04:30:56.876587,142.0,149.0,late
9000014_1767673500,train,9000014,2026-01-06 04:25:00,10400392,2026-01-06 04:36:56.876587,59.0,98.0,ontime
9000014_1767673800,train,9000014,2026-01-06 04:30:00,10400391,2026-01-06 04:40:56.876587,147.0,107.0,ontime
9000014_1767678600,train,9000014,2026-01-06 05:50:00,10400021,2026-01-06 06:03:56.876587,22.0,53.0,ontime
9000014_1767678900,train,9000014,2026-01-06 05:55:00,10400035,2026-01-06 06:05:56.876587,22.0,76.0,ontime
9000014_1767679200,train,9000014,2026-01-06 06:00:00,10400115,2026-01-06 06:10:56.876587,22.0,-11.0,ontime
9000014_1767679500,train,9000014,2026-01-06 06:05:00,10400519,2026-01-06 06:16:56.876587,53.0,-40.0,ontime
9000014_1767679800,train,9000014,2026-01-06 06:10:00,10400407,2026-01-06 06:20:56.876587,76.0,7.0,ontime
9000014_1767680100,train,9000014,2026-01-06 06:15:00,10400343,2026-01-06 06:25:56.876587,-57.0,107.0,ontime
9000014_1767680400,train,9000014,2026-01-06 06:20:00,10400345,2026-01-06 06:30:56.876587,-39.0,69.0,ontime
9000014_1767680700,train,9000014,2026-01-06 06:25:00,10400630,2026-01-06 06:36:56.876587,53.0,-102.0,early
9000014_1767681000,train,9000014,2026-01-06 06:30:00,10400344,2026-01-06 06:40:56.876587,122.0,-4.0,ontime
9000014_1767681300,train,9000014,2026-01-06 06:35:00,10400579,2026-01-06 06:47:56.876587,-48.0,302.0,late
9000014_1767681600,train,9000014,2026-01-06 06:40:00,10400575,2026-01-06 06:50:56.876587,-37.0,277.0,late
9000014_1767681900,train,9000014,2026-01-06 06:45:00,10400012,2026-01-06 06:55:56.876587,250.0,406.0,late
9000014_1767682200,train,9000014,2026-01-06 06:50:00,10400416,2026-01-06 07:00:56.876587,249.0,306.0,late
9000014_1767682500,train,9000014,2026-01-06 06:55:00,10400379,2026-01-06 07:05:56.876587,431.0,131.0,late
9000014_1767682800,train,9000014,2026-01-06 07:00:00,10400446,2026-01-06 07:10:56.876587,301.0,210.0,late
9000014_1767683100,train,9000014,2026-01-06 07:05:00,10400068,2026-01-06 07:15:56.876587,188.0,220.0,late
9000014_1767683400,train,9000014,2026-01-06 07:10:00,10400383,2026-01-06 07:20:56.876587,249.0,203.0,late
9000014_1767683700,train,9000014,2026-01-06 07:15:00,10400657,2026-01-06 07:25:56.876587,219.0,171.0,late
9000014_1767684300,train,9000014,2026-01-06 07:25:00,10400656,2026-01-06 07:35:56.876587,151.0,164.0,late
9000014_1767684600,train,9000014,2026-01-06 07:30:00,10400550,2026-01-06 07:42:56.876587,171.0,39.0,ontime
9000014_1767684900,train,9000014,2026-01-06 07:35:00,10400070,2026-01-06 07:45:56.876587,171.0,19.0,ontime
9000014_1767685200,train,9000014,2026-01-06 07:40:00,10400216,2026-01-06 07:52:56.876587,155.0,60.0,ontime
9000014_1767685500,train,9000014,2026-01-06 07:45:00,10400629,2026-01-06 07:55:56.876587,54.0,31.0,ontime
9000014_1767685800,train,9000014,2026-01-06 07:50:00,10400542,2026-01-06 08:02:56.876587,45.0,-34.0,ontime
9000014_1767686100,train,9000014,2026-01-06 07:55:00,10400547,2026-01-06 08:06:56.876587,56.0,-179.0,early
9000014_1767686400,train,9000014,2026-01-06 08:00:00,10400101,2026-01-06 08:10:56.876587,49.0,-170.0,early
9000014_1767686700,train,9000014,2026-01-06 08:05:00,10400098,2026-01-06 08:16:56.876587,-126.0,269.0,late
9000014_1767687000,train,9000014,2026-01-06 08:10:00,10400160,2026-01-06 08:20:56.876587,-93.0,201.0,late
9000014_1767687300,train,9000014,2026-01-06 08:15:00,10400031,2026-01-06 08:25:56.876587,-114.0,314.0,late
9000014_1767687600,train,9000014,2026-01-06 08:20:00,10400162,2026-01-06 08:30:56.876587,193.0,302.0,late
9000014_1767687900,train,9000014,2026-01-06 08:25:00,10400032,2026-01-06 08:36:56.876587,282.0,134.0,late
9000014_1767688200,train,9000014,2026-01-06 08:30:00,10400601,2026-01-06 08:40:56.876587,395.0,103.0,ontime
9000014_1767688500,train,9000014,2026-01-06 08:35:00,10400610,2026-01-06 08:45:56.876587,120.0,1.0,ontime
9000014_1767688800,train,9000014,2026-01-06 08:40:00,10400154,2026-01-06 08:50:56.876587,77.0,-68.0,early
9000014_1767689100,train,9000014,2026-01-06 08:45:00,10400030,2026-01-06 08:55:56.876587,8.0,-165.0,early
9000014_1767692100,train,9000014,2026-01-06 09:35:00,10400422,2026-01-06 09:47:56.876587,-215.0,127.0,late
9000014_1767692400,train,9000014,2026-01-06 09:40:00,10400607,2026-01-06 09:54:56.876587,-215.0,15.0,ontime
9000014_1767692700,train,9000014,2026-01-06 09:45:00,10400634,2026-01-06 09:56:56.876587,-215.0,54.0,ontime
9000014_1767693000,train,9000014,2026-01-06 09:50:00,10400088,2026-01-06 10:00:56.876587,142.0,64.0,ontime
9000014_1767693300,train,9000014,2026-01-06 09:55:00,10400359,2026-01-06 10:05:56.876587,15.0,117.0,ontime
9000014_1767693600,train,9000014,2026-01-06 10:00:00,10400231,2026-01-06 10:10:56.876587,47.0,226.0,late
9000014_1767693900,train,9000014,2026-01-06 10:05:00,10400364,2026-01-06 10:16:56.876587,137.0,67.0,ontime
9000014_1767694200,train,9000014,2026-01-06 10:10:00,10400156,2026-01-06 10:20:56.876587,243.0,33.0,ontime
9000014_1767694500,train,9000014,2026-01-06 10:15:00,10400357,2026-01-06 10:25:56.876587,133.0,24.0,ontime
9000014_1767694800,train,9000014,2026-01-06 10:20:00,10400019,2026-01-06 10:32:56.876587,-5.0,226.0,late
9000014_1767695100,train,9000014,2026-01-06 10:25:00,10400146,2026-01-06 10:35:56.876587,5.0,194.0,late
9000014_1767695400,train,9000014,2026-01-06 10:30:00,10400596,2026-01-06 10:40:56.876587,-101.0,255.0,late
9000014_1767695700,train,9000014,2026-01-06 10:35:00,10400067,2026-01-06 10:45:56.876587,226.0,136.0,late
9000014_1767696000,train,9000014,2026-01-06 10:40:00,10400410,2026-01-06 10:50:56.876587,241.0,6.0,ontime
9000014_1767696300,train,9000014,2026-01-06 10:45:00,10400079,2026-01-06 10:55:56.876587,156.0,92.0,ontime
9000014_1767696600,train,9000014,2026-01-06 10:50:00,10400190,2026-01-06 11:00:56.876587,10.0,55.0,ontime
9000014_1767696900,train,9000014,2026-01-06 10:55:00,10400618,2026-01-06 11:05:56.876587,59.0,30.0,ontime
9000014_1767697200,train,9000014,2026-01-06 11:00:00,10400096,2026-01-06 11:10:56.876587,90.0,103.0,ontime
9000014_1767697800,train,9000014,2026-01-06 11:10:00,10400667,2026-01-06 11:22:56.876587,54.0,9.0,ontime
9000014_1767698100,train,9000014,2026-01-06 11:15:00,10400097,2026-01-06 11:29:56.876587,103.0,-75.0,early
9000014_1767698400,train,9000014,2026-01-06 11:20:00,10400168,2026-01-06 11:31:56.876587,103.0,-45.0,ontime
9000014_1767698700,train,9000014,2026-01-06 11:25:00,10400433,2026-01-06 11:35:56.876587,-12.0,-86.0,early
9000014_1767699000,train,9000014,2026-01-06 11:30:00,10400169,2026-01-06 11:40:56.876587,-75.0,-99.0,early
9000014_1767699300,train,9000014,2026-01-06 11:35:00,10400165,2026-01-06 11:45:56.876587,-94.0,-15.0,ontime
9000014_1767699600,train,9000014,2026-01-06 11:40:00,10400415,2026-01-06 11:51:56.876587,-130.0,-237.0,early
9000014_1767699900,train,9000014,2026-01-06 11:45:00,10400092,2026-01-06 11:55:56.876587,-33.0,-272.0,early
9000014_1767700200,train,9000014,2026-01-06 11:50:00,10400384,2026-01-06 12:00:56.876587,-177.0,-274.0,early
9000014_1767700500,train,9000014,2026-01-06 11:55:00,10400479,2026-01-06 12:07:56.876587,-262.0,104.0,ontime
9000014_1767700800,train,9000014,2026-01-06 12:00:00,10400401,2026-01-06 12:10:56.876587,-284.0,76.0,ontime
9000014_1767701100,train,9000014,2026-01-06 12:05:00,10400477,2026-01-06 12:15:56.876587,97.0,92.0,ontime
9000014_1767701400,train,9000014,2026-01-06 12:10:00,10400185,2026-01-06 12:20:56.876587,75.0,-73.0,early
9000014_1767701700,train,9000014,2026-01-06 12:15:00,10400435,2026-01-06 12:25:56.876587,113.0,-199.0,early
9000014_1767702000,train,9000014,2026-01-06 12:20:00,10400598,2026-01-06 12:30:56.876587,29.0,-135.0,early
9000014_1767702300,train,9000014,2026-01-06 12:25:00,10400475,2026-01-06 12:35:56.876587,-186.0,-75.0,early
9000014_1767702600,train,9000014,2026-01-06 12:30:00,10400114,2026-01-06 12:40:56.876587,-89.0,-121.0,early
9000014_1767702900,train,9000014,2026-01-06 12:35:00,10400113,2026-01-06 12:45:56.876587,-70.0,-92.0,early
9000014_1767703500,train,9000014,2026-01-06 12:45:00,10400112,2026-01-06 12:57:56.876587,-106.0,39.0,ontime
9000014_1767703800,train,9000014,2026-01-06 12:50:00,10400609,2026-01-06 13:04:56.876587,-92.0,-43.0,ontime
9000014_1767704100,train,9000014,2026-01-06 12:55:00,10400449,2026-01-06 13:06:56.876587,-92.0,69.0,ontime
9000014_1767704400,train,9000014,2026-01-06 13:00:00,10400662,2026-01-06 13:10:56.876587,-5.0,90.0,ontime
9000014_1767704700,train,9000014,2026-01-06 13:05:00,10400670,2026-01-06 13:15:56.876587,-43.0,84.0,ontime
9000014_1767705000,train,9000014,2026-01-06 13:10:00,10400082,2026-01-06 13:20:56.876587,1.0,184.0,late
9000014_1767705300,train,9000014,2026-01-06 13:15:00,10400372,2026-01-06 13:26:56.876587,75.0,107.0,ontime
9000014_1767705600,train,9000014,2026-01-06 13:20:00,10400571,2026-01-06 13:30:56.876587,219.0,59.0,ontime
9000014_1767705900,train,9000014,2026-01-06 13:25:00,10400374,2026-01-06 13:35:56.876587,84.0,133.0,late
9000014_1767706200,train,9000014,2026-01-06 13:30:00,10400116,2026-01-06 13:42:56.876587,42.0,94.0,ontime
9000014_1767706500,train,9000014,2026-01-06 13:35:00,10400196,2026-01-06 13:45:56.876587,73.0,46.0,ontime
9000014_1767706800,train,9000014,2026-01-06 13:40:00,10400328,2026-01-06 13:50:56.876587,28.0,182.0,late
9000014_1767707100,train,9000014,2026-01-06 13:45:00,10400330,2026-01-06 13:55:56.876587,37.0,67.0,ontime
9000014_1767707400,train,9000014,2026-01-06 13:50:00,10400083,2026-01-06 14:00:56.876587,89.0,28.0,ontime
9000014_1767707700,train,9000014,2026-01-06 13:55:00,10400419,2026-01-06 14:05:56.876587,66.0,139.0,late
9000014_1767708000,train,9000014,2026-01-06 14:00:00,10400108,2026-01-06 14:10:56.876587,26.0,108.0,ontime
9000014_1767708300,train,9000014,2026-01-06 14:05:00,10400099,2026-01-06 14:15:56.876587,139.0,152.0,late
9000014_1767708600,train,9000014,2026-01-06 14:10:00,10400329,2026-01-06 14:20:56.876587,48.0,150.0,late
9000014_1767709200,train,9000014,2026-01-06 14:20:00,10400654,2026-01-06 14:33:56.876587,150.0,16.0,ontime
9000014_1767709500,train,9000014,2026-01-06 14:25:00,10400341,2026-01-06 14:35:56.876587,150.0,15.0,ontime
9000014_1767709800,train,9000014,2026-01-06 14:30:00,10400512,2026-01-06 14:40:56.876587,150.0,57.0,ontime
9000014_1767710100,train,9000014,2026-01-06 14:35:00,10400515,2026-01-06 14:46:56.876587,16.0,93.0,ontime
9000014_1767710400,train,9000014,2026-01-06 14:40:00,10400517,2026-01-06 14:50:56.876587,15.0,228.0,late
9000014_1767710700,train,9000014,2026-01-06 14:45:00,10400339,2026-01-06 14:55:56.876587,37.0,360.0,late
9000014_1767711000,train,9000014,2026-01-06 14:50:00,10400510,2026-01-06 15:00:56.876587,123.0,309.0,late
9000014_1767711300,train,9000014,2026-01-06 14:55:00,10400511,2026-01-06 15:06:56.876587,263.0,265.0,late
9000014_1767711600,train,9000014,2026-01-06 15:00:00,10400420,2026-01-06 15:10:56.876587,349.0,268.0,late
9000014_1767711900,train,9000014,2026-01-06 15:05:00,10400635,2026-01-06 15:15:56.876587,182.0,194.0,late
9000014_1767712200,train,9000014,2026-01-06 15:10:00,10400158,2026-01-06 15:20:56.876587,253.0,240.0,late
9000014_1767712500,train,9000014,2026-01-06 15:15:00,10400504,2026-01-06 15:26:56.876587,346.0,388.0,late
9000014_1767712800,train,9000014,2026-01-06 15:20:00,10400336,2026-01-06 15:31:56.876587,272.0,229.0,late
9000014_1767713100,train,9000014,2026-01-06 15:25:00,10400427,2026-01-06 15:35:56.876587,354.0,239.0,late
9000014_1767713400,train,9000014,2026-01-06 15:30:00,10400671,2026-01-06 15:40:56.876587,292.0,377.0,late
9000014_1767713700,train,9000014,2026-01-06 15:35:00,10400503,2026-01-06 15:45:56.876587,286.0,482.0,late
9000014_1767714000,train,9000014,2026-01-06 15:40:00,10400337,2026-01-06 15:51:56.876587,293.0,506.0,late
9000014_1767714300,train,9000014,2026-01-06 15:45:00,10400644,2026-01-06 15:56:56.876587,458.0,425.0,late
9000014_1767718500,train,9000014,2026-01-06 16:55:00,10400048,2026-01-06 17:09:56.876587,425.0,65.0,ontime
9000014_1767718800,train,9000014,2026-01-06 17:00:00,10400047,2026-01-06 17:11:56.876587,425.0,52.0,ontime
9000014_1767719100,train,9000014,2026-01-06 17:05:00,10400553,2026-01-06 17:16:56.876587,425.0,41.0,ontime
9000014_1767719400,train,9000014,2026-01-06 17:10:00,10400676,2026-01-06 17:20:56.876587,65.0,126.0,late
9000014_1767719700,train,9000014,2026-01-06 17:15:00,10400447,2026-01-06 17:26:56.876587,52.0,219.0,late
9000014_1767720000,train,9000014,2026-01-06 17:20:00,10400236,2026-01-06 17:31:56.876587,164.0,351.0,late
9000014_1767720300,train,9000014,2026-01-06 17:25:00,10400552,2026-01-06 17:36:56.876587,208.0,331.0,late
9000014_1767720600,train,9000014,2026-01-06 17:30:00,10400193,2026-01-06 17:40:56.876587,269.0,313.0,late
9000014_1767720900,train,9000014,2026-01-06 17:35:00,10400076,2026-01-06 17:45:56.876587,389.0,381.0,late
9000014_1767721200,train,9000014,2026-01-06 17:40:00,10400683,2026-01-06 17:50:56.876587,323.0,397.0,late
9000014_1767721500,train,9000014,2026-01-06 17:45:00,10400017,2026-01-06 17:55:56.876587,394.0,363.0,late
9000014_1767721800,train,9000014,2026-01-06 17:50:00,10400104,2026-01-06 18:00:56.876587,461.0,472.0,late
9000014_1767722100,train,9000014,2026-01-06 17:55:00,10400133,2026-01-06 18:06:56.876587,313.0,294.0,late
9000014_1767722400,train,9000014,2026-01-06 18:00:00,10400010,2026-01-06 18:10:56.876587,458.0,329.0,late
9000014_1767722700,train,9000014,2026-01-06 18:05:00,10400188,2026-01-06 18:16:56.876587,314.0,346.0,late
9000014_1767723000,train,9000014,2026-01-06 18:10:00,10400501,2026-01-06 18:20:56.876587,257.0,317.0,late
9000014_1767723300,train,9000014,2026-01-06 18:15:00,10400679,2026-01-06 18:26:56.876587,283.0,280.0,late
9000014_1767723600,train,9000014,2026-01-06 18:20:00,10400564,2026-01-06 18:33:56.876587,324.0,62.0,ontime
9000014_1767723900,train,9000014,2026-01-06 18:25:00,10400132,2026-01-06 18:35:56.876587,293.0,21.0,ontime
9000014_1767724200,train,9000014,2026-01-06 18:30:00,10400008,2026-01-06 18:40:56.876587,248.0,4.0,ontime
9000014_1767724500,train,9000014,2026-01-06 18:35:00,10400164,2026-01-06 18:46:56.876587,62.0,37.0,ontime
9000014_1767724800,train,9000014,2026-01-06 18:40:00,10400431,2026-01-06 18:50:56.876587,21.0,168.0,late
9000014_1767725100,train,9000014,2026-01-06 18:45:00,10400569,2026-01-06 18:55:56.876587,28.0,126.0,late
9000014_1767725400,train,9000014,2026-01-06 18:50:00,10400015,2026-01-06 19:00:56.876587,152.0,59.0,ontime
9000014_1767725700,train,9000014,2026-01-06 18:55:00,10400567,2026-01-06 19:05:56.876587,143.0,114.0,ontime
9000014_1767726000,train,9000014,2026-01-06 19:00:00,10400315,2026-01-06 19:10:56.876587,88.0,203.0,late
9000014_1767726300,train,9000014,2026-01-06 19:05:00,10400472,2026-01-06 19:15:56.876587,37.0,273.0,late
9000014_1767726600,train,9000014,2026-01-06 19:10:00,10400555,2026-01-06 19:20:56.876587,194.0,320.0,late
9000014_1767726900,train,9000014,2026-01-06 19:15:00,10400556,2026-01-06 19:26:56.876587,269.0,135.0,late
9000014_1767727200,train,9000014,2026-01-06 19:20:00,10400627,2026-01-06 19:30:56.876587,192.0,62.0,ontime
9000014_1767727500,train,9000014,2026-01-06 19:25:00,10400119,2026-01-06 19:35:56.876587,259.0,41.0,ontime
9000014_1767727800,train,9000014,2026-01-06 19:30:00,10400461,2026-01-06 19:40:56.876587,106.0,61.0,ontime
9000014_1767728100,train,9000014,2026-01-06 19:35:00,10400004,2026-01-06 19:45:56.876587,93.0,98.0,ontime
9000014_1767728400,train,9000014,2026-01-06 19:40:00,10400426,2026-01-06 19:50:56.876587,29.0,47.0,ontime
9000014_1767728700,train,9000014,2026-01-06 19:45:00,10400425,2026-01-06 19:55:56.876587,69.0,132.0,late
9000014_1767729000,train,9000014,2026-01-06 19:50:00,10400011,2026-01-06 20:00:56.876587,13.0,215.0,late
9000014_1767729300,train,9000014,2026-01-06 19:55:00,10400222,2026-01-06 20:05:56.876587,47.0,227.0,late
9000014_1767729600,train,9000014,2026-01-06 20:00:00,10400006,2026-01-06 20:10:56.876587,171.0,197.0,late
9000014_1767729900,train,9000014,2026-01-06 20:05:00,10400224,2026-01-06 20:15:56.876587,101.0,284.0,late
9000014_1767730200,train,9000014,2026-01-06 20:10:00,10400106,2026-01-06 20:21:56.876587,279.0,180.0,late
9000014_1767730500,train,9000014,2026-01-06 20:15:00,10400227,2026-01-06 20:25:56.876587,247.0,179.0,late
9000014_1767730800,train,9000014,2026-01-06 20:20:00,10400437,2026-01-06 20:31:56.876587,139.0,72.0,ontime
9000014_1767731100,train,9000014,2026-01-06 20:25:00,10400077,2026-01-06 20:35:56.876587,203.0,310.0,late
9000014_1767731400,train,9000014,2026-01-06 20:30:00,10400204,2026-01-06 20:41:56.876587,175.0,357.0,late
9000014_1767731700,train,9000014,2026-01-06 20:35:00,10400205,2026-01-06 20:45:56.876587,364.0,239.0,late
9000014_1767732000,train,9000014,2026-01-06 20:40:00,10400005,2026-01-06 20:51:56.876587,321.0,156.0,late
9000014_1767732300,train,9000014,2026-01-06 20:45:00,10400206,2026-01-06 20:56:56.876587,314.0,255.0,late
9000014_1767732600,train,9000014,2026-01-06 20:50:00,10400155,2026-01-06 21:00:56.876587,149.0,156.0,late
9000014_1767732900,train,9000014,2026-01-06 20:55:00,10400301,2026-01-06 21:05:56.876587,215.0,97.0,ontime
9000014_1767736500,train,9000014,2026-01-06 21:55:00,10400300,2026-01-06 22:09:56.876587,75.0,103.0,ontime
9000014_1767736800,train,9000014,2026-01-06 22:00:00,10400298,2026-01-06 22:10:56.876587,75.0,110.0,ontime
9000014_1767737100,train,9000014,2026-01-06 22:05:00,10400199,2026-01-06 22:16:56.876587,75.0,89.0,ontime
9000014_1767737400,train,9000014,2026-01-06 22:10:00,10400304,2026-01-06 22:20:56.876587,103.0,110.0,ontime
9000014_1767737700,train,9000014,2026-01-06 22:15:00,10400675,2026-01-06 22:25:56.876587,107.0,143.0,late
9000014_1767738000,train,9000014,2026-01-06 22:20:00,10400293,2026-01-06 22:31:56.876587,100.0,30.0,ontime
9000014_1767738300,train,9000014,2026-01-06 22:25:00,10400038,2026-01-06 22:35:56.876587,114.0,-8.0,ontime
9000014_1767738600,train,9000014,2026-01-06 22:30:00,10400307,2026-01-06 22:40:56.876587,68.0,22.0,ontime
9000014_1767738900,train,9000014,2026-01-06 22:35:00,10400409,2026-01-06 22:45:56.876587,0.0,158.0,late
9000014_1767739200,train,9000014,2026-01-06 22:40:00,10400429,2026-01-06 22:50:56.876587,-3.0,101.0,ontime
9000014_1767739500,train,9000014,2026-01-06 22:45:00,10400463,2026-01-06 22:55:56.876587,-16.0,126.0,late
9000014_1767739800,train,9000014,2026-01-06 22:50:00,10400687,2026-01-06 23:00:56.876587,133.0,71.0,ontime
9000014_1767740100,train,9000014,2026-01-06 22:55:00,10400049,2026-01-06 23:05:56.876587,113.0,72.0,ontime
9000014_1767740400,train,9000014,2026-01-06 23:00:00,10400094,2026-01-06 23:10:56.876587,65.0,179.0,late
9000014_1767740700,train,9000014,2026-01-06 23:05:00,10400289,2026-01-06 23:16:56.876587,-1.0,139.0,late
9000014_1767741000,train,9000014,2026-01-06 23:10:00,10400191,2026-01-06 23:21:56.876587,187.0,62.0,ontime
9000014_1767741900,train,9000014,2026-01-06 23:25:00,10400270,2026-01-06 23:39:56.876587,62.0,115.0,ontime
9000014_1767742200,train,9000014,2026-01-06 23:30:00,10400269,2026-01-06 23:40:56.876587,62.0,103.0,ontime
9000014_1767742500,train,9000014,2026-01-06 23:35:00,10400055,2026-01-06 23:46:56.876587,62.0,176.0,late
9000015_1767668400,train,9000015,2026-01-06 03:00:00,10500658,2026-01-06 03:10:10.268893,-6.0,16.0,ontime
9000015_1767668700,train,9000015,2026-01-06 03:05:00,10500663,2026-01-06 03:15:10.268893,43.0,82.0,ontime
9000015_1767669000,train,9000015,2026-01-06 03:10:00,10500649,2026-01-06 03:21:10.268893,-2.0,72.0,ontime
9000015_1767669300,train,9000015,2026-01-06 03:15:00,10500653,2026-01-06 03:25:10.268893,20.0,-11.0,ontime
9000015_1767669600,train,9000015,2026-01-06 03:20:00,10500241,2026-01-06 03:30:10.268893,134.0,6.0,ontime
9000015_1767669900,train,9000015,2026-01-06 03:25:00,10500261,2026-01-06 03:35:10.268893,-50.0,38.0,ontime
9000015_1767670200,train,9000015,2026-01-06 03:30:00,10500253,2026-01-06 03:40:10.268893,18.0,140.0,late
9000015_1767670500,train,9000015,2026-01-06 03:35:00,10500251,2026-01-06 03:46:10.268893,-8.0,-49.0,ontime
9000015_1767670800,train,9000015,2026-01-06 03:40:00,10500499,2026-01-06 03:50:10.268893,132.0,-81.0,early
9000015_1767671100,train,9000015,2026-01-06 03:45:00,10500496,2026-01-06 03:55:10.268893,33.0,39.0,ontime
9000015_1767671400,train,9000015,2026-01-06 03:50:00,10500487,2026-01-06 04:00:10.268893,2.0,79.0,ontime
9000015_1767671700,train,9000015,2026-01-06 03:55:00,10500314,2026-01-06 04:05:10.268893,81.0,67.0,ontime
9000015_1767672000,train,9000015,2026-01-06 04:00:00,10500353,2026-01-06 04:14:10.268893,69.0,212.0,late
9000015_1767672300,train,9000015,2026-01-06 04:05:00,10500354,2026-01-06 04:15:10.268893,73.0,226.0,late
9000015_1767672600,train,9000015,2026-01-06 04:10:00,10500538,2026-01-06 04:21:10.268893,67.0,143.0,late
9000015_1767672900,train,9000015,2026-01-06 04:15:00,10500349,2026-01-06 04:25:10.268893,212.0,232.0,late
9000015_1767673200,train,9000015,2026-01-06 04:20:00,10500541,2026-01-06 04:30:10.268893,159.0,251.0,late
9000015_1767673500,train,9000015,2026-01-06 04:25:00,10500539,2026-01-06 04:37:10.268893,196.0,372.0,late
9000015_1767673800,train,9000015,2026-01-06 04:30:00,10500536,2026-01-06 04:41:10.268893,216.0,197.0,late
9000015_1767674100,train,9000015,2026-01-06 04:35:00,10500530,2026-01-06 04:45:10.268893,309.0,286.0,late
9000015_1767674400,train,9000015,2026-01-06 04:40:00,10500398,2026-01-06 04:51:10.268893,325.0,219.0,late
9000015_1767674700,train,9000015,2026-01-06 04:45:00,10500590,2026-01-06 04:55:10.268893,271.0,116.0,ontime
9000015_1767675000,train,9000015,2026-01-06 04:50:00,10500389,2026-01-06 05:00:10.268893,337.0,232.0,late
9000015_1767675300,train,9000015,2026-01-06 04:55:00,10500621,2026-01-06 05:05:10.268893,150.0,208.0,late
9000015_1767675600,train,9000015,2026-01-06 05:00:00,10500397,2026-01-06 05:11:10.268893,162.0,77.0,ontime
9000015_1767675900,train,9000015,2026-01-06 05:05:00,10500585,2026-01-06 05:15:10.268893,292.0,47.0,ontime
9000015_1767676200,train,9000015,2026-01-06 05:10:00,10500395,2026-01-06 05:20:10.268893,113.0,190.0,late
9000015_1767676500,train,9000015,2026-01-06 05:15:00,10500589,2026-01-06 05:25:10.268893,56.0,86.0,ontime
9000015_1767676800,train,9000015,2026-01-06 05:20:00,10500583,2026-01-06 05:30:10.268893,149.0,72.0,ontime
9000015_1767681600,train,9000015,2026-01-06 06:40:00,10500021,2026-01-06 06:51:10.268893,25.0,53.0,ontime
9000015_1767681900,train,9000015,2026-01-06 06:45:00,10500115,2026-01-06 06:58:10.268893,25.0,-40.0,ontime
9000015_1767682200,train,9000015,2026-01-06 06:50:00,10500214,2026-01-06 07:00:10.268893,25.0,-27.0,ontime
9000015_1767682500,train,9000015,2026-01-06 06:55:00,10500052,2026-01-06 07:05:10.268893,71.0,-72.0,early
9000015_1767682800,train,9000015,2026-01-06 07:00:00,10500523,2026-01-06 07:10:10.268893,-40.0,45.0,ontime
9000015_1767683100,train,9000015,2026-01-06 07:05:00,10500521,2026-01-06 07:15:10.268893,-30.0,124.0,late
9000015_1767683400,train,9000015,2026-01-06 07:10:00,10500616,2026-01-06 07:20:10.268893,64.0,-1.0,ontime
9000015_1767683700,train,9000015,2026-01-06 07:15:00,10500444,2026-01-06 07:25:10.268893,108.0,11.0,ontime
9000015_1767684000,train,9000015,2026-01-06 07:20:00,10500524,2026-01-06 07:30:10.268893,51.0,-40.0,ontime
9000015_1767684300,train,9000015,2026-01-06 07:25:00,10500579,2026-01-06 07:35:10.268893,-93.0,329.0,late
9000015_1767684600,train,9000015,2026-01-06 07:30:00,10500111,2026-01-06 07:40:10.268893,-56.0,318.0,late
9000015_1767684900,train,9000015,2026-01-06 07:35:00,10500056,2026-01-06 07:46:10.268893,253.0,325.0,late
9000015_1767685200,train,9000015,2026-01-06 07:40:00,10500624,2026-01-06 07:50:10.268893,303.0,188.0,late
9000015_1767685500,train,9000015,2026-01-06 07:45:00,10500375,2026-01-06 07:55:10.268893,383.0,129.0,late
9000015_1767685800,train,9000015,2026-01-06 07:50:00,10500377,2026-01-06 08:01:10.268893,260.0,233.0,late
9000015_1767686100,train,9000015,2026-01-06 07:55:00,10500378,2026-01-06 08:05:10.268893,165.0,197.0,late
9000015_1767686400,train,9000015,2026-01-06 08:00:00,10500053,2026-01-06 08:11:10.268893,166.0,211.0,late
9000015_1767687000,train,9000015,2026-01-06 08:10:00,10500656,2026-01-06 08:23:10.268893,231.0,161.0,late
9000015_1767687300,train,9000015,2026-01-06 08:15:00,10500659,2026-01-06 08:25:10.268893,149.0,135.0,late
9000015_1767687600,train,9000015,2026-01-06 08:20:00,10500550,2026-01-06 08:30:10.268893,149.0,70.0,ontime
9000015_1767687900,train,9000015,2026-01-06 08:25:00,10500100,2026-01-06 08:36:10.268893,161.0,20.0,ontime
9000015_1767688200,train,9000015,2026-01-06 08:30:00,10500216,2026-01-06 08:40:10.268893,135.0,21.0,ontime
9000015_1767688500,train,9000015,2026-01-06 08:35:00,10500442,2026-01-06 08:45:10.268893,33.0,57.0,ontime
9000015_1767688800,train,9000015,2026-01-06 08:40:00,10500542,2026-01-06 08:50:10.268893,65.0,-69.0,early
9000015_1767689100,train,9000015,2026-01-06 08:45:00,10500548,2026-01-06 08:56:10.268893,48.0,-133.0,early
9000015_1767689400,train,9000015,2026-01-06 08:50:00,10500543,2026-01-06 09:00:10.268893,56.0,-116.0,early
9000015_1767689700,train,9000015,2026-01-06 08:55:00,10500151,2026-01-06 09:07:10.268893,-158.0,169.0,late
9000015_1767690000,train,9000015,2026-01-06 09:00:00,10500440,2026-01-06 09:10:10.268893,-168.0,237.0,late
9000015_1767690300,train,9000015,2026-01-06 09:05:00,10500248,2026-01-06 09:15:10.268893,249.0,378.0,late
9000015_1767690600,train,9000015,2026-01-06 09:10:00,10500232,2026-01-06 09:20:10.268893,193.0,204.0,late
9000015_1767690900,train,9000015,2026-01-06 09:15:00,10500033,2026-01-06 09:25:10.268893,318.0,112.0,ontime
9000015_1767691200,train,9000015,2026-01-06 09:20:00,10500027,2026-01-06 09:30:10.268893,294.0,93.0,ontime
9000015_1767691500,train,9000015,2026-01-06 09:25:00,10500250,2026-01-06 09:35:10.268893,124.0,-35.0,ontime
9000015_1767691800,train,9000015,2026-01-06 09:30:00,10500028,2026-01-06 09:40:10.268893,80.0,-33.0,ontime
9000015_1767692100,train,9000015,2026-01-06 09:35:00,10500025,2026-01-06 09:45:10.268893,-15.0,-225.0,early
9000015_1767695100,train,9000015,2026-01-06 10:25:00,10500422,2026-01-06 10:35:10.268893,-225.0,114.0,ontime
9000015_1767695400,train,9000015,2026-01-06 10:30:00,10500607,2026-01-06 10:42:10.268893,-225.0,48.0,ontime
9000015_1767695700,train,9000015,2026-01-06 10:35:00,10500640,2026-01-06 10:45:10.268893,-225.0,17.0,ontime
9000015_1767696000,train,9000015,2026-01-06 10:40:00,10500369,2026-01-06 10:52:10.268893,112.0,129.0,late
9000015_1767696300,train,9000015,2026-01-06 10:45:00,10500404,2026-01-06 10:55:10.268893,71.0,200.0,late
9000015_1767696600,train,9000015,2026-01-06 10:50:00,10500363,2026-01-06 11:02:10.268893,102.0,124.0,late
9000015_1767696900,train,9000015,2026-01-06 10:55:00,10500043,2026-01-06 11:06:10.268893,149.0,-28.0,ontime
9000015_1767697200,train,9000015,2026-01-06 11:00:00,10500365,2026-01-06 11:10:10.268893,194.0,-27.0,ontime
9000015_1767697500,train,9000015,2026-01-06 11:05:00,10500060,2026-01-06 11:15:10.268893,75.0,83.0,ontime
9000015_1767697800,train,9000015,2026-01-06 11:10:00,10500019,2026-01-06 11:20:10.268893,11.0,250.0,late
9000015_1767698100,train,9000015,2026-01-06 11:15:00,10500127,2026-01-06 11:25:10.268893,74.0,245.0,late
9000015_1767698400,train,9000015,2026-01-06 11:20:00,10500042,2026-01-06 11:31:10.268893,-78.0,157.0,late
9000015_1767698700,train,9000015,2026-01-06 11:25:00,10500091,2026-01-06 11:35:10.268893,228.0,48.0,ontime
9000015_1767699000,train,9000015,2026-01-06 11:30:00,10500595,2026-01-06 11:40:10.268893,296.0,55.0,ontime
9000015_1767699300,train,9000015,2026-01-06 11:35:00,10500163,2026-01-06 11:46:10.268893,112.0,116.0,ontime
9000015_1767699600,train,9000015,2026-01-06 11:40:00,10500400,2026-01-06 11:50:10.268893,33.0,49.0,ontime
9000015_1767699900,train,9000015,2026-01-06 11:45:00,10500143,2026-01-06 11:56:10.268893,51.0,63.0,ontime
9000015_1767700800,train,9000015,2026-01-06 12:00:00,10500667,2026-01-06 12:10:10.268893,76.0,29.0,ontime
9000015_1767701100,train,9000015,2026-01-06 12:05:00,10500097,2026-01-06 12:17:10.268893,76.0,-85.0,early
9000015_1767701400,train,9000015,2026-01-06 12:10:00,10500246,2026-01-06 12:20:10.268893,76.0,-75.0,early
9000015_1767701700,train,9000015,2026-01-06 12:15:00,10500080,2026-01-06 12:27:10.268893,7.0,-141.0,early
9000015_1767702000,train,9000015,2026-01-06 12:20:00,10500581,2026-01-06 12:30:10.268893,-118.0,-96.0,early
9000015_1767702300,train,9000015,2026-01-06 12:25:00,10500599,2026-01-06 12:37:10.268893,-123.0,-193.0,early
9000015_1767702600,train,9000015,2026-01-06 12:30:00,10500024,2026-01-06 12:41:10.268893,-117.0,-237.0,early
9000015_1767702900,train,9000015,2026-01-06 12:35:00,10500192,2026-01-06 12:45:10.268893,-38.0,-265.0,early
9000015_1767703200,train,9000015,2026-01-06 12:40:00,10500050,2026-01-06 12:50:10.268893,-216.0,32.0,ontime
9000015_1767703500,train,9000015,2026-01-06 12:45:00,10500479,2026-01-06 12:55:10.268893,-264.0,93.0,ontime
9000015_1767703800,train,9000015,2026-01-06 12:50:00,10500626,2026-01-06 13:00:10.268893,-249.0,88.0,ontime
9000015_1767704100,train,9000015,2026-01-06 12:55:00,10500402,2026-01-06 13:06:10.268893,55.0,23.0,ontime
9000015_1767704400,train,9000015,2026-01-06 13:00:00,10500233,2026-01-06 13:10:10.268893,103.0,-100.0,early
9000015_1767704700,train,9000015,2026-01-06 13:05:00,10500476,2026-01-06 13:15:10.268893,82.0,-128.0,early
9000015_1767705000,train,9000015,2026-01-06 13:10:00,10500622,2026-01-06 13:21:10.268893,-41.0,-92.0,early
9000015_1767705300,train,9000015,2026-01-06 13:15:00,10500059,2026-01-06 13:25:10.268893,-183.0,-57.0,ontime
9000015_1767705600,train,9000015,2026-01-06 13:20:00,10500484,2026-01-06 13:31:10.268893,-148.0,-78.0,early
9000015_1767706500,train,9000015,2026-01-06 13:35:00,10500112,2026-01-06 13:45:10.268893,-99.0,26.0,ontime
9000015_1767706800,train,9000015,2026-01-06 13:40:00,10500609,2026-01-06 13:52:10.268893,-99.0,12.0,ontime
9000015_1767707100,train,9000015,2026-01-06 13:45:00,10500456,2026-01-06 13:55:10.268893,-99.0,24.0,ontime
9000015_1767707400,train,9000015,2026-01-06 13:50:00,10500655,2026-01-06 14:02:10.268893,20.0,60.0,ontime
9000015_1767707700,train,9000015,2026-01-06 13:55:00,10500572,2026-01-06 14:05:10.268893,43.0,165.0,late
9000015_1767708000,train,9000015,2026-01-06 14:00:00,10500376,2026-01-06 14:12:10.268893,73.0,129.0,late
9000015_1767708300,train,9000015,2026-01-06 14:05:00,10500346,2026-01-06 14:16:10.268893,77.0,23.0,ontime
9000015_1767708600,train,9000015,2026-01-06 14:10:00,10500373,2026-01-06 14:20:10.268893,179.0,46.0,ontime
9000015_1767708900,train,9000015,2026-01-06 14:15:00,10500219,2026-01-06 14:25:10.268893,56.0,128.0,late
9000015_1767709200,train,9000015,2026-01-06 14:20:00,10500116,2026-01-06 14:30:10.268893,59.0,53.0,ontime
9000015_1767709500,train,9000015,2026-01-06 14:25:00,10500061,2026-01-06 14:35:10.268893,139.0,142.0,late
9000015_1767709800,train,9000015,2026-01-06 14:30:00,10500605,2026-01-06 14:41:10.268893,4.0,72.0,ontime
9000015_1767710100,train,9000015,2026-01-06 14:35:00,10500023,2026-01-06 14:45:10.268893,47.0,18.0,ontime
9000015_1767710400,train,9000015,2026-01-06 14:40:00,10500322,2026-01-06 14:50:10.268893,182.0,53.0,ontime
9000015_1767710700,train,9000015,2026-01-06 14:45:00,10500058,2026-01-06 14:56:10.268893,44.0,139.0,late
9000015_1767711000,train,9000015,2026-01-06 14:50:00,10500606,2026-01-06 15:00:10.268893,48.0,131.0,late
9000015_1767711300,train,9000015,2026-01-06 14:55:00,10500136,2026-01-06 15:06:10.268893,103.0,147.0,late
9000015_1767712200,train,9000015,2026-01-06 15:10:00,10500654,2026-01-06 15:21:10.268893,169.0,0.0,ontime
9000015_1767712500,train,9000015,2026-01-06 15:15:00,10500512,2026-01-06 15:28:10.268893,169.0,78.0,ontime
9000015_1767712800,train,9000015,2026-01-06 15:20:00,10500513,2026-01-06 15:30:10.268893,169.0,84.0,ontime
9000015_1767713100,train,9000015,2026-01-06 15:25:00,10500516,2026-01-06 15:35:10.268893,-4.0,116.0,ontime
9000015_1767713400,train,9000015,2026-01-06 15:30:00,10500034,2026-01-06 15:40:10.268893,78.0,270.0,late
9000015_1767713700,train,9000015,2026-01-06 15:35:00,10500509,2026-01-06 15:45:10.268893,119.0,410.0,late
9000015_1767714000,train,9000015,2026-01-06 15:40:00,10500507,2026-01-06 15:50:10.268893,285.0,264.0,late
9000015_1767714300,train,9000015,2026-01-06 15:45:00,10500340,2026-01-06 15:56:10.268893,416.0,280.0,late
9000015_1767714600,train,9000015,2026-01-06 15:50:00,10500625,2026-01-06 16:00:10.268893,328.0,381.0,late
9000015_1767714900,train,9000015,2026-01-06 15:55:00,10500464,2026-01-06 16:06:10.268893,259.0,305.0,late
9000015_1767715200,train,9000015,2026-01-06 16:00:00,10500009,2026-01-06 16:10:10.268893,356.0,287.0,late
9000015_1767715500,train,9000015,2026-01-06 16:05:00,10500335,2026-01-06 16:17:10.268893,185.0,243.0,late
9000015_1767715800,train,9000015,2026-01-06 16:10:00,10500604,2026-01-06 16:21:10.268893,262.0,291.0,late
9000015_1767716100,train,9000015,2026-01-06 16:15:00,10500451,2026-01-06 16:26:10.268893,385.0,337.0,late
9000015_1767716400,train,9000015,2026-01-06 16:20:00,10500674,2026-01-06 16:30:10.268893,257.0,347.0,late
9000015_1767716700,train,9000015,2026-01-06 16:25:00,10500333,2026-01-06 16:36:10.268893,257.0,491.0,late
9000015_1767717000,train,9000015,2026-01-06 16:30:00,10500418,2026-01-06 16:40:10.268893,345.0,504.0,late
9000015_1767721500,train,9000015,2026-01-06 17:45:00,10500048,2026-01-06 17:57:10.268893,461.0,51.0,ontime
9000015_1767721800,train,9000015,2026-01-06 17:50:00,10500553,2026-01-06 18:04:10.268893,461.0,84.0,ontime
9000015_1767722100,train,9000015,2026-01-06 17:55:00,10500623,2026-01-06 18:06:10.268893,461.0,113.0,ontime
9000015_1767722400,train,9000015,2026-01-06 18:00:00,10500095,2026-01-06 18:10:10.268893,93.0,129.0,late
9000015_1767722700,train,9000015,2026-01-06 18:05:00,10500467,2026-01-06 18:15:10.268893,84.0,225.0,late
9000015_1767723000,train,9000015,2026-01-06 18:10:00,10500085,2026-01-06 18:20:10.268893,144.0,372.0,late
9000015_1767723300,train,9000015,2026-01-06 18:15:00,10500554,2026-01-06 18:26:10.268893,197.0,368.0,late
9000015_1767723600,train,9000015,2026-01-06 18:20:00,10500620,2026-01-06 18:30:10.268893,373.0,314.0,late
9000015_1767723900,train,9000015,2026-01-06 18:25:00,10500637,2026-01-06 18:35:10.268893,341.0,427.0,late
9000015_1767724200,train,9000015,2026-01-06 18:30:00,10500678,2026-01-06 18:40:10.268893,302.0,360.0,late
9000015_1767724500,train,9000015,2026-01-06 18:35:00,10500072,2026-01-06 18:45:10.268893,408.0,383.0,late
9000015_1767724800,train,9000015,2026-01-06 18:40:00,10500107,2026-01-06 18:50:10.268893,383.0,361.0,late
9000015_1767725100,train,9000015,2026-01-06 18:45:00,10500316,2026-01-06 18:55:10.268893,395.0,279.0,late
9000015_1767725400,train,9000015,2026-01-06 18:50:00,10500313,2026-01-06 19:00:10.268893,463.0,334.0,late
9000015_1767725700,train,9000015,2026-01-06 18:55:00,10500408,2026-01-06 19:05:10.268893,282.0,367.0,late
9000015_1767726000,train,9000015,2026-01-06 19:00:00,10500319,2026-01-06 19:11:10.268893,281.0,297.0,late
9000015_1767726300,train,9000015,2026-01-06 19:05:00,10500320,2026-01-06 19:16:10.268893,358.0,287.0,late
9000015_1767726600,train,9000015,2026-01-06 19:10:00,10500564,2026-01-06 19:21:10.268893,276.0,66.0,ontime
9000015_1767726900,train,9000015,2026-01-06 19:15:00,10500008,2026-01-06 19:28:10.268893,253.0,28.0,ontime
9000015_1767727200,train,9000015,2026-01-06 19:20:00,10500044,2026-01-06 19:30:10.268893,287.0,43.0,ontime
9000015_1767727500,train,9000015,2026-01-06 19:25:00,10500140,2026-01-06 19:35:10.268893,33.0,51.0,ontime
9000015_1767727800,train,9000015,2026-01-06 19:30:00,10500562,2026-01-06 19:40:10.268893,28.0,168.0,late
9000015_1767728100,train,9000015,2026-01-06 19:35:00,10500003,2026-01-06 19:46:10.268893,43.0,108.0,ontime
9000015_1767728400,train,9000015,2026-01-06 19:40:00,10500557,2026-01-06 19:50:10.268893,140.0,27.0,ontime
9000015_1767728700,train,9000015,2026-01-06 19:45:00,10500118,2026-01-06 19:55:10.268893,126.0,154.0,late
9000015_1767729000,train,9000015,2026-01-06 19:50:00,10500452,2026-01-06 20:00:10.268893,45.0,266.0,late
9000015_1767729300,train,9000015,2026-01-06 19:55:00,10500682,2026-01-06 20:05:10.268893,138.0,221.0,late
9000015_1767729600,train,9000015,2026-01-06 20:00:00,10500366,2026-01-06 20:10:10.268893,188.0,282.0,late
9000015_1767729900,train,9000015,2026-01-06 20:05:00,10500198,2026-01-06 20:16:10.268893,226.0,116.0,ontime
9000015_1767730200,train,9000015,2026-01-06 20:10:00,10500071,2026-01-06 20:20:10.268893,292.0,99.0,ontime
9000015_1767730500,train,9000015,2026-01-06 20:15:00,10500558,2026-01-06 20:26:10.268893,163.0,51.0,ontime
9000015_1767730800,train,9000015,2026-01-06 20:20:00,10500217,2026-01-06 20:30:10.268893,61.0,91.0,ontime
9000015_1767731100,train,9000015,2026-01-06 20:25:00,10500016,2026-01-06 20:36:10.268893,-6.0,68.0,ontime
9000015_1767731400,train,9000015,2026-01-06 20:30:00,10500425,2026-01-06 20:43:10.268893,26.0,198.0,late
9000015_1767731700,train,9000015,2026-01-06 20:35:00,10500011,2026-01-06 20:48:10.268893,82.0,168.0,late
9000015_1767732000,train,9000015,2026-01-06 20:40:00,10500150,2026-01-06 20:50:10.268893,32.0,198.0,late
9000015_1767732300,train,9000015,2026-01-06 20:45:00,10500438,2026-01-06 20:56:10.268893,147.0,230.0,late
9000015_1767732600,train,9000015,2026-01-06 20:50:00,10500220,2026-01-06 21:01:10.268893,168.0,289.0,late
9000015_1767732900,train,9000015,2026-01-06 20:55:00,10500225,2026-01-06 21:05:10.268893,229.0,252.0,late
9000015_1767733200,train,9000015,2026-01-06 21:00:00,10500131,2026-01-06 21:11:10.268893,273.0,147.0,late
9000015_1767733500,train,9000015,2026-01-06 21:05:00,10500474,2026-01-06 21:15:10.268893,272.0,185.0,late
9000015_1767733800,train,9000015,2026-01-06 21:10:00,10500201,2026-01-06 21:21:10.268893,140.0,341.0,late
9000015_1767734100,train,9000015,2026-01-06 21:15:00,10500117,2026-01-06 21:25:10.268893,227.0,363.0,late
9000015_1767734400,train,9000015,2026-01-06 21:20:00,10500466,2026-01-06 21:31:10.268893,54.0,309.0,late
9000015_1767734700,train,9000015,2026-01-06 21:25:00,10500680,2026-01-06 21:36:10.268893,346.0,180.0,late
9000015_1767735000,train,9000015,2026-01-06 21:30:00,10500294,2026-01-06 21:40:10.268893,349.0,186.0,late
9000015_1767735300,train,9000015,2026-01-06 21:35:00,10500142,2026-01-06 21:45:10.268893,211.0,183.0,late
9000015_1767735600,train,9000015,2026-01-06 21:40:00,10500208,2026-01-06 21:50:10.268893,159.0,125.0,late
9000015_1767735900,train,9000015,2026-01-06 21:45:00,10500297,2026-01-06 21:55:10.268893,162.0,86.0,ontime
9000015_1767739500,train,9000015,2026-01-06 22:45:00,10500300,2026-01-06 22:57:10.268893,86.0,75.0,ontime
9000015_1767739800,train,9000015,2026-01-06 22:50:00,10500302,2026-01-06 23:02:10.268893,86.0,132.0,late
9000015_1767740100,train,9000015,2026-01-06 22:55:00,10500406,2026-01-06 23:05:10.268893,86.0,87.0,ontime
9000015_1767740400,train,9000015,2026-01-06 23:00:00,10500305,2026-01-06 23:10:10.268893,61.0,155.0,late
9000015_1767740700,train,9000015,2026-01-06 23:05:00,10500290,2026-01-06 23:15:10.268893,66.0,84.0,ontime
9000015_1767741000,train,9000015,2026-01-06 23:10:00,10500295,2026-01-06 23:21:10.268893,127.0,14.0,ontime
9000015_1767741300,train,9000015,2026-01-06 23:15:00,10500074,2026-01-06 23:25:10.268893,129.0,-43.0,ontime
9000015_1767741600,train,9000015,2026-01-06 23:20:00,10500309,2026-01-06 23:30:10.268893,67.0,15.0,ontime
9000015_1767741900,train,9000015,2026-01-06 23:25:00,10500612,2026-01-06 23:35:10.268893,-23.0,186.0,late
9000015_1767742200,train,9000015,2026-01-06 23:30:00,10500633,2026-01-06 23:40:10.268893,15.0,139.0,late
9000015_1767742500,train,9000015,2026-01-06 23:35:00,10500284,2026-01-06 23:45:10.268893,178.0,79.0,ontime
9000015_1767742800,train,9000015,2026-01-06 23:40:00,10500007,2026-01-06 23:50:10.268893,143.0,38.0,ontime
9000015_1767743100,train,9000015,2026-01-06 23:45:00,10500286,2026-01-06 23:55:10.268893,116.0,174.0,late
9000015_1767743400,train,9000015,2026-01-06 23:50:00,10500287,2026-01-07 00:01:10.268893,85.0,188.0,late
9000015_1767743700,train,9000015,2026-01-06 23:55:00,10500129,2026-01-07 00:05:10.268893,136.0,115.0,ontime
9000015_1767744900,train,9000015,2026-01-07 00:15:00,10500270,2026-01-07 00:27:10.268893,108.0,98.0,ontime
9000015_1767745200,train,9000015,2026-01-07 00:20:00,10500262,2026-01-07 00:32:10.268893,108.0,146.0,late
9000015_1767745500,train,9000015,2026-01-07 00:25:00,10500263,2026-01-07 00:35:10.268893,108.0,159.0,late
9000016_1767677100,train,9000016,2026-01-06 05:25:00,10600214,2026-01-06 05:35:40.807087,0.0,118.0,ontime
9000016_1767677400,train,9000016,2026-01-06 05:30:00,10600215,2026-01-06 05:40:40.807087,0.0,237.0,late
9000016_1767677700,train,9000016,2026-01-06 05:35:00,10600211,2026-01-06 05:45:40.807087,0.0,142.0,late
9000016_1767678000,train,9000016,2026-01-06 05:40:00,10600228,2026-01-06 05:50:40.807087,188.0,129.0,late
9000016_1767678300,train,9000016,2026-01-06 05:45:00,10600221,2026-01-06 05:55:40.807087,161.0,174.0,late
9000016_1767678600,train,9000016,2026-01-06 05:50:00,10600219,2026-01-06 06:00:40.807087,163.0,301.0,late
9000016_1767679500,train,9000016,2026-01-06 06:05:00,10600227,2026-01-06 06:15:40.807087,285.0,76.0,ontime
9000016_1767679800,train,9000016,2026-01-06 06:10:00,10600038,2026-01-06 06:20:40.807087,285.0,203.0,late
9000016_1767680100,train,9000016,2026-01-06 06:15:00,10600312,2026-01-06 06:25:40.807087,285.0,74.0,ontime
9000016_1767680400,train,9000016,2026-01-06 06:20:00,10600004,2026-01-06 06:30:40.807087,137.0,58.0,ontime
9000016_1767680700,train,9000016,2026-01-06 06:25:00,10600233,2026-01-06 06:35:40.807087,73.0,-8.0,ontime
9000016_1767681000,train,9000016,2026-01-06 06:30:00,10600316,2026-01-06 06:40:40.807087,36.0,63.0,ontime
9000016_1767681900,train,9000016,2026-01-06 06:45:00,10600347,2026-01-06 06:55:40.807087,109.0,-53.0,ontime
9000016_1767682200,train,9000016,2026-01-06 06:50:00,10600011,2026-01-06 07:00:40.807087,109.0,36.0,ontime
9000016_1767682500,train,9000016,2026-01-06 06:55:00,10600332,2026-01-06 07:05:40.807087,109.0,55.0,ontime
9000016_1767682800,train,9000016,2026-01-06 07:00:00,10600009,2026-01-06 07:10:40.807087,38.0,-11.0,ontime
9000016_1767683100,train,9000016,2026-01-06 07:05:00,10600329,2026-01-06 07:15:40.807087,18.0,-22.0,ontime
9000016_1767683400,train,9000016,2026-01-06 07:10:00,10600330,2026-01-06 07:20:40.807087,20.0,98.0,ontime
9000016_1767684000,train,9000016,2026-01-06 07:20:00,10600003,2026-01-06 07:30:40.807087,-12.0,71.0,ontime
9000016_1767684300,train,9000016,2026-01-06 07:25:00,10600311,2026-01-06 07:35:40.807087,190.0,247.0,late
9000016_1767684600,train,9000016,2026-01-06 07:30:00,10600335,2026-01-06 07:40:40.807087,190.0,172.0,late
9000016_1767684900,train,9000016,2026-01-06 07:35:00,10600231,2026-01-06 07:45:40.807087,194.0,149.0,late
9000016_1767685200,train,9000016,2026-01-06 07:40:00,10600323,2026-01-06 07:50:40.807087,113.0,172.0,late
9000016_1767685500,train,9000016,2026-01-06 07:45:00,10600318,2026-01-06 07:55:40.807087,138.0,254.0,late
9000016_1767686100,train,9000016,2026-01-06 07:55:00,10600029,2026-01-06 08:05:40.807087,271.0,128.0,late
9000016_1767686400,train,9000016,2026-01-06 08:00:00,10600230,2026-01-06 08:10:40.807087,273.0,230.0,late
9000016_1767686700,train,9000016,2026-01-06 08:05:00,10600026,2026-01-06 08:15:40.807087,273.0,245.0,late
9000016_1767687000,train,9000016,2026-01-06 08:10:00,10600351,2026-01-06 08:20:40.807087,224.0,222.0,late
9000016_1767687300,train,9000016,2026-01-06 08:15:00,10600021,2026-01-06 08:25:40.807087,270.0,310.0,late
9000016_1767687600,train,9000016,2026-01-06 08:20:00,10600017,2026-01-06 08:30:40.807087,227.0,392.0,late
9000016_1767688200,train,9000016,2026-01-06 08:30:00,10600025,2026-01-06 08:42:40.807087,367.0,0.0,ontime
9000016_1767691500,train,9000016,2026-01-06 09:25:00,10600254,2026-01-06 09:35:40.807087,0.0,48.0,ontime
9000016_1767691800,train,9000016,2026-01-06 09:30:00,10600245,2026-01-06 09:40:40.807087,0.0,54.0,ontime
9000016_1767692100,train,9000016,2026-01-06 09:35:00,10600249,2026-01-06 09:45:40.807087,0.0,24.0,ontime
9000016_1767692400,train,9000016,2026-01-06 09:40:00,10600242,2026-01-06 09:50:40.807087,-6.0,28.0,ontime
9000016_1767692700,train,9000016,2026-01-06 09:45:00,10600238,2026-01-06 09:56:40.807087,-8.0,64.0,ontime
9000016_1767693000,train,9000016,2026-01-06 09:50:00,10600034,2026-01-06 10:01:40.807087,104.0,121.0,late
9000016_1767693300,train,9000016,2026-01-06 09:55:00,10600031,2026-01-06 10:05:40.807087,130.0,171.0,late
9000016_1767693900,train,9000016,2026-01-06 10:05:00,10600294,2026-01-06 10:15:40.807087,141.0,-73.0,early
9000016_1767694200,train,9000016,2026-01-06 10:10:00,10600292,2026-01-06 10:20:40.807087,171.0,-35.0,ontime
9000016_1767694500,train,9000016,2026-01-06 10:15:00,10600290,2026-01-06 10:25:40.807087,171.0,-84.0,early
9000016_1767694800,train,9000016,2026-01-06 10:20:00,10600286,2026-01-06 10:30:40.807087,-104.0,-22.0,ontime
9000016_1767695100,train,9000016,2026-01-06 10:25:00,10600058,2026-01-06 10:36:40.807087,-108.0,83.0,ontime
9000016_1767695400,train,9000016,2026-01-06 10:30:00,10600054,2026-01-06 10:41:40.807087,47.0,162.0,late
9000016_1767695700,train,9000016,2026-01-06 10:35:00,10600051,2026-01-06 10:45:40.807087,-10.0,185.0,late
9000016_1767696300,train,9000016,2026-01-06 10:45:00,10600050,2026-01-06 10:55:40.807087,173.0,-57.0,ontime
9000016_1767696600,train,9000016,2026-01-06 10:50:00,10600282,2026-01-06 11:00:40.807087,185.0,13.0,ontime
9000016_1767696900,train,9000016,2026-01-06 10:55:00,10600279,2026-01-06 11:05:40.807087,185.0,9.0,ontime
9000016_1767697200,train,9000016,2026-01-06 11:00:00,10600275,2026-01-06 11:10:40.807087,-36.0,-16.0,ontime
9000016_1767697500,train,9000016,2026-01-06 11:05:00,10600271,2026-01-06 11:16:40.807087,-6.0,60.0,ontime
9000016_1767697800,train,9000016,2026-01-06 11:10:00,10600046,2026-01-06 11:21:40.807087,82.0,202.0,late
9000016_1767698100,train,9000016,2026-01-06 11:15:00,10600043,2026-01-06 11:25:40.807087,92.0,253.0,late
9000016_1767698700,train,9000016,2026-01-06 11:25:00,10600296,2026-01-06 11:35:40.807087,204.0,-36.0,ontime
9000016_1767699000,train,9000016,2026-01-06 11:30:00,10600079,2026-01-06 11:40:40.807087,253.0,-29.0,ontime
9000016_1767699300,train,9000016,2026-01-06 11:35:00,10600076,2026-01-06 11:45:40.807087,253.0,35.0,ontime
9000016_1767699600,train,9000016,2026-01-06 11:40:00,10600072,2026-01-06 11:50:40.807087,34.0,63.0,ontime
9000016_1767699900,train,9000016,2026-01-06 11:45:00,10600068,2026-01-06 11:56:40.807087,1.0,185.0,late
9000016_1767700200,train,9000016,2026-01-06 11:50:00,10600064,2026-01-06 12:01:40.807087,120.0,223.0,late
9000016_1767700500,train,9000016,2026-01-06 11:55:00,10600061,2026-01-06 12:05:40.807087,108.0,276.0,late
9000016_1767701100,train,9000016,2026-01-06 12:05:00,10600041,2026-01-06 12:15:40.807087,261.0,18.0,ontime
9000016_1767701400,train,9000016,2026-01-06 12:10:00,10600270,2026-01-06 12:20:40.807087,276.0,58.0,ontime
9000016_1767701700,train,9000016,2026-01-06 12:15:00,10600037,2026-01-06 12:25:40.807087,276.0,11.0,ontime
9000016_1767702000,train,9000016,2026-01-06 12:20:00,10600266,2026-01-06 12:30:40.807087,29.0,19.0,ontime
9000016_1767702300,train,9000016,2026-01-06 12:25:00,10600262,2026-01-06 12:36:40.807087,-8.0,116.0,ontime
9000016_1767702600,train,9000016,2026-01-06 12:30:00,10600258,2026-01-06 12:41:40.807087,96.0,249.0,late
9000016_1767702900,train,9000016,2026-01-06 12:35:00,10600255,2026-01-06 12:45:40.807087,100.0,265.0,late
9000016_1767703500,train,9000016,2026-01-06 12:45:00,10600306,2026-01-06 12:55:40.807087,273.0,-41.0,ontime
9000016_1767703800,train,9000016,2026-01-06 12:50:00,10600096,2026-01-06 13:00:40.807087,265.0,58.0,ontime
9000016_1767704100,train,9000016,2026-01-06 12:55:00,10600093,2026-01-06 13:05:40.807087,265.0,80.0,ontime
9000016_1767704400,train,9000016,2026-01-06 13:00:00,10600089,2026-01-06 13:10:40.807087,29.0,48.0,ontime
9000016_1767704700,train,9000016,2026-01-06 13:05:00,10600085,2026-01-06 13:16:40.807087,102.0,107.0,ontime
9000016_1767705000,train,9000016,2026-01-06 13:10:00,10600299,2026-01-06 13:21:40.807087,102.0,297.0,late
9000016_1767705600,train,9000016,2026-01-06 13:20:00,10600104,2026-01-06 13:31:40.807087,181.0,-36.0,ontime
9000016_1767714300,train,9000016,2026-01-06 15:45:00,10600102,2026-01-06 15:55:40.807087,-36.0,-52.0,ontime
9000016_1767714600,train,9000016,2026-01-06 15:50:00,10600100,2026-01-06 16:00:40.807087,-36.0,-63.0,early
9000016_1767714900,train,9000016,2026-01-06 15:55:00,10600119,2026-01-06 16:05:40.807087,-36.0,-86.0,early
9000016_1767715200,train,9000016,2026-01-06 16:00:00,10600115,2026-01-06 16:10:40.807087,-37.0,-23.0,ontime
9000016_1767715500,train,9000016,2026-01-06 16:05:00,10600301,2026-01-06 16:16:40.807087,-38.0,37.0,ontime
9000016_1767715800,train,9000016,2026-01-06 16:10:00,10600112,2026-01-06 16:21:40.807087,17.0,29.0,ontime
9000016_1767716100,train,9000016,2026-01-06 16:15:00,10600109,2026-01-06 16:25:40.807087,-87.0,60.0,ontime
9000016_1767716700,train,9000016,2026-01-06 16:25:00,10600183,2026-01-06 16:35:40.807087,91.0,-30.0,ontime
9000016_1767717000,train,9000016,2026-01-06 16:30:00,10600180,2026-01-06 16:40:40.807087,60.0,-17.0,ontime
9000016_1767717300,train,9000016,2026-01-06 16:35:00,10600176,2026-01-06 16:45:40.807087,60.0,-95.0,early
9000016_1767717600,train,9000016,2026-01-06 16:40:00,10600172,2026-01-06 16:50:40.807087,15.0,-71.0,early
9000016_1767717900,train,9000016,2026-01-06 16:45:00,10600168,2026-01-06 16:56:40.807087,-29.0,-40.0,ontime
9000016_1767718200,train,9000016,2026-01-06 16:50:00,10600164,2026-01-06 17:01:40.807087,-43.0,209.0,late
9000016_1767718500,train,9000016,2026-01-06 16:55:00,10600161,2026-01-06 17:05:40.807087,-106.0,138.0,late
9000016_1767718800,train,9000016,2026-01-06 17:00:00,10600204,2026-01-06 17:13:40.807087,114.0,-29.0,ontime
9000016_1767719100,train,9000016,2026-01-06 17:05:00,10600205,2026-01-06 17:15:40.807087,129.0,-6.0,ontime
9000016_1767719400,train,9000016,2026-01-06 17:10:00,10600200,2026-01-06 17:21:40.807087,138.0,-52.0,ontime
9000016_1767719700,train,9000016,2026-01-06 17:15:00,10600197,2026-01-06 17:25:40.807087,-29.0,-32.0,ontime
9000016_1767720000,train,9000016,2026-01-06 17:20:00,10600193,2026-01-06 17:30:40.807087,34.0,31.0,ontime
9000016_1767720300,train,9000016,2026-01-06 17:25:00,10600189,2026-01-06 17:35:40.807087,-29.0,30.0,ontime
9000016_1767720600,train,9000016,2026-01-06 17:30:00,10600186,2026-01-06 17:40:40.807087,10.0,188.0,late
9000016_1767721200,train,9000016,2026-01-06 17:40:00,10600160,2026-01-06 17:51:40.807087,165.0,-12.0,ontime
9000016_1767721500,train,9000016,2026-01-06 17:45:00,10600157,2026-01-06 17:56:40.807087,243.0,30.0,ontime
9000016_1767721800,train,9000016,2026-01-06 17:50:00,10600154,2026-01-06 18:01:40.807087,243.0,-48.0,ontime
9000016_1767722100,train,9000016,2026-01-06 17:55:00,10600150,2026-01-06 18:06:40.807087,49.0,-24.0,ontime
9000016_1767722400,train,9000016,2026-01-06 18:00:00,10600147,2026-01-06 18:10:40.807087,39.0,65.0,ontime
9000016_1767722700,train,9000016,2026-01-06 18:05:00,10600143,2026-01-06 18:15:40.807087,18.0,154.0,late
9000016_1767723000,train,9000016,2026-01-06 18:10:00,10600106,2026-01-06 18:20:40.807087,6.0,136.0,late
9000016_1767723600,train,9000016,2026-01-06 18:20:00,10600140,2026-01-06 18:30:40.807087,150.0,-21.0,ontime
9000016_1767723900,train,9000016,2026-01-06 18:25:00,10600137,2026-01-06 18:35:40.807087,128.0,179.0,late
9000016_1767724200,train,9000016,2026-01-06 18:30:00,10600132,2026-01-06 18:40:40.807087,128.0,324.0,late
9000016_1767724500,train,9000016,2026-01-06 18:35:00,10600128,2026-01-06 18:45:40.807087,96.0,332.0,late
9000016_1767724800,train,9000016,2026-01-06 18:40:00,10600123,2026-01-06 18:51:40.807087,312.0,590.0,late
9000016_1767725700,train,9000016,2026-01-06 18:55:00,10600206,2026-01-06 19:05:40.807087,661.0,17.0,ontime
9000017_1767675000,train,9000017,2026-01-06 04:50:00,10700214,2026-01-06 05:03:08.228144,0.0,64.0,ontime
9000017_1767675300,train,9000017,2026-01-06 04:55:00,10700210,2026-01-06 05:05:08.228144,0.0,128.0,late
9000017_1767675600,train,9000017,2026-01-06 05:00:00,10700213,2026-01-06 05:10:08.228144,0.0,184.0,late
9000017_1767675900,train,9000017,2026-01-06 05:05:00,10700212,2026-01-06 05:15:08.228144,64.0,181.0,late
9000017_1767676200,train,9000017,2026-01-06 05:10:00,10700220,2026-01-06 05:21:08.228144,278.0,225.0,late
9000017_1767676500,train,9000017,2026-01-06 05:15:00,10700218,2026-01-06 05:26:08.228144,141.0,229.0,late
9000017_1767676800,train,9000017,2026-01-06 05:20:00,10700207,2026-01-06 05:31:08.228144,181.0,298.0,late
9000017_1767677400,train,9000017,2026-01-06 05:30:00,10700227,2026-01-06 05:43:08.228144,258.0,103.0,ontime
9000017_1767677700,train,9000017,2026-01-06 05:35:00,10700014,2026-01-06 05:45:08.228144,313.0,104.0,ontime
9000017_1767678000,train,9000017,2026-01-06 05:40:00,10700308,2026-01-06 05:50:08.228144,313.0,106.0,ontime
9000017_1767678300,train,9000017,2026-01-06 05:45:00,10700350,2026-01-06 05:55:08.228144,103.0,37.0,ontime
9000017_1767678600,train,9000017,2026-01-06 05:50:00,10700010,2026-01-06 06:01:08.228144,169.0,23.0,ontime
9000017_1767678900,train,9000017,2026-01-06 05:55:00,10700313,2026-01-06 06:06:08.228144,51.0,44.0,ontime
9000017_1767679200,train,9000017,2026-01-06 06:00:00,10700315,2026-01-06 06:11:08.228144,61.0,143.0,late
9000017_1767679800,train,9000017,2026-01-06 06:10:00,10700347,2026-01-06 06:23:08.228144,39.0,-22.0,ontime
9000017_1767680100,train,9000017,2026-01-06 06:15:00,10700348,2026-01-06 06:25:08.228144,138.0,-1.0,ontime
9000017_1767680400,train,9000017,2026-01-06 06:20:00,10700012,2026-01-06 06:30:08.228144,138.0,-56.0,ontime
9000017_1767680700,train,9000017,2026-01-06 06:25:00,10700340,2026-01-06 06:35:08.228144,-22.0,48.0,ontime
9000017_1767681000,train,9000017,2026-01-06 06:30:00,10700345,2026-01-06 06:41:08.228144,38.0,17.0,ontime
9000017_1767681300,train,9000017,2026-01-06 06:35:00,10700338,2026-01-06 06:46:08.228144,13.0,-16.0,ontime
9000017_1767681600,train,9000017,2026-01-06 06:40:00,10700339,2026-01-06 06:51:08.228144,36.0,169.0,late
9000017_1767681900,train,9000017,2026-01-06 06:45:00,10700003,2026-01-06 06:58:08.228144,-52.0,92.0,ontime
9000017_1767682200,train,9000017,2026-01-06 06:50:00,10700002,2026-01-06 07:00:08.228144,121.0,94.0,ontime
9000017_1767682500,train,9000017,2026-01-06 06:55:00,10700344,2026-01-06 07:05:08.228144,133.0,195.0,late
9000017_1767682800,train,9000017,2026-01-06 07:00:00,10700322,2026-01-06 07:10:08.228144,92.0,181.0,late
9000017_1767683100,train,9000017,2026-01-06 07:05:00,10700320,2026-01-06 07:16:08.228144,247.0,217.0,late
9000017_1767683400,train,9000017,2026-01-06 07:10:00,10700319,2026-01-06 07:21:08.228144,125.0,236.0,late
9000017_1767683700,train,9000017,2026-01-06 07:15:00,10700327,2026-01-06 07:26:08.228144,192.0,255.0,late
9000017_1767684000,train,9000017,2026-01-06 07:20:00,10700029,2026-01-06 07:33:08.228144,192.0,82.0,ontime
9000017_1767684300,train,9000017,2026-01-06 07:25:00,10700030,2026-01-06 07:35:08.228144,239.0,122.0,late
9000017_1767684600,train,9000017,2026-01-06 07:30:00,10700305,2026-01-06 07:40:08.228144,324.0,240.0,late
9000017_1767684900,train,9000017,2026-01-06 07:35:00,10700346,2026-01-06 07:45:08.228144,82.0,287.0,late
9000017_1767685200,train,9000017,2026-01-06 07:40:00,10700022,2026-01-06 07:51:08.228144,265.0,319.0,late
9000017_1767685500,train,9000017,2026-01-06 07:45:00,10700018,2026-01-06 07:56:08.228144,269.0,312.0,late
9000017_1767685800,train,9000017,2026-01-06 07:50:00,10700015,2026-01-06 08:01:08.228144,254.0,445.0,late
9000017_1767686400,train,9000017,2026-01-06 08:00:00,10700025,2026-01-06 08:10:08.228144,400.0,-18.0,ontime
9000017_1767689400,train,9000017,2026-01-06 08:50:00,10700254,2026-01-06 09:03:08.228144,-18.0,63.0,ontime
9000017_1767689700,train,9000017,2026-01-06 08:55:00,10700253,2026-01-06 09:05:08.228144,-18.0,11.0,ontime
9000017_1767690000,train,9000017,2026-01-06 09:00:00,10700250,2026-01-06 09:11:08.228144,-18.0,29.0,ontime
9000017_1767690300,train,9000017,2026-01-06 09:05:00,10700244,2026-01-06 09:15:08.228144,63.0,33.0,ontime
9000017_1767690600,train,9000017,2026-01-06 09:10:00,10700240,2026-01-06 09:20:08.228144,74.0,100.0,ontime
9000017_1767690900,train,9000017,2026-01-06 09:15:00,10700246,2026-01-06 09:25:08.228144,83.0,78.0,ontime
9000017_1767691200,train,9000017,2026-01-06 09:20:00,10700033,2026-01-06 09:30:08.228144,49.0,95.0,ontime
9000017_1767691800,train,9000017,2026-01-06 09:30:00,10700294,2026-01-06 09:43:08.228144,133.0,-49.0,ontime
9000017_1767692100,train,9000017,2026-01-06 09:35:00,10700295,2026-01-06 09:45:08.228144,149.0,-28.0,ontime
9000017_1767692400,train,9000017,2026-01-06 09:40:00,10700013,2026-01-06 09:51:08.228144,149.0,-99.0,early
9000017_1767692700,train,9000017,2026-01-06 09:45:00,10700288,2026-01-06 09:55:08.228144,-49.0,-34.0,ontime
9000017_1767693000,train,9000017,2026-01-06 09:50:00,10700060,2026-01-06 10:00:08.228144,-12.0,5.0,ontime
9000017_1767693300,train,9000017,2026-01-06 09:55:00,10700056,2026-01-06 10:05:08.228144,-23.0,73.0,ontime
9000017_1767693600,train,9000017,2026-01-06 10:00:00,10700053,2026-01-06 10:10:08.228144,-32.0,143.0,late
9000017_1767694200,train,9000017,2026-01-06 10:10:00,10700050,2026-01-06 10:23:08.228144,162.0,-52.0,ontime
9000017_1767694500,train,9000017,2026-01-06 10:15:00,10700284,2026-01-06 10:25:08.228144,193.0,-95.0,early
9000017_1767694800,train,9000017,2026-01-06 10:20:00,10700280,2026-01-06 10:31:08.228144,193.0,-5.0,ontime
9000017_1767695100,train,9000017,2026-01-06 10:25:00,10700277,2026-01-06 10:35:08.228144,-52.0,108.0,ontime
9000017_1767695400,train,9000017,2026-01-06 10:30:00,10700273,2026-01-06 10:40:08.228144,9.0,109.0,ontime
9000017_1767695700,train,9000017,2026-01-06 10:35:00,10700048,2026-01-06 10:45:08.228144,68.0,95.0,ontime
9000017_1767696000,train,9000017,2026-01-06 10:40:00,10700045,2026-01-06 10:50:08.228144,43.0,182.0,late
9000017_1767696600,train,9000017,2026-01-06 10:50:00,10700296,2026-01-06 11:03:08.228144,189.0,-43.0,ontime
9000017_1767696900,train,9000017,2026-01-06 10:55:00,10700081,2026-01-06 11:05:08.228144,261.0,-69.0,early
9000017_1767697200,train,9000017,2026-01-06 11:00:00,10700077,2026-01-06 11:11:08.228144,261.0,-20.0,ontime
9000017_1767697500,train,9000017,2026-01-06 11:05:00,10700074,2026-01-06 11:15:08.228144,-43.0,63.0,ontime
9000017_1767697800,train,9000017,2026-01-06 11:10:00,10700070,2026-01-06 11:20:08.228144,51.0,123.0,late
9000017_1767698100,train,9000017,2026-01-06 11:15:00,10700066,2026-01-06 11:25:08.228144,82.0,220.0,late
9000017_1767698400,train,9000017,2026-01-06 11:20:00,10700063,2026-01-06 11:30:08.228144,81.0,253.0,late
9000017_1767699000,train,9000017,2026-01-06 11:30:00,10700041,2026-01-06 11:43:08.228144,212.0,-1.0,ontime
9000017_1767699300,train,9000017,2026-01-06 11:35:00,10700042,2026-01-06 11:45:08.228144,252.0,-36.0,ontime
9000017_1767699600,train,9000017,2026-01-06 11:40:00,10700039,2026-01-06 11:51:08.228144,252.0,-16.0,ontime
9000017_1767699900,train,9000017,2026-01-06 11:45:00,10700268,2026-01-06 11:55:08.228144,-1.0,85.0,ontime
9000017_1767700200,train,9000017,2026-01-06 11:50:00,10700264,2026-01-06 12:00:08.228144,53.0,34.0,ontime
9000017_1767700500,train,9000017,2026-01-06 11:55:00,10700260,2026-01-06 12:05:08.228144,52.0,122.0,late
9000017_1767700800,train,9000017,2026-01-06 12:00:00,10700257,2026-01-06 12:10:08.228144,-9.0,251.0,late
9000017_1767701400,train,9000017,2026-01-06 12:10:00,10700306,2026-01-06 12:23:08.228144,259.0,16.0,ontime
9000017_1767701700,train,9000017,2026-01-06 12:15:00,10700098,2026-01-06 12:25:08.228144,315.0,24.0,ontime
9000017_1767702000,train,9000017,2026-01-06 12:20:00,10700094,2026-01-06 12:31:08.228144,315.0,86.0,ontime
9000017_1767702300,train,9000017,2026-01-06 12:25:00,10700091,2026-01-06 12:35:08.228144,16.0,113.0,ontime
9000017_1767702600,train,9000017,2026-01-06 12:30:00,10700087,2026-01-06 12:40:08.228144,148.0,100.0,ontime
9000017_1767702900,train,9000017,2026-01-06 12:35:00,10700084,2026-01-06 12:45:08.228144,117.0,67.0,ontime
9000017_1767703200,train,9000017,2026-01-06 12:40:00,10700298,2026-01-06 12:50:08.228144,-6.0,361.0,late
9000017_1767703500,train,9000017,2026-01-06 12:45:00,10700104,2026-01-06 12:59:08.228144,72.0,-23.0,ontime
9000017_1767712200,train,9000017,2026-01-06 15:10:00,10700102,2026-01-06 15:23:08.228144,-23.0,-52.0,ontime
9000017_1767712500,train,9000017,2026-01-06 15:15:00,10700103,2026-01-06 15:25:08.228144,-23.0,-38.0,ontime
9000017_1767712800,train,9000017,2026-01-06 15:20:00,10700120,2026-01-06 15:31:08.228144,-23.0,7.0,ontime
9000017_1767713100,train,9000017,2026-01-06 15:25:00,10700117,2026-01-06 15:35:08.228144,-52.0,-27.0,ontime
9000017_1767713400,train,9000017,2026-01-06 15:30:00,10700303,2026-01-06 15:40:08.228144,53.0,-10.0,ontime
9000017_1767713700,train,9000017,2026-01-06 15:35:00,10700300,2026-01-06 15:45:08.228144,-1.0,-14.0,ontime
9000017_1767714000,train,9000017,2026-01-06 15:40:00,10700111,2026-01-06 15:50:08.228144,-72.0,72.0,ontime
9000017_1767714600,train,9000017,2026-01-06 15:50:00,10700183,2026-01-06 16:03:08.228144,12.0,9.0,ontime
9000017_1767714900,train,9000017,2026-01-06 15:55:00,10700182,2026-01-06 16:05:08.228144,75.0,-4.0,ontime
9000017_1767715200,train,9000017,2026-01-06 16:00:00,10700177,2026-01-06 16:11:08.228144,75.0,-32.0,ontime
9000017_1767715500,train,9000017,2026-01-06 16:05:00,10700174,2026-01-06 16:15:08.228144,9.0,-42.0,ontime
9000017_1767715800,train,9000017,2026-01-06 16:10:00,10700170,2026-01-06 16:20:08.228144,13.0,-61.0,early
9000017_1767716100,train,9000017,2026-01-06 16:15:00,10700166,2026-01-06 16:25:08.228144,-34.0,166.0,late
9000017_1767716400,train,9000017,2026-01-06 16:20:00,10700163,2026-01-06 16:30:08.228144,-56.0,213.0,late
9000017_1767717000,train,9000017,2026-01-06 16:30:00,10700204,2026-01-06 16:41:08.228144,196.0,12.0,ontime
9000017_1767717300,train,9000017,2026-01-06 16:35:00,10700202,2026-01-06 16:46:08.228144,120.0,-1.0,ontime
9000017_1767717600,train,9000017,2026-01-06 16:40:00,10700199,2026-01-06 16:51:08.228144,120.0,-29.0,ontime
9000017_1767717900,train,9000017,2026-01-06 16:45:00,10700195,2026-01-06 16:56:08.228144,-29.0,-13.0,ontime
9000017_1767718200,train,9000017,2026-01-06 16:50:00,10700192,2026-01-06 17:00:08.228144,-59.0,64.0,ontime
9000017_1767718500,train,9000017,2026-01-06 16:55:00,10700188,2026-01-06 17:05:08.228144,4.0,96.0,ontime
9000017_1767718800,train,9000017,2026-01-06 17:00:00,10700185,2026-01-06 17:10:08.228144,35.0,202.0,late
9000017_1767719100,train,9000017,2026-01-06 17:05:00,10700160,2026-01-06 17:19:08.228144,21.0,-12.0,ontime
9000017_1767719400,train,9000017,2026-01-06 17:10:00,10700159,2026-01-06 17:21:08.228144,226.0,-62.0,early
9000017_1767719700,train,9000017,2026-01-06 17:15:00,10700156,2026-01-06 17:25:08.228144,234.0,75.0,ontime
9000017_1767720000,train,9000017,2026-01-06 17:20:00,10700153,2026-01-06 17:30:08.228144,-12.0,7.0,ontime
9000017_1767720300,train,9000017,2026-01-06 17:25:00,10700149,2026-01-06 17:35:08.228144,15.0,2.0,ontime
9000017_1767720600,train,9000017,2026-01-06 17:30:00,10700146,2026-01-06 17:40:08.228144,-66.0,118.0,ontime
9000017_1767720900,train,9000017,2026-01-06 17:35:00,10700142,2026-01-06 17:45:08.228144,-61.0,159.0,late
9000017_1767721500,train,9000017,2026-01-06 17:45:00,10700140,2026-01-06 17:58:08.228144,139.0,-23.0,ontime
9000017_1767721800,train,9000017,2026-01-06 17:50:00,10700141,2026-01-06 18:00:08.228144,106.0,-28.0,ontime
9000017_1767722100,train,9000017,2026-01-06 17:55:00,10700135,2026-01-06 18:05:08.228144,106.0,290.0,late
9000017_1767722400,train,9000017,2026-01-06 18:00:00,10700130,2026-01-06 18:10:08.228144,-23.0,316.0,late
9000017_1767722700,train,9000017,2026-01-06 18:05:00,10700125,2026-01-06 18:15:08.228144,196.0,469.0,late
9000017_1767723000,train,9000017,2026-01-06 18:10:00,10700122,2026-01-06 18:20:08.228144,328.0,672.0,late
9000017_1767723600,train,9000017,2026-01-06 18:20:00,10700206,2026-01-06 18:33:08.228144,580.0,-11.0,ontime
9000018_1767666600,train,9000018,2026-01-06 02:30:00,10800606,2026-01-06 02:42:32.630011,0.0,-26.0,ontime
9000018_1767666900,train,9000018,2026-01-06 02:35:00,10800590,2026-01-06 02:45:32.630011,0.0,12.0,ontime
9000018_1767667200,train,9000018,2026-01-06 02:40:00,10800594,2026-01-06 02:50:32.630011,0.0,19.0,ontime
9000018_1767667500,train,9000018,2026-01-06 02:45:00,10800615,2026-01-06 02:55:32.630011,-21.0,-85.0,early
9000018_1767667800,train,9000018,2026-01-06 02:50:00,10800122,2026-01-06 03:01:32.630011,4.0,-55.0,ontime
9000018_1767668100,train,9000018,2026-01-06 02:55:00,10800172,2026-01-06 03:05:32.630011,-91.0,-14.0,ontime
9000018_1767669300,train,9000018,2026-01-06 03:15:00,10800107,2026-01-06 03:27:32.630011,-35.0,9.0,ontime
9000018_1767669600,train,9000018,2026-01-06 03:20:00,10800120,2026-01-06 03:30:32.630011,-35.0,50.0,ontime
9000018_1767669900,train,9000018,2026-01-06 03:25:00,10800018,2026-01-06 03:35:32.630011,-35.0,103.0,ontime
9000018_1767670200,train,9000018,2026-01-06 03:30:00,10800382,2026-01-06 03:40:32.630011,80.0,81.0,ontime
9000018_1767670500,train,9000018,2026-01-06 03:35:00,10800118,2026-01-06 03:45:32.630011,68.0,10.0,ontime
9000018_1767670800,train,9000018,2026-01-06 03:40:00,10800163,2026-01-06 03:50:32.630011,129.0,-14.0,ontime
9000018_1767671100,train,9000018,2026-01-06 03:45:00,10800003,2026-01-06 03:57:32.630011,24.0,-68.0,early
9000018_1767671400,train,9000018,2026-01-06 03:50:00,10800015,2026-01-06 04:00:32.630011,8.0,-105.0,early
9000018_1767671700,train,9000018,2026-01-06 03:55:00,10800129,2026-01-06 04:06:32.630011,-81.0,-4.0,ontime
9000018_1767672000,train,9000018,2026-01-06 04:00:00,10800145,2026-01-06 04:10:32.630011,-46.0,-108.0,early
9000018_1767672300,train,9000018,2026-01-06 04:05:00,10800362,2026-01-06 04:16:32.630011,-26.0,-71.0,early
9000018_1767672600,train,9000018,2026-01-06 04:10:00,10800091,2026-01-06 04:21:32.630011,-27.0,-64.0,early
9000018_1767672900,train,9000018,2026-01-06 04:15:00,10800401,2026-01-06 04:26:32.630011,-15.0,-12.0,ontime
9000018_1767673800,train,9000018,2026-01-06 04:30:00,10800094,2026-01-06 04:42:32.630011,-34.0,47.0,ontime
9000018_1767674100,train,9000018,2026-01-06 04:35:00,10800058,2026-01-06 04:45:32.630011,-34.0,80.0,ontime
9000018_1767674400,train,9000018,2026-01-06 04:40:00,10800447,2026-01-06 04:50:32.630011,-34.0,133.0,late
9000018_1767674700,train,9000018,2026-01-06 04:45:00,10800086,2026-01-06 04:55:32.630011,63.0,66.0,ontime
9000018_1767675000,train,9000018,2026-01-06 04:50:00,10800478,2026-01-06 05:01:32.630011,105.0,73.0,ontime
9000018_1767675300,train,9000018,2026-01-06 04:55:00,10800088,2026-01-06 05:05:32.630011,162.0,-1.0,ontime
9000018_1767675600,train,9000018,2026-01-06 05:00:00,10800493,2026-01-06 05:12:32.630011,73.0,-33.0,ontime
9000018_1767675900,train,9000018,2026-01-06 05:05:00,10800490,2026-01-06 05:15:32.630011,24.0,17.0,ontime
9000018_1767676200,train,9000018,2026-01-06 05:10:00,10800078,2026-01-06 05:21:32.630011,-9.0,132.0,late
9000018_1767676500,train,9000018,2026-01-06 05:15:00,10800087,2026-01-06 05:25:32.630011,-8.0,-14.0,ontime
9000018_1767676800,train,9000018,2026-01-06 05:20:00,10800099,2026-01-06 05:31:32.630011,115.0,-54.0,ontime
9000018_1767677100,train,9000018,2026-01-06 05:25:00,10800130,2026-01-06 05:36:32.630011,51.0,-185.0,early
9000018_1767677400,train,9000018,2026-01-06 05:30:00,10800113,2026-01-06 05:41:32.630011,18.0,-29.0,ontime
9000018_1767679500,train,9000018,2026-01-06 06:05:00,10800029,2026-01-06 06:15:32.630011,1.0,37.0,ontime
9000018_1767679800,train,9000018,2026-01-06 06:10:00,10800547,2026-01-06 06:20:32.630011,1.0,50.0,ontime
9000018_1767680100,train,9000018,2026-01-06 06:15:00,10800048,2026-01-06 06:25:32.630011,1.0,18.0,ontime
9000018_1767680400,train,9000018,2026-01-06 06:20:00,10800470,2026-01-06 06:30:32.630011,92.0,-36.0,ontime
9000018_1767680700,train,9000018,2026-01-06 06:25:00,10800146,2026-01-06 06:35:32.630011,143.0,42.0,ontime
9000018_1767681000,train,9000018,2026-01-06 06:30:00,10800217,2026-01-06 06:40:32.630011,-5.0,-14.0,ontime
9000018_1767681300,train,9000018,2026-01-06 06:35:00,10800051,2026-01-06 06:45:32.630011,26.0,-62.0,early
9000018_1767681600,train,9000018,2026-01-06 06:40:00,10800455,2026-01-06 06:50:32.630011,14.0,-8.0,ontime
9000018_1767681900,train,9000018,2026-01-06 06:45:00,10800503,2026-01-06 06:56:32.630011,-36.0,-54.0,ontime
9000018_1767682200,train,9000018,2026-01-06 06:50:00,10800152,2026-01-06 07:00:32.630011,-34.0,-41.0,ontime
9000018_1767682500,train,9000018,2026-01-06 06:55:00,10800369,2026-01-06 07:05:32.630011,-54.0,11.0,ontime
9000018_1767682800,train,9000018,2026-01-06 07:00:00,10800150,2026-01-06 07:10:32.630011,-35.0,34.0,ontime
9000018_1767683400,train,9000018,2026-01-06 07:10:00,10800481,2026-01-06 07:23:32.630011,-11.0,-14.0,ontime
9000018_1767683700,train,9000018,2026-01-06 07:15:00,10800200,2026-01-06 07:25:32.630011,-10.0,46.0,ontime
9000018_1767684000,train,9000018,2026-01-06 07:20:00,10800542,2026-01-06 07:30:32.630011,-10.0,97.0,ontime
9000018_1767684300,train,9000018,2026-01-06 07:25:00,10800187,2026-01-06 07:36:32.630011,30.0,-7.0,ontime
9000018_1767684600,train,9000018,2026-01-06 07:30:00,10800332,2026-01-06 07:40:32.630011,105.0,-30.0,ontime
9000018_1767684900,train,9000018,2026-01-06 07:35:00,10800180,2026-01-06 07:46:32.630011,125.0,-114.0,early
9000018_1767685200,train,9000018,2026-01-06 07:40:00,10800580,2026-01-06 07:51:32.630011,29.0,-99.0,early
9000018_1767685500,train,9000018,2026-01-06 07:45:00,10800516,2026-01-06 07:55:32.630011,-120.0,-77.0,early
9000018_1767685800,train,9000018,2026-01-06 07:50:00,10800608,2026-01-06 08:00:32.630011,-54.0,-34.0,ontime
9000018_1767686100,train,9000018,2026-01-06 07:55:00,10800116,2026-01-06 08:05:32.630011,-88.0,-58.0,ontime
9000018_1767686400,train,9000018,2026-01-06 08:00:00,10800353,2026-01-06 08:10:32.630011,-8.0,-12.0,ontime
9000018_1767686700,train,9000018,2026-01-06 08:05:00,10800557,2026-01-06 08:15:32.630011,-31.0,-102.0,early
9000018_1767687000,train,9000018,2026-01-06 08:10:00,10800110,2026-01-06 08:20:32.630011,-19.0,121.0,late
9000018_1767687300,train,9000018,2026-01-06 08:15:00,10800415,2026-01-06 08:26:32.630011,-62.0,94.0,ontime
9000018_1767687600,train,9000018,2026-01-06 08:20:00,10800451,2026-01-06 08:31:32.630011,26.0,102.0,ontime
9000018_1767687900,train,9000018,2026-01-06 08:25:00,10800102,2026-01-06 08:36:32.630011,87.0,209.0,late
9000018_1767688200,train,9000018,2026-01-06 08:30:00,10800423,2026-01-06 08:40:32.630011,84.0,172.0,late
9000018_1767688500,train,9000018,2026-01-06 08:35:00,10800108,2026-01-06 08:45:32.630011,162.0,184.0,late
9000018_1767688800,train,9000018,2026-01-06 08:40:00,10800333,2026-01-06 08:50:32.630011,183.0,161.0,late
9000018_1767689100,train,9000018,2026-01-06 08:45:00,10800358,2026-01-06 08:55:32.630011,197.0,-35.0,ontime
9000018_1767689400,train,9000018,2026-01-06 08:50:00,10800486,2026-01-06 09:02:32.630011,121.0,-66.0,early
9000018_1767689700,train,9000018,2026-01-06 08:55:00,10800489,2026-01-06 09:05:32.630011,168.0,-43.0,ontime
9000018_1767690000,train,9000018,2026-01-06 09:00:00,10800327,2026-01-06 09:10:32.630011,27.0,-123.0,early
9000018_1767690300,train,9000018,2026-01-06 09:05:00,10800583,2026-01-06 09:15:32.630011,-50.0,-118.0,early
9000018_1767690600,train,9000018,2026-01-06 09:10:00,10800363,2026-01-06 09:21:32.630011,-136.0,-111.0,early
9000018_1767690900,train,9000018,2026-01-06 09:15:00,10800089,2026-01-06 09:25:32.630011,-55.0,-77.0,early
9000018_1767691500,train,9000018,2026-01-06 09:25:00,10800536,2026-01-06 09:38:32.630011,-85.0,23.0,ontime
9000018_1767691800,train,9000018,2026-01-06 09:30:00,10800611,2026-01-06 09:41:32.630011,-7.0,23.0,ontime
9000018_1767692100,train,9000018,2026-01-06 09:35:00,10800312,2026-01-06 09:45:32.630011,-7.0,36.0,ontime
9000018_1767692400,train,9000018,2026-01-06 09:40:00,10800044,2026-01-06 09:50:32.630011,67.0,208.0,late
9000018_1767692700,train,9000018,2026-01-06 09:45:00,10800262,2026-01-06 09:57:32.630011,45.0,129.0,late
9000018_1767693000,train,9000018,2026-01-06 09:50:00,10800253,2026-01-06 10:00:32.630011,220.0,80.0,ontime
9000018_1767693300,train,9000018,2026-01-06 09:55:00,10800408,2026-01-06 10:05:32.630011,216.0,28.0,ontime
9000018_1767693600,train,9000018,2026-01-06 10:00:00,10800449,2026-01-06 10:10:32.630011,98.0,-7.0,ontime
9000018_1767693900,train,9000018,2026-01-06 10:05:00,10800577,2026-01-06 10:15:32.630011,6.0,24.0,ontime
9000018_1767694200,train,9000018,2026-01-06 10:10:00,10800056,2026-01-06 10:20:32.630011,-59.0,-26.0,ontime
9000018_1767694500,train,9000018,2026-01-06 10:15:00,10800566,2026-01-06 10:25:32.630011,-23.0,-1.0,ontime
9000018_1767694800,train,9000018,2026-01-06 10:20:00,10800457,2026-01-06 10:32:32.630011,33.0,36.0,ontime
9000018_1767695100,train,9000018,2026-01-06 10:25:00,10800625,2026-01-06 10:35:32.630011,-21.0,21.0,ontime
9000018_1767695400,train,9000018,2026-01-06 10:30:00,10800627,2026-01-06 10:40:32.630011,7.0,99.0,ontime
9000018_1767696000,train,9000018,2026-01-06 10:40:00,10800494,2026-01-06 10:50:32.630011,37.0,108.0,ontime
9000018_1767696300,train,9000018,2026-01-06 10:45:00,10800338,2026-01-06 10:56:32.630011,85.0,151.0,late
9000018_1767696600,train,9000018,2026-01-06 10:50:00,10800025,2026-01-06 11:01:32.630011,85.0,136.0,late
9000018_1767696900,train,9000018,2026-01-06 10:55:00,10800071,2026-01-06 11:05:32.630011,182.0,148.0,late
9000018_1767697200,train,9000018,2026-01-06 11:00:00,10800272,2026-01-06 11:11:32.630011,202.0,3.0,ontime
9000018_1767697500,train,9000018,2026-01-06 11:05:00,10800261,2026-01-06 11:15:32.630011,91.0,5.0,ontime
9000018_1767697800,train,9000018,2026-01-06 11:10:00,10800437,2026-01-06 11:20:32.630011,33.0,-20.0,ontime
9000018_1767698100,train,9000018,2026-01-06 11:15:00,10800234,2026-01-06 11:27:32.630011,6.0,-66.0,early
9000018_1767698400,train,9000018,2026-01-06 11:20:00,10800396,2026-01-06 11:30:32.630011,8.0,-82.0,early
9000018_1767698700,train,9000018,2026-01-06 11:25:00,10800511,2026-01-06 11:35:32.630011,-38.0,-156.0,early
9000018_1767699000,train,9000018,2026-01-06 11:30:00,10800022,2026-01-06 11:40:32.630011,-51.0,-185.0,early
9000018_1767699300,train,9000018,2026-01-06 11:35:00,10800537,2026-01-06 11:46:32.630011,-141.0,-273.0,early
9000018_1767699600,train,9000018,2026-01-06 11:40:00,10800229,2026-01-06 11:50:32.630011,-122.0,-242.0,early
9000018_1767700200,train,9000018,2026-01-06 11:50:00,10800352,2026-01-06 12:02:32.630011,-272.0,62.0,ontime
9000018_1767700500,train,9000018,2026-01-06 11:55:00,10800637,2026-01-06 12:05:32.630011,-145.0,20.0,ontime
9000018_1767700800,train,9000018,2026-01-06 12:00:00,10800460,2026-01-06 12:10:32.630011,-145.0,71.0,ontime
9000018_1767701100,train,9000018,2026-01-06 12:05:00,10800392,2026-01-06 12:16:32.630011,60.0,151.0,late
9000018_1767701400,train,9000018,2026-01-06 12:10:00,10800636,2026-01-06 12:21:32.630011,57.0,145.0,late
9000018_1767701700,train,9000018,2026-01-06 12:15:00,10800325,2026-01-06 12:25:32.630011,218.0,83.0,ontime
9000018_1767702000,train,9000018,2026-01-06 12:20:00,10800483,2026-01-06 12:30:32.630011,174.0,120.0,ontime
9000018_1767702300,train,9000018,2026-01-06 12:25:00,10800334,2026-01-06 12:35:32.630011,140.0,178.0,late
9000018_1767702600,train,9000018,2026-01-06 12:30:00,10800266,2026-01-06 12:40:32.630011,166.0,247.0,late
9000018_1767702900,train,9000018,2026-01-06 12:35:00,10800472,2026-01-06 12:46:32.630011,137.0,89.0,ontime
9000018_1767703200,train,9000018,2026-01-06 12:40:00,10800264,2026-01-06 12:50:32.630011,181.0,113.0,ontime
9000018_1767703500,train,9000018,2026-01-06 12:45:00,10800422,2026-01-06 12:56:32.630011,131.0,134.0,late
9000018_1767703800,train,9000018,2026-01-06 12:50:00,10800571,2026-01-06 13:01:32.630011,87.0,43.0,ontime
9000018_1767704100,train,9000018,2026-01-06 12:55:00,10800595,2026-01-06 13:05:32.630011,156.0,99.0,ontime
9000018_1767705300,train,9000018,2026-01-06 13:15:00,10800597,2026-01-06 13:29:32.630011,99.0,134.0,late
9000018_1767705600,train,9000018,2026-01-06 13:20:00,10800600,2026-01-06 13:32:32.630011,99.0,102.0,ontime
9000018_1767705900,train,9000018,2026-01-06 13:25:00,10800602,2026-01-06 13:35:32.630011,99.0,135.0,late
9000018_1767706200,train,9000018,2026-01-06 13:30:00,10800360,2026-01-06 13:40:32.630011,89.0,356.0,late
9000018_1767706500,train,9000018,2026-01-06 13:35:00,10800621,2026-01-06 13:45:32.630011,130.0,310.0,late
9000018_1767706800,train,9000018,2026-01-06 13:40:00,10800251,2026-01-06 13:50:32.630011,248.0,268.0,late
9000018_1767707100,train,9000018,2026-01-06 13:45:00,10800641,2026-01-06 13:55:32.630011,307.0,262.0,late
9000018_1767707400,train,9000018,2026-01-06 13:50:00,10800250,2026-01-06 14:01:32.630011,286.0,288.0,late
9000018_1767707700,train,9000018,2026-01-06 13:55:00,10800399,2026-01-06 14:06:32.630011,176.0,200.0,late
9000018_1767708000,train,9000018,2026-01-06 14:00:00,10800276,2026-01-06 14:11:32.630011,281.0,231.0,late
9000018_1767708300,train,9000018,2026-01-06 14:05:00,10800064,2026-01-06 14:15:32.630011,243.0,243.0,late
9000018_1767708600,train,9000018,2026-01-06 14:10:00,10800285,2026-01-06 14:20:32.630011,246.0,216.0,late
9000018_1767708900,train,9000018,2026-01-06 14:15:00,10800492,2026-01-06 14:25:32.630011,189.0,116.0,ontime
9000018_1767709200,train,9000018,2026-01-06 14:20:00,10800271,2026-01-06 14:31:32.630011,244.0,128.0,late
9000018_1767709800,train,9000018,2026-01-06 14:30:00,10800515,2026-01-06 14:44:32.630011,82.0,119.0,ontime
9000018_1767710100,train,9000018,2026-01-06 14:35:00,10800529,2026-01-06 14:47:32.630011,116.0,80.0,ontime
9000018_1767710400,train,9000018,2026-01-06 14:40:00,10800609,2026-01-06 14:50:32.630011,116.0,137.0,late
9000018_1767710700,train,9000018,2026-01-06 14:45:00,10800063,2026-01-06 14:55:32.630011,55.0,170.0,late
9000018_1767711000,train,9000018,2026-01-06 14:50:00,10800166,2026-01-06 15:00:32.630011,83.0,139.0,late
9000018_1767711300,train,9000018,2026-01-06 14:55:00,10800038,2026-01-06 15:05:32.630011,147.0,59.0,ontime
9000018_1767711600,train,9000018,2026-01-06 15:00:00,10800167,2026-01-06 15:10:32.630011,110.0,70.0,ontime
9000018_1767711900,train,9000018,2026-01-06 15:05:00,10800165,2026-01-06 15:16:32.630011,132.0,1.0,ontime
9000018_1767712200,train,9000018,2026-01-06 15:10:00,10800196,2026-01-06 15:21:32.630011,0.0,-32.0,ontime
9000018_1767712500,train,9000018,2026-01-06 15:15:00,10800132,2026-01-06 15:26:32.630011,-5.0,-64.0,early
9000018_1767712800,train,9000018,2026-01-06 15:20:00,10800177,2026-01-06 15:30:32.630011,46.0,-50.0,ontime
9000018_1767713100,train,9000018,2026-01-06 15:25:00,10800568,2026-01-06 15:35:32.630011,-56.0,70.0,ontime
9000018_1767713400,train,9000018,2026-01-06 15:30:00,10800526,2026-01-06 15:40:32.630011,-89.0,11.0,ontime
9000018_1767713700,train,9000018,2026-01-06 15:35:00,10800154,2026-01-06 15:46:32.630011,78.0,97.0,ontime
9000018_1767716100,train,9000018,2026-01-06 16:15:00,10800147,2026-01-06 16:29:32.630011,66.0,103.0,ontime
9000018_1767716400,train,9000018,2026-01-06 16:20:00,10800213,2026-01-06 16:32:32.630011,66.0,85.0,ontime
9000018_1767716700,train,9000018,2026-01-06 16:25:00,10800411,2026-01-06 16:35:32.630011,66.0,45.0,ontime
9000018_1767717000,train,9000018,2026-01-06 16:30:00,10800573,2026-01-06 16:40:32.630011,73.0,92.0,ontime
9000018_1767717300,train,9000018,2026-01-06 16:35:00,10800158,2026-01-06 16:45:32.630011,110.0,82.0,ontime
9000018_1767717600,train,9000018,2026-01-06 16:40:00,10800182,2026-01-06 16:50:32.630011,136.0,23.0,ontime
9000018_1767717900,train,9000018,2026-01-06 16:45:00,10800403,2026-01-06 16:55:32.630011,93.0,4.0,ontime
9000018_1767718200,train,9000018,2026-01-06 16:50:00,10800576,2026-01-06 17:01:32.630011,63.0,-57.0,ontime
9000018_1767718500,train,9000018,2026-01-06 16:55:00,10800231,2026-01-06 17:06:32.630011,-37.0,-58.0,ontime
9000018_1767718800,train,9000018,2026-01-06 17:00:00,10800313,2026-01-06 17:11:32.630011,-54.0,-65.0,early
9000018_1767719100,train,9000018,2026-01-06 17:05:00,10800183,2026-01-06 17:15:32.630011,-5.0,-108.0,early
9000018_1767719400,train,9000018,2026-01-06 17:10:00,10800588,2026-01-06 17:20:32.630011,-31.0,-143.0,early
9000018_1767719700,train,9000018,2026-01-06 17:15:00,10800431,2026-01-06 17:25:32.630011,-125.0,-237.0,early
9000018_1767720000,train,9000018,2026-01-06 17:20:00,10800185,2026-01-06 17:31:32.630011,-166.0,-48.0,ontime
9000018_1767720600,train,9000018,2026-01-06 17:30:00,10800178,2026-01-06 17:44:32.630011,-192.0,59.0,ontime
9000018_1767720900,train,9000018,2026-01-06 17:35:00,10800567,2026-01-06 17:47:32.630011,-45.0,-4.0,ontime
9000018_1767721200,train,9000018,2026-01-06 17:40:00,10800607,2026-01-06 17:50:32.630011,-45.0,14.0,ontime
9000018_1767721500,train,9000018,2026-01-06 17:45:00,10800192,2026-01-06 17:55:32.630011,18.0,56.0,ontime
9000018_1767721800,train,9000018,2026-01-06 17:50:00,10800209,2026-01-06 18:00:32.630011,21.0,-12.0,ontime
9000018_1767722100,train,9000018,2026-01-06 17:55:00,10800545,2026-01-06 18:05:32.630011,83.0,-26.0,ontime
9000018_1767722400,train,9000018,2026-01-06 18:00:00,10800067,2026-01-06 18:10:32.630011,-25.0,-6.0,ontime
9000018_1767722700,train,9000018,2026-01-06 18:05:00,10800190,2026-01-06 18:15:32.630011,-68.0,27.0,ontime
9000018_1767723000,train,9000018,2026-01-06 18:10:00,10800194,2026-01-06 18:20:32.630011,27.0,53.0,ontime
9000018_1767723300,train,9000018,2026-01-06 18:15:00,10800341,2026-01-06 18:25:32.630011,4.0,124.0,late
9000018_1767723600,train,9000018,2026-01-06 18:20:00,10800527,2026-01-06 18:31:32.630011,68.0,160.0,late
9000018_1767723900,train,9000018,2026-01-06 18:25:00,10800425,2026-01-06 18:35:32.630011,82.0,249.0,late
9000018_1767728700,train,9000018,2026-01-06 19:45:00,10800530,2026-01-06 19:59:32.630011,230.0,29.0,ontime
9000018_1767729000,train,9000018,2026-01-06 19:50:00,10800619,2026-01-06 20:01:32.630011,230.0,212.0,late
9000018_1767729300,train,9000018,2026-01-06 19:55:00,10800031,2026-01-06 20:05:32.630011,230.0,145.0,late
9000018_1767729600,train,9000018,2026-01-06 20:00:00,10800339,2026-01-06 20:10:32.630011,-1.0,159.0,late
9000018_1767729900,train,9000018,2026-01-06 20:05:00,10800543,2026-01-06 20:15:32.630011,194.0,110.0,ontime
9000018_1767730200,train,9000018,2026-01-06 20:10:00,10800620,2026-01-06 20:20:32.630011,113.0,67.0,ontime
9000018_1767730500,train,9000018,2026-01-06 20:15:00,10800463,2026-01-06 20:25:32.630011,141.0,-25.0,ontime
9000018_1767730800,train,9000018,2026-01-06 20:20:00,10800519,2026-01-06 20:30:32.630011,45.0,70.0,ontime
9000018_1767731100,train,9000018,2026-01-06 20:25:00,10800269,2026-01-06 20:36:32.630011,42.0,113.0,ontime
9000018_1767731400,train,9000018,2026-01-06 20:30:00,10800275,2026-01-06 20:41:32.630011,39.0,80.0,ontime
9000018_1767731700,train,9000018,2026-01-06 20:35:00,10800283,2026-01-06 20:45:32.630011,87.0,102.0,ontime
9000018_1767732000,train,9000018,2026-01-06 20:40:00,10800292,2026-01-06 20:50:32.630011,115.0,125.0,late
9000018_1767732300,train,9000018,2026-01-06 20:45:00,10800226,2026-01-06 20:59:32.630011,133.0,53.0,ontime
9000018_1767732600,train,9000018,2026-01-06 20:50:00,10800236,2026-01-06 21:01:32.630011,131.0,-23.0,ontime
9000018_1767732900,train,9000018,2026-01-06 20:55:00,10800495,2026-01-06 21:05:32.630011,108.0,-66.0,early
9000018_1767733200,train,9000018,2026-01-06 21:00:00,10800249,2026-01-06 21:10:32.630011,-3.0,56.0,ontime
9000018_1767733500,train,9000018,2026-01-06 21:05:00,10800228,2026-01-06 21:15:32.630011,-74.0,9.0,ontime
9000018_1767733800,train,9000018,2026-01-06 21:10:00,10800393,2026-01-06 21:20:32.630011,63.0,19.0,ontime
9000018_1767734100,train,9000018,2026-01-06 21:15:00,10800465,2026-01-06 21:25:32.630011,12.0,-41.0,ontime
9000018_1767734400,train,9000018,2026-01-06 21:20:00,10800572,2026-01-06 21:30:32.630011,-13.0,50.0,ontime
9000018_1767734700,train,9000018,2026-01-06 21:25:00,10800374,2026-01-06 21:36:32.630011,37.0,48.0,ontime
9000018_1767735000,train,9000018,2026-01-06 21:30:00,10800281,2026-01-06 21:41:32.630011,-13.0,40.0,ontime
9000018_1767735300,train,9000018,2026-01-06 21:35:00,10800378,2026-01-06 21:45:32.630011,86.0,44.0,ontime
9000018_1767735600,train,9000018,2026-01-06 21:40:00,10800371,2026-01-06 21:50:32.630011,64.0,198.0,late
9000018_1767736500,train,9000018,2026-01-06 21:55:00,10800288,2026-01-06 22:08:32.630011,146.0,16.0,ontime
9000018_1767736800,train,9000018,2026-01-06 22:00:00,10800295,2026-01-06 22:10:32.630011,146.0,11.0,ontime
9000018_1767737100,train,9000018,2026-01-06 22:05:00,10800584,2026-01-06 22:15:32.630011,146.0,-17.0,ontime
9000018_1767737400,train,9000018,2026-01-06 22:10:00,10800297,2026-01-06 22:20:32.630011,57.0,-2.0,ontime
9000018_1767737700,train,9000018,2026-01-06 22:15:00,10800385,2026-01-06 22:26:32.630011,-30.0,-103.0,early
9000018_1767738000,train,9000018,2026-01-06 22:20:00,10800302,2026-01-06 22:30:32.630011,19.0,-42.0,ontime
9000019_1767666900,train,9000019,2026-01-06 02:35:00,10900606,2026-01-06 02:46:27.712873,0.0,-28.0,ontime
9000019_1767667200,train,9000019,2026-01-06 02:40:00,10900592,2026-01-06 02:51:27.712873,0.0,4.0,ontime
9000019_1767667500,train,9000019,2026-01-06 02:45:00,10900612,2026-01-06 02:55:27.712873,0.0,-2.0,ontime
9000019_1767667800,train,9000019,2026-01-06 02:50:00,10900599,2026-01-06 03:00:27.712873,8.0,-26.0,ontime
9000019_1767668100,train,9000019,2026-01-06 02:55:00,10900122,2026-01-06 03:05:27.712873,-23.0,-89.0,early
9000019_1767668400,train,9000019,2026-01-06 03:00:00,10900173,2026-01-06 03:11:27.712873,-120.0,-32.0,ontime
9000019_1767669600,train,9000019,2026-01-06 03:20:00,10900107,2026-01-06 03:31:27.712873,-40.0,60.0,ontime
9000019_1767669900,train,9000019,2026-01-06 03:25:00,10900404,2026-01-06 03:36:27.712873,-40.0,26.0,ontime
9000019_1767670200,train,9000019,2026-01-06 03:30:00,10900030,2026-01-06 03:41:27.712873,-40.0,96.0,ontime
9000019_1767670500,train,9000019,2026-01-06 03:35:00,10900435,2026-01-06 03:45:27.712873,52.0,63.0,ontime
9000019_1767670800,train,9000019,2026-01-06 03:40:00,10900121,2026-01-06 03:50:27.712873,111.0,-34.0,ontime
9000019_1767671100,train,9000019,2026-01-06 03:45:00,10900164,2026-01-06 03:55:27.712873,75.0,-77.0,early
9000019_1767671400,train,9000019,2026-01-06 03:50:00,10900003,2026-01-06 04:01:27.712873,8.0,-75.0,early
9000019_1767671700,train,9000019,2026-01-06 03:55:00,10900020,2026-01-06 04:05:27.712873,-28.0,-122.0,early
9000019_1767672000,train,9000019,2026-01-06 04:00:00,10900129,2026-01-06 04:10:27.712873,-77.0,-30.0,ontime
9000019_1767672300,train,9000019,2026-01-06 04:05:00,10900155,2026-01-06 04:15:27.712873,-110.0,-97.0,early
9000019_1767672600,train,9000019,2026-01-06 04:10:00,10900362,2026-01-06 04:20:27.712873,9.0,-96.0,early
9000019_1767672900,train,9000019,2026-01-06 04:15:00,10900091,2026-01-06 04:25:27.712873,-56.0,-59.0,ontime
9000019_1767673200,train,9000019,2026-01-06 04:20:00,10900401,2026-01-06 04:30:27.712873,9.0,40.0,ontime
9000019_1767674100,train,9000019,2026-01-06 04:35:00,10900094,2026-01-06 04:46:27.712873,-11.0,30.0,ontime
9000019_1767674400,train,9000019,2026-01-06 04:40:00,10900406,2026-01-06 04:51:27.712873,-11.0,65.0,ontime
9000019_1767674700,train,9000019,2026-01-06 04:45:00,10900098,2026-01-06 04:56:27.712873,-11.0,160.0,late
9000019_1767675000,train,9000019,2026-01-06 04:50:00,10900093,2026-01-06 05:00:27.712873,113.0,85.0,ontime
9000019_1767675300,train,9000019,2026-01-06 04:55:00,10900478,2026-01-06 05:05:27.712873,144.0,47.0,ontime
9000019_1767675600,train,9000019,2026-01-06 05:00:00,10900100,2026-01-06 05:10:27.712873,88.0,1.0,ontime
9000019_1767675900,train,9000019,2026-01-06 05:05:00,10900493,2026-01-06 05:16:27.712873,73.0,-40.0,ontime
9000019_1767676200,train,9000019,2026-01-06 05:10:00,10900498,2026-01-06 05:20:27.712873,1.0,-41.0,ontime
9000019_1767676500,train,9000019,2026-01-06 05:15:00,10900078,2026-01-06 05:25:27.712873,-36.0,52.0,ontime
9000019_1767676800,train,9000019,2026-01-06 05:20:00,10900092,2026-01-06 05:30:27.712873,-48.0,17.0,ontime
9000019_1767677100,train,9000019,2026-01-06 05:25:00,10900099,2026-01-06 05:35:27.712873,108.0,-54.0,ontime
9000019_1767677400,train,9000019,2026-01-06 05:30:00,10900130,2026-01-06 05:40:27.712873,64.0,-149.0,early
9000019_1767677700,train,9000019,2026-01-06 05:35:00,10900113,2026-01-06 05:45:27.712873,-52.0,-3.0,ontime
9000019_1767679500,train,9000019,2026-01-06 06:05:00,10900029,2026-01-06 06:19:27.712873,-2.0,30.0,ontime
9000019_1767679800,train,9000019,2026-01-06 06:10:00,10900308,2026-01-06 06:21:27.712873,-2.0,81.0,ontime
9000019_1767680100,train,9000019,2026-01-06 06:15:00,10900558,2026-01-06 06:25:27.712873,-2.0,71.0,ontime
9000019_1767680400,train,9000019,2026-01-06 06:20:00,10900314,2026-01-06 06:30:27.712873,68.0,55.0,ontime
9000019_1767680700,train,9000019,2026-01-06 06:25:00,10900140,2026-01-06 06:36:27.712873,94.0,4.0,ontime
9000019_1767681000,train,9000019,2026-01-06 06:30:00,10900148,2026-01-06 06:40:27.712873,61.0,-19.0,ontime
9000019_1767681300,train,9000019,2026-01-06 06:35:00,10900219,2026-01-06 06:45:27.712873,-8.0,-21.0,ontime
9000019_1767681600,train,9000019,2026-01-06 06:40:00,10900066,2026-01-06 06:50:27.712873,12.0,-75.0,early
9000019_1767681900,train,9000019,2026-01-06 06:45:00,10900500,2026-01-06 06:56:27.712873,1.0,-11.0,ontime
9000019_1767682200,train,9000019,2026-01-06 06:50:00,10900503,2026-01-06 07:00:27.712873,-52.0,-75.0,early
9000019_1767682500,train,9000019,2026-01-06 06:55:00,10900125,2026-01-06 07:06:27.712873,-2.0,-43.0,ontime
9000019_1767682800,train,9000019,2026-01-06 07:00:00,10900456,2026-01-06 07:11:27.712873,-54.0,-89.0,early
9000019_1767683100,train,9000019,2026-01-06 07:05:00,10900159,2026-01-06 07:16:27.712873,-34.0,-13.0,ontime
9000019_1767683700,train,9000019,2026-01-06 07:15:00,10900481,2026-01-06 07:27:27.712873,-63.0,-12.0,ontime
9000019_1767684000,train,9000019,2026-01-06 07:20:00,10900162,2026-01-06 07:30:27.712873,1.0,47.0,ontime
9000019_1767684300,train,9000019,2026-01-06 07:25:00,10900501,2026-01-06 07:35:27.712873,1.0,97.0,ontime
9000019_1767684600,train,9000019,2026-01-06 07:30:00,10900187,2026-01-06 07:40:27.712873,72.0,-6.0,ontime
9000019_1767684900,train,9000019,2026-01-06 07:35:00,10900365,2026-01-06 07:46:27.712873,60.0,-17.0,ontime
9000019_1767685200,train,9000019,2026-01-06 07:40:00,10900180,2026-01-06 07:50:27.712873,121.0,-78.0,early
9000019_1767685500,train,9000019,2026-01-06 07:45:00,10900580,2026-01-06 07:55:27.712873,-30.0,-79.0,early
9000019_1767685800,train,9000019,2026-01-06 07:50:00,10900534,2026-01-06 08:01:27.712873,-57.0,-21.0,ontime
9000019_1767686100,train,9000019,2026-01-06 07:55:00,10900131,2026-01-06 08:06:27.712873,-59.0,-71.0,early
9000019_1767686400,train,9000019,2026-01-06 08:00:00,10900117,2026-01-06 08:10:27.712873,-150.0,-33.0,ontime
9000019_1767686700,train,9000019,2026-01-06 08:05:00,10900444,2026-01-06 08:15:27.712873,-44.0,-24.0,ontime
9000019_1767687000,train,9000019,2026-01-06 08:10:00,10900499,2026-01-06 08:20:27.712873,-83.0,-79.0,early
9000019_1767687300,train,9000019,2026-01-06 08:15:00,10900407,2026-01-06 08:25:27.712873,-8.0,100.0,ontime
9000019_1767687600,train,9000019,2026-01-06 08:20:00,10900415,2026-01-06 08:30:27.712873,-94.0,87.0,ontime
9000019_1767687900,train,9000019,2026-01-06 08:25:00,10900451,2026-01-06 08:35:27.712873,65.0,77.0,ontime
9000019_1767688200,train,9000019,2026-01-06 08:30:00,10900102,2026-01-06 08:40:27.712873,100.0,213.0,late
9000019_1767688500,train,9000019,2026-01-06 08:35:00,10900474,2026-01-06 08:45:27.712873,97.0,150.0,late
9000019_1767688800,train,9000019,2026-01-06 08:40:00,10900082,2026-01-06 08:50:27.712873,169.0,133.0,late
9000019_1767689100,train,9000019,2026-01-06 08:45:00,10900344,2026-01-06 08:55:27.712873,208.0,104.0,ontime
9000019_1767689400,train,9000019,2026-01-06 08:50:00,10900077,2026-01-06 09:01:27.712873,151.0,12.0,ontime
9000019_1767689700,train,9000019,2026-01-06 08:55:00,10900486,2026-01-06 09:06:27.712873,175.0,-78.0,early
9000019_1767690000,train,9000019,2026-01-06 09:00:00,10900106,2026-01-06 09:11:27.712873,-10.0,-100.0,early
9000019_1767690300,train,9000019,2026-01-06 09:05:00,10900434,2026-01-06 09:15:27.712873,-21.0,-98.0,early
9000019_1767690600,train,9000019,2026-01-06 09:10:00,10900096,2026-01-06 09:20:27.712873,-104.0,-81.0,early
9000019_1767690900,train,9000019,2026-01-06 09:15:00,10900363,2026-01-06 09:25:27.712873,-81.0,-142.0,early
9000019_1767691200,train,9000019,2026-01-06 09:20:00,10900124,2026-01-06 09:31:27.712873,-116.0,7.0,ontime
9000019_1767691800,train,9000019,2026-01-06 09:30:00,10900536,2026-01-06 09:42:27.712873,-117.0,37.0,ontime
9000019_1767692100,train,9000019,2026-01-06 09:35:00,10900611,2026-01-06 09:45:27.712873,47.0,12.0,ontime
9000019_1767692400,train,9000019,2026-01-06 09:40:00,10900340,2026-01-06 09:50:27.712873,47.0,143.0,late
9000019_1767692700,train,9000019,2026-01-06 09:45:00,10900317,2026-01-06 09:56:27.712873,30.0,134.0,late
9000019_1767693000,train,9000019,2026-01-06 09:50:00,10900262,2026-01-06 10:01:27.712873,79.0,114.0,ontime
9000019_1767693300,train,9000019,2026-01-06 09:55:00,10900255,2026-01-06 10:05:27.712873,220.0,48.0,ontime
9000019_1767693600,train,9000019,2026-01-06 10:00:00,10900418,2026-01-06 10:10:27.712873,148.0,20.0,ontime
9000019_1767693900,train,9000019,2026-01-06 10:05:00,10900497,2026-01-06 10:15:27.712873,75.0,-12.0,ontime
9000019_1767694200,train,9000019,2026-01-06 10:10:00,10900643,2026-01-06 10:20:27.712873,98.0,61.0,ontime
9000019_1767694500,train,9000019,2026-01-06 10:15:00,10900427,2026-01-06 10:26:27.712873,-49.0,-22.0,ontime
9000019_1767694800,train,9000019,2026-01-06 10:20:00,10900291,2026-01-06 10:30:27.712873,10.0,5.0,ontime
9000019_1767695100,train,9000019,2026-01-06 10:25:00,10900457,2026-01-06 10:36:27.712873,-63.0,6.0,ontime
9000019_1767695400,train,9000019,2026-01-06 10:30:00,10900622,2026-01-06 10:41:27.712873,-45.0,-19.0,ontime
9000019_1767695700,train,9000019,2026-01-06 10:35:00,10900628,2026-01-06 10:45:27.712873,37.0,74.0,ontime
9000019_1767696000,train,9000019,2026-01-06 10:40:00,10900494,2026-01-06 10:54:27.712873,1.0,175.0,late
9000019_1767696300,train,9000019,2026-01-06 10:45:00,10900267,2026-01-06 10:57:27.712873,121.0,191.0,late
9000019_1767696600,train,9000019,2026-01-06 10:50:00,10900338,2026-01-06 11:00:27.712873,74.0,161.0,late
9000019_1767696900,train,9000019,2026-01-06 10:55:00,10900025,2026-01-06 11:05:27.712873,162.0,147.0,late
9000019_1767697200,train,9000019,2026-01-06 11:00:00,10900421,2026-01-06 11:10:27.712873,182.0,90.0,ontime
9000019_1767697500,train,9000019,2026-01-06 11:05:00,10900272,2026-01-06 11:15:27.712873,209.0,23.0,ontime
9000019_1767697800,train,9000019,2026-01-06 11:10:00,10900316,2026-01-06 11:20:27.712873,86.0,36.0,ontime
9000019_1767698100,train,9000019,2026-01-06 11:15:00,10900624,2026-01-06 11:26:27.712873,56.0,-12.0,ontime
9000019_1767698400,train,9000019,2026-01-06 11:20:00,10900234,2026-01-06 11:31:27.712873,-5.0,-64.0,early
9000019_1767698700,train,9000019,2026-01-06 11:25:00,10900546,2026-01-06 11:36:27.712873,-6.0,-181.0,early
9000019_1767699000,train,9000019,2026-01-06 11:30:00,10900518,2026-01-06 11:40:27.712873,-19.0,-138.0,early
9000019_1767699300,train,9000019,2026-01-06 11:35:00,10900475,2026-01-06 11:45:27.712873,-135.0,-161.0,early
9000019_1767699600,train,9000019,2026-01-06 11:40:00,10900537,2026-01-06 11:50:27.712873,-151.0,-327.0,early
9000019_1767699900,train,9000019,2026-01-06 11:45:00,10900453,2026-01-06 11:56:27.712873,-219.0,-159.0,early
9000019_1767700500,train,9000019,2026-01-06 11:55:00,10900352,2026-01-06 12:06:27.712873,-245.0,81.0,ontime
9000019_1767700800,train,9000019,2026-01-06 12:00:00,10900631,2026-01-06 12:10:27.712873,-158.0,49.0,ontime
9000019_1767701100,train,9000019,2026-01-06 12:05:00,10900582,2026-01-06 12:15:27.712873,-158.0,130.0,late
9000019_1767701400,train,9000019,2026-01-06 12:10:00,10900392,2026-01-06 12:20:27.712873,49.0,120.0,ontime
9000019_1767701700,train,9000019,2026-01-06 12:15:00,10900636,2026-01-06 12:25:27.712873,72.0,157.0,late
9000019_1767702000,train,9000019,2026-01-06 12:20:00,10900639,2026-01-06 12:31:27.712873,239.0,97.0,ontime
9000019_1767702300,train,9000019,2026-01-06 12:25:00,10900384,2026-01-06 12:36:27.712873,135.0,147.0,late
9000019_1767702600,train,9000019,2026-01-06 12:30:00,10900473,2026-01-06 12:40:27.712873,68.0,158.0,late
9000019_1767702900,train,9000019,2026-01-06 12:35:00,10900277,2026-01-06 12:46:27.712873,187.0,156.0,late
9000019_1767703200,train,9000019,2026-01-06 12:40:00,10900472,2026-01-06 12:50:27.712873,203.0,95.0,ontime
9000019_1767703500,train,9000019,2026-01-06 12:45:00,10900259,2026-01-06 12:56:27.712873,176.0,181.0,late
9000019_1767703800,train,9000019,2026-01-06 12:50:00,10900422,2026-01-06 13:00:27.712873,107.0,123.0,late
9000019_1767704100,train,9000019,2026-01-06 12:55:00,10900571,2026-01-06 13:05:27.712873,110.0,23.0,ontime
9000019_1767705600,train,9000019,2026-01-06 13:20:00,10900597,2026-01-06 13:33:27.712873,160.0,120.0,ontime
9000019_1767705900,train,9000019,2026-01-06 13:25:00,10900600,2026-01-06 13:36:27.712873,160.0,53.0,ontime
9000019_1767706200,train,9000019,2026-01-06 13:30:00,10900257,2026-01-06 13:40:27.712873,160.0,99.0,ontime
9000019_1767706500,train,9000019,2026-01-06 13:35:00,10900541,2026-01-06 13:45:27.712873,74.0,374.0,late
9000019_1767706800,train,9000019,2026-01-06 13:40:00,10900246,2026-01-06 13:52:27.712873,93.0,296.0,late
9000019_1767707100,train,9000019,2026-01-06 13:45:00,10900324,2026-01-06 13:55:27.712873,357.0,253.0,late
9000019_1767707400,train,9000019,2026-01-06 13:50:00,10900394,2026-01-06 14:00:27.712873,334.0,232.0,late
9000019_1767707700,train,9000019,2026-01-06 13:55:00,10900250,2026-01-06 14:05:27.712873,254.0,289.0,late
9000019_1767708000,train,9000019,2026-01-06 14:00:00,10900399,2026-01-06 14:10:27.712873,240.0,206.0,late
9000019_1767708300,train,9000019,2026-01-06 14:05:00,10900276,2026-01-06 14:15:27.712873,336.0,209.0,late
9000019_1767708600,train,9000019,2026-01-06 14:10:00,10900381,2026-01-06 14:20:27.712873,258.0,240.0,late
9000019_1767708900,train,9000019,2026-01-06 14:15:00,10900301,2026-01-06 14:27:27.712873,236.0,126.0,late
9000019_1767709200,train,9000019,2026-01-06 14:20:00,10900033,2026-01-06 14:30:27.712873,200.0,113.0,ontime
9000019_1767709500,train,9000019,2026-01-06 14:25:00,10900271,2026-01-06 14:35:27.712873,207.0,112.0,ontime
9000019_1767710100,train,9000019,2026-01-06 14:35:00,10900515,2026-01-06 14:48:27.712873,108.0,83.0,ontime
9000019_1767710400,train,9000019,2026-01-06 14:40:00,10900529,2026-01-06 14:51:27.712873,114.0,76.0,ontime
9000019_1767710700,train,9000019,2026-01-06 14:45:00,10900596,2026-01-06 14:55:27.712873,114.0,101.0,ontime
9000019_1767711000,train,9000019,2026-01-06 14:50:00,10900319,2026-01-06 15:00:27.712873,63.0,178.0,late
9000019_1767711300,train,9000019,2026-01-06 14:55:00,10900391,2026-01-06 15:07:27.712873,127.0,95.0,ontime
9000019_1767711600,train,9000019,2026-01-06 15:00:00,10900059,2026-01-06 15:10:27.712873,169.0,73.0,ontime
9000019_1767711900,train,9000019,2026-01-06 15:05:00,10900188,2026-01-06 15:15:27.712873,163.0,99.0,ontime
9000019_1767712200,train,9000019,2026-01-06 15:10:00,10900165,2026-01-06 15:20:27.712873,45.0,25.0,ontime
9000019_1767712500,train,9000019,2026-01-06 15:15:00,10900196,2026-01-06 15:25:27.712873,83.0,-26.0,ontime
9000019_1767712800,train,9000019,2026-01-06 15:20:00,10900132,2026-01-06 15:30:27.712873,3.0,-76.0,early
9000019_1767713100,train,9000019,2026-01-06 15:25:00,10900179,2026-01-06 15:35:27.712873,2.0,-116.0,early
9000019_1767713400,train,9000019,2026-01-06 15:30:00,10900517,2026-01-06 15:42:27.712873,-60.0,81.0,ontime
9000019_1767713700,train,9000019,2026-01-06 15:35:00,10900197,2026-01-06 15:45:27.712873,-29.0,-24.0,ontime
9000019_1767714000,train,9000019,2026-01-06 15:40:00,10900154,2026-01-06 15:50:27.712873,122.0,68.0,ontime
9000019_1767716400,train,9000019,2026-01-06 16:20:00,10900147,2026-01-06 16:33:27.712873,88.0,64.0,ontime
9000019_1767716700,train,9000019,2026-01-06 16:25:00,10900213,2026-01-06 16:36:27.712873,88.0,108.0,ontime
9000019_1767717000,train,9000019,2026-01-06 16:30:00,10900428,2026-01-06 16:40:27.712873,88.0,45.0,ontime
9000019_1767717300,train,9000019,2026-01-06 16:35:00,10900410,2026-01-06 16:45:27.712873,79.0,132.0,late
9000019_1767717600,train,9000019,2026-01-06 16:40:00,10900206,2026-01-06 16:52:27.712873,82.0,41.0,ontime
9000019_1767717900,train,9000019,2026-01-06 16:45:00,10900186,2026-01-06 16:55:27.712873,107.0,57.0,ontime
9000019_1767718200,train,9000019,2026-01-06 16:50:00,10900347,2026-01-06 17:00:27.712873,100.0,5.0,ontime
9000019_1767718500,train,9000019,2026-01-06 16:55:00,10900576,2026-01-06 17:05:27.712873,18.0,-45.0,ontime
9000019_1767718800,train,9000019,2026-01-06 17:00:00,10900231,2026-01-06 17:10:27.712873,-19.0,-40.0,ontime
9000019_1767719100,train,9000019,2026-01-06 17:05:00,10900313,2026-01-06 17:15:27.712873,-55.0,-81.0,early
9000019_1767719400,train,9000019,2026-01-06 17:10:00,10900232,2026-01-06 17:20:27.712873,-37.0,-100.0,early
9000019_1767719700,train,9000019,2026-01-06 17:15:00,10900073,2026-01-06 17:27:27.712873,-39.0,-173.0,early
9000019_1767720000,train,9000019,2026-01-06 17:20:00,10900452,2026-01-06 17:30:27.712873,-79.0,-211.0,early
9000019_1767720300,train,9000019,2026-01-06 17:25:00,10900185,2026-01-06 17:35:27.712873,-161.0,-55.0,ontime
9000019_1767720900,train,9000019,2026-01-06 17:35:00,10900178,2026-01-06 17:48:27.712873,-183.0,56.0,ontime
9000019_1767721200,train,9000019,2026-01-06 17:40:00,10900567,2026-01-06 17:51:27.712873,-36.0,49.0,ontime
9000019_1767721500,train,9000019,2026-01-06 17:45:00,10900618,2026-01-06 17:55:27.712873,-36.0,21.0,ontime
9000019_1767721800,train,9000019,2026-01-06 17:50:00,10900201,2026-01-06 18:00:27.712873,39.0,27.0,ontime
9000019_1767722100,train,9000019,2026-01-06 17:55:00,10900210,2026-01-06 18:06:27.712873,6.0,-48.0,ontime
9000019_1767722400,train,9000019,2026-01-06 18:00:00,10900569,2026-01-06 18:11:27.712873,62.0,-26.0,ontime
9000019_1767722700,train,9000019,2026-01-06 18:05:00,10900554,2026-01-06 18:16:27.712873,-61.0,-93.0,early
9000019_1767723000,train,9000019,2026-01-06 18:10:00,10900222,2026-01-06 18:21:27.712873,-30.0,56.0,ontime
9000019_1767723300,train,9000019,2026-01-06 18:15:00,10900202,2026-01-06 18:25:27.712873,-19.0,62.0,ontime
9000019_1767723600,train,9000019,2026-01-06 18:20:00,10900354,2026-01-06 18:30:27.712873,32.0,118.0,ontime
9000019_1767723900,train,9000019,2026-01-06 18:25:00,10900527,2026-01-06 18:35:27.712873,34.0,158.0,late
9000019_1767724200,train,9000019,2026-01-06 18:30:00,10900469,2026-01-06 18:41:27.712873,102.0,227.0,late
9000019_1767729000,train,9000019,2026-01-06 19:50:00,10900530,2026-01-06 20:03:27.712873,191.0,45.0,ontime
9000019_1767729300,train,9000019,2026-01-06 19:55:00,10900619,2026-01-06 20:05:27.712873,191.0,179.0,late
9000019_1767729600,train,9000019,2026-01-06 20:00:00,10900046,2026-01-06 20:10:27.712873,191.0,156.0,late
9000019_1767729900,train,9000019,2026-01-06 20:05:00,10900227,2026-01-06 20:15:27.712873,9.0,178.0,late
9000019_1767730200,train,9000019,2026-01-06 20:10:00,10900496,2026-01-06 20:21:27.712873,190.0,76.0,ontime
9000019_1767730500,train,9000019,2026-01-06 20:15:00,10900019,2026-01-06 20:25:27.712873,136.0,111.0,ontime
9000019_1767730800,train,9000019,2026-01-06 20:20:00,10900464,2026-01-06 20:31:27.712873,97.0,-12.0,ontime
9000019_1767731100,train,9000019,2026-01-06 20:25:00,10900014,2026-01-06 20:35:27.712873,52.0,103.0,ontime
9000019_1767731400,train,9000019,2026-01-06 20:30:00,10900269,2026-01-06 20:40:27.712873,5.0,41.0,ontime
9000019_1767731700,train,9000019,2026-01-06 20:35:00,10900275,2026-01-06 20:45:27.712873,65.0,92.0,ontime
9000019_1767732000,train,9000019,2026-01-06 20:40:00,10900289,2026-01-06 20:50:27.712873,70.0,101.0,ontime
9000019_1767732300,train,9000019,2026-01-06 20:45:00,10900074,2026-01-06 20:55:27.712873,80.0,163.0,late
9000019_1767732600,train,9000019,2026-01-06 20:50:00,10900226,2026-01-06 21:03:27.712873,90.0,60.0,ontime
9000019_1767732900,train,9000019,2026-01-06 20:55:00,10900236,2026-01-06 21:05:27.712873,89.0,-7.0,ontime
9000019_1767733200,train,9000019,2026-01-06 21:00:00,10900244,2026-01-06 21:10:27.712873,163.0,7.0,ontime
9000019_1767733500,train,9000019,2026-01-06 21:05:00,10900293,2026-01-06 21:15:27.712873,3.0,78.0,ontime
9000019_1767733800,train,9000019,2026-01-06 21:10:00,10900230,2026-01-06 21:21:27.712873,-63.0,-3.0,ontime
9000019_1767734100,train,9000019,2026-01-06 21:15:00,10900343,2026-01-06 21:25:27.712873,58.0,73.0,ontime
9000019_1767734400,train,9000019,2026-01-06 21:20:00,10900476,2026-01-06 21:31:27.712873,12.0,-4.0,ontime
9000019_1767734700,train,9000019,2026-01-06 21:25:00,10900507,2026-01-06 21:35:27.712873,6.0,61.0,ontime
9000019_1767735000,train,9000019,2026-01-06 21:30:00,10900374,2026-01-06 21:40:27.712873,-21.0,36.0,ontime
9000019_1767735300,train,9000019,2026-01-06 21:35:00,10900281,2026-01-06 21:45:27.712873,60.0,55.0,ontime
9000019_1767735600,train,9000019,2026-01-06 21:40:00,10900578,2026-01-06 21:50:27.712873,74.0,45.0,ontime
9000019_1767735900,train,9000019,2026-01-06 21:45:00,10900294,2026-01-06 21:55:27.712873,68.0,159.0,late
9000019_1767736800,train,9000019,2026-01-06 22:00:00,10900288,2026-01-06 22:12:27.712873,159.0,44.0,ontime
9000019_1767737100,train,9000019,2026-01-06 22:05:00,10900296,2026-01-06 22:15:27.712873,159.0,18.0,ontime
9000019_1767737400,train,9000019,2026-01-06 22:10:00,10900514,2026-01-06 22:20:27.712873,159.0,32.0,ontime
9000019_1767737700,train,9000019,2026-01-06 22:15:00,10900045,2026-01-06 22:25:27.712873,20.0,15.0,ontime
9000019_1767738000,train,9000019,2026-01-06 22:20:00,10900385,2026-01-06 22:30:27.712873,-20.0,-85.0,early
9000019_1767738300,train,9000019,2026-01-06 22:25:00,10900303,2026-01-06 22:35:27.712873,-18.0,-22.0,ontime
9000020_1767666300,train,9000020,2026-01-06 02:25:00,11000000,2026-01-06 02:38:57.166664,0.0,28.0,ontime
9000020_1767666600,train,9000020,2026-01-06 02:30:00,11000004,2026-01-06 02:40:57.166664,0.0,94.0,ontime
9000020_1767666900,train,9000020,2026-01-06 02:35:00,11000264,2026-01-06 02:46:57.166664,0.0,33.0,ontime
9000020_1767667200,train,9000020,2026-01-06 02:40:00,11000018,2026-01-06 02:50:57.166664,92.0,95.0,ontime
9000020_1767667500,train,9000020,2026-01-06 02:45:00,11000025,2026-01-06 02:55:57.166664,70.0,105.0,ontime
9000020_1767667800,train,9000020,2026-01-06 02:50:00,11000265,2026-01-06 03:01:57.166664,165.0,150.0,late
9000020_1767668100,train,9000020,2026-01-06 02:55:00,11000392,2026-01-06 03:05:57.166664,120.0,118.0,ontime
9000020_1767668400,train,9000020,2026-01-06 03:00:00,11000425,2026-01-06 03:10:57.166664,159.0,104.0,ontime
9000020_1767668700,train,9000020,2026-01-06 03:05:00,11000089,2026-01-06 03:18:57.166664,162.0,127.0,late
9000020_1767669000,train,9000020,2026-01-06 03:10:00,11000383,2026-01-06 03:20:57.166664,96.0,169.0,late
9000020_1767669300,train,9000020,2026-01-06 03:15:00,11000021,2026-01-06 03:25:57.166664,131.0,149.0,late
9000020_1767669600,train,9000020,2026-01-06 03:20:00,11000427,2026-01-06 03:30:57.166664,110.0,146.0,late
9000020_1767669900,train,9000020,2026-01-06 03:25:00,11000395,2026-01-06 03:36:57.166664,90.0,15.0,ontime
9000020_1767670200,train,9000020,2026-01-06 03:30:00,11000408,2026-01-06 03:42:57.166664,122.0,3.0,ontime
9000020_1767670500,train,9000020,2026-01-06 03:35:00,11000386,2026-01-06 03:45:57.166664,74.0,-5.0,ontime
9000020_1767670800,train,9000020,2026-01-06 03:40:00,11000407,2026-01-06 03:50:57.166664,56.0,114.0,ontime
9000020_1767671100,train,9000020,2026-01-06 03:45:00,11000412,2026-01-06 03:55:57.166664,-23.0,57.0,ontime
9000020_1767671400,train,9000020,2026-01-06 03:50:00,11000385,2026-01-06 04:03:57.166664,75.0,93.0,ontime
9000020_1767671700,train,9000020,2026-01-06 03:55:00,11000402,2026-01-06 04:05:57.166664,107.0,140.0,late
9000020_1767672000,train,9000020,2026-01-06 04:00:00,11000272,2026-01-06 04:11:57.166664,77.0,248.0,late
9000020_1767672300,train,9000020,2026-01-06 04:05:00,11000399,2026-01-06 04:15:57.166664,108.0,344.0,late
9000020_1767672600,train,9000020,2026-01-06 04:10:00,11000417,2026-01-06 04:20:57.166664,171.0,340.0,late
9000020_1767672900,train,9000020,2026-01-06 04:15:00,11000421,2026-01-06 04:26:57.166664,374.0,365.0,late
9000020_1767673200,train,9000020,2026-01-06 04:20:00,11000422,2026-01-06 04:30:57.166664,387.0,377.0,late
9000020_1767673500,train,9000020,2026-01-06 04:25:00,11000256,2026-01-06 04:35:57.166664,377.0,285.0,late
9000020_1767673800,train,9000020,2026-01-06 04:30:00,11000118,2026-01-06 04:44:57.166664,373.0,83.0,ontime
9000020_1767674100,train,9000020,2026-01-06 04:35:00,11000117,2026-01-06 04:45:57.166664,250.0,106.0,ontime
9000020_1767674400,train,9000020,2026-01-06 04:40:00,11000433,2026-01-06 04:51:57.166664,224.0,144.0,late
9000020_1767674700,train,9000020,2026-01-06 04:45:00,11000381,2026-01-06 04:55:57.166664,83.0,212.0,late
9000020_1767675000,train,9000020,2026-01-06 04:50:00,11000374,2026-01-06 05:01:57.166664,143.0,161.0,late
9000020_1767675300,train,9000020,2026-01-06 04:55:00,11000375,2026-01-06 05:05:57.166664,133.0,165.0,late
9000020_1767675600,train,9000020,2026-01-06 05:00:00,11000379,2026-01-06 05:10:57.166664,214.0,132.0,late
9000020_1767675900,train,9000020,2026-01-06 05:05:00,11000380,2026-01-06 05:16:57.166664,143.0,76.0,ontime
9000020_1767676200,train,9000020,2026-01-06 05:10:00,11000378,2026-01-06 05:20:57.166664,154.0,199.0,late
9000020_1767676500,train,9000020,2026-01-06 05:15:00,11000260,2026-01-06 05:27:57.166664,103.0,-55.0,ontime
9000020_1767678300,train,9000020,2026-01-06 05:45:00,11000176,2026-01-06 05:58:57.166664,-55.0,31.0,ontime
9000020_1767678600,train,9000020,2026-01-06 05:50:00,11000332,2026-01-06 06:00:57.166664,-55.0,40.0,ontime
9000020_1767678900,train,9000020,2026-01-06 05:55:00,11000329,2026-01-06 06:06:57.166664,-55.0,-85.0,early
9000020_1767679200,train,9000020,2026-01-06 06:00:00,11000328,2026-01-06 06:12:57.166664,43.0,-77.0,early
9000020_1767679500,train,9000020,2026-01-06 06:05:00,11000054,2026-01-06 06:16:57.166664,-17.0,-103.0,early
9000020_1767679800,train,9000020,2026-01-06 06:10:00,11000325,2026-01-06 06:20:57.166664,-71.0,-93.0,early
9000020_1767680100,train,9000020,2026-01-06 06:15:00,11000322,2026-01-06 06:25:57.166664,-95.0,-70.0,early
9000020_1767680400,train,9000020,2026-01-06 06:20:00,11000320,2026-01-06 06:30:57.166664,-105.0,-42.0,ontime
9000020_1767680700,train,9000020,2026-01-06 06:25:00,11000317,2026-01-06 06:35:57.166664,-28.0,-52.0,ontime
9000020_1767681000,train,9000020,2026-01-06 06:30:00,11000023,2026-01-06 06:40:57.166664,47.0,27.0,ontime
9000020_1767681300,train,9000020,2026-01-06 06:35:00,11000299,2026-01-06 06:46:57.166664,-54.0,47.0,ontime
9000020_1767681600,train,9000020,2026-01-06 06:40:00,11000305,2026-01-06 06:50:57.166664,60.0,139.0,late
9000020_1767681900,train,9000020,2026-01-06 06:45:00,11000310,2026-01-06 06:56:57.166664,0.0,-2.0,ontime
9000020_1767682200,train,9000020,2026-01-06 06:50:00,11000300,2026-01-06 07:00:57.166664,70.0,40.0,ontime
9000020_1767682500,train,9000020,2026-01-06 06:55:00,11000297,2026-01-06 07:05:57.166664,130.0,-47.0,ontime
9000020_1767682800,train,9000020,2026-01-06 07:00:00,11000304,2026-01-06 07:11:57.166664,40.0,108.0,ontime
9000020_1767683100,train,9000020,2026-01-06 07:05:00,11000307,2026-01-06 07:15:57.166664,-52.0,129.0,late
9000020_1767683400,train,9000020,2026-01-06 07:10:00,11000269,2026-01-06 07:24:57.166664,13.0,38.0,ontime
9000020_1767683700,train,9000020,2026-01-06 07:15:00,11000335,2026-01-06 07:25:57.166664,75.0,65.0,ontime
9000020_1767684000,train,9000020,2026-01-06 07:20:00,11000284,2026-01-06 07:30:57.166664,71.0,108.0,ontime
9000020_1767684300,train,9000020,2026-01-06 07:25:00,11000440,2026-01-06 07:35:57.166664,38.0,160.0,late
9000020_1767684600,train,9000020,2026-01-06 07:30:00,11000348,2026-01-06 07:40:57.166664,95.0,114.0,ontime
9000020_1767684900,train,9000020,2026-01-06 07:35:00,11000361,2026-01-06 07:45:57.166664,135.0,54.0,ontime
9000020_1767685200,train,9000020,2026-01-06 07:40:00,11000372,2026-01-06 07:50:57.166664,164.0,35.0,ontime
9000020_1767685500,train,9000020,2026-01-06 07:45:00,11000286,2026-01-06 07:56:57.166664,61.0,30.0,ontime
9000020_1767685800,train,9000020,2026-01-06 07:50:00,11000341,2026-01-06 08:01:57.166664,35.0,45.0,ontime
9000020_1767686100,train,9000020,2026-01-06 07:55:00,11000347,2026-01-06 08:07:57.166664,107.0,104.0,ontime
9000020_1767686400,train,9000020,2026-01-06 08:00:00,11000351,2026-01-06 08:10:57.166664,28.0,149.0,late
9000020_1767686700,train,9000020,2026-01-06 08:05:00,11000360,2026-01-06 08:15:57.166664,-33.0,108.0,ontime
9000020_1767687000,train,9000020,2026-01-06 08:10:00,11000280,2026-01-06 08:20:57.166664,88.0,162.0,late
9000020_1767687300,train,9000020,2026-01-06 08:15:00,11000359,2026-01-06 08:26:57.166664,164.0,128.0,late
9000020_1767687600,train,9000020,2026-01-06 08:20:00,11000364,2026-01-06 08:32:57.166664,174.0,10.0,ontime
9000020_1767687900,train,9000020,2026-01-06 08:25:00,11000342,2026-01-06 08:35:57.166664,157.0,114.0,ontime
9000020_1767688200,train,9000020,2026-01-06 08:30:00,11000357,2026-01-06 08:42:57.166664,151.0,67.0,ontime
9000020_1767688500,train,9000020,2026-01-06 08:35:00,11000366,2026-01-06 08:46:57.166664,-27.0,144.0,late
9000020_1767688800,train,9000020,2026-01-06 08:40:00,11000123,2026-01-06 08:51:57.166664,94.0,-55.0,ontime
9000020_1767702000,train,9000020,2026-01-06 12:20:00,11000178,2026-01-06 12:30:57.166664,-55.0,-58.0,ontime
9000020_1767702300,train,9000020,2026-01-06 12:25:00,11000226,2026-01-06 12:36:57.166664,-55.0,38.0,ontime
9000020_1767702600,train,9000020,2026-01-06 12:30:00,11000228,2026-01-06 12:40:57.166664,-55.0,65.0,ontime
9000020_1767702900,train,9000020,2026-01-06 12:35:00,11000291,2026-01-06 12:45:57.166664,79.0,86.0,ontime
9000020_1767703200,train,9000020,2026-01-06 12:40:00,11000184,2026-01-06 12:51:57.166664,17.0,8.0,ontime
9000020_1767703500,train,9000020,2026-01-06 12:45:00,11000229,2026-01-06 12:55:57.166664,116.0,29.0,ontime
9000020_1767703800,train,9000020,2026-01-06 12:50:00,11000232,2026-01-06 13:01:57.166664,-12.0,91.0,ontime
9000020_1767704100,train,9000020,2026-01-06 12:55:00,11000292,2026-01-06 13:05:57.166664,32.0,116.0,ontime
9000020_1767704400,train,9000020,2026-01-06 13:00:00,11000233,2026-01-06 13:10:57.166664,68.0,48.0,ontime
9000020_1767704700,train,9000020,2026-01-06 13:05:00,11000124,2026-01-06 13:15:57.166664,63.0,114.0,ontime
9000020_1767705000,train,9000020,2026-01-06 13:10:00,11000128,2026-01-06 13:20:57.166664,39.0,112.0,ontime
9000020_1767705300,train,9000020,2026-01-06 13:15:00,11000131,2026-01-06 13:25:57.166664,38.0,263.0,late
9000020_1767705600,train,9000020,2026-01-06 13:20:00,11000135,2026-01-06 13:32:57.166664,149.0,220.0,late
9000020_1767705900,train,9000020,2026-01-06 13:25:00,11000137,2026-01-06 13:36:57.166664,174.0,240.0,late
9000020_1767706200,train,9000020,2026-01-06 13:30:00,11000138,2026-01-06 13:40:57.166664,328.0,188.0,late
9000020_1767706500,train,9000020,2026-01-06 13:35:00,11000141,2026-01-06 13:46:57.166664,232.0,53.0,ontime
9000020_1767706800,train,9000020,2026-01-06 13:40:00,11000143,2026-01-06 13:51:57.166664,240.0,27.0,ontime
9000020_1767707100,train,9000020,2026-01-06 13:45:00,11000214,2026-01-06 13:55:57.166664,108.0,74.0,ontime
9000020_1767707400,train,9000020,2026-01-06 13:50:00,11000194,2026-01-06 14:02:57.166664,55.0,52.0,ontime
9000020_1767707700,train,9000020,2026-01-06 13:55:00,11000195,2026-01-06 14:05:57.166664,94.0,48.0,ontime
9000020_1767708000,train,9000020,2026-01-06 14:00:00,11000253,2026-01-06 14:10:57.166664,57.0,43.0,ontime
9000020_1767708300,train,9000020,2026-01-06 14:05:00,11000244,2026-01-06 14:16:57.166664,56.0,76.0,ontime
9000020_1767708600,train,9000020,2026-01-06 14:10:00,11000201,2026-01-06 14:21:57.166664,85.0,-36.0,ontime
9000020_1767708900,train,9000020,2026-01-06 14:15:00,11000289,2026-01-06 14:25:57.166664,62.0,65.0,ontime
9000020_1767709200,train,9000020,2026-01-06 14:20:00,11000441,2026-01-06 14:30:57.166664,70.0,68.0,ontime
9000020_1767709500,train,9000020,2026-01-06 14:25:00,11000209,2026-01-06 14:35:57.166664,-17.0,168.0,late
9000020_1767709800,train,9000020,2026-01-06 14:30:00,11000247,2026-01-06 14:41:57.166664,89.0,298.0,late
9000020_1767710100,train,9000020,2026-01-06 14:35:00,11000096,2026-01-06 14:47:57.166664,204.0,181.0,late
9000020_1767710400,train,9000020,2026-01-06 14:40:00,11000236,2026-01-06 14:50:57.166664,225.0,178.0,late
9000020_1767710700,train,9000020,2026-01-06 14:45:00,11000100,2026-01-06 14:55:57.166664,214.0,166.0,late
9000020_1767711000,train,9000020,2026-01-06 14:50:00,11000238,2026-01-06 15:00:57.166664,178.0,216.0,late
9000020_1767711300,train,9000020,2026-01-06 14:55:00,11000093,2026-01-06 15:06:57.166664,200.0,160.0,late
9000020_1767711600,train,9000020,2026-01-06 15:00:00,11000189,2026-01-06 15:12:57.166664,267.0,132.0,late
9000020_1767711900,train,9000020,2026-01-06 15:05:00,11000281,2026-01-06 15:16:57.166664,212.0,31.0,ontime
9000020_1767712200,train,9000020,2026-01-06 15:10:00,11000095,2026-01-06 15:20:57.166664,241.0,17.0,ontime
9000020_1767712500,train,9000020,2026-01-06 15:15:00,11000191,2026-01-06 15:25:57.166664,105.0,153.0,late
9000020_1767712800,train,9000020,2026-01-06 15:20:00,11000090,2026-01-06 15:31:57.166664,69.0,-53.0,ontime
9000020_1767720000,train,9000020,2026-01-06 17:20:00,11000022,2026-01-06 17:31:57.166664,-53.0,49.0,ontime
9000020_1767720300,train,9000020,2026-01-06 17:25:00,11000251,2026-01-06 17:37:57.166664,-53.0,104.0,ontime
9000020_1767720600,train,9000020,2026-01-06 17:30:00,11000224,2026-01-06 17:40:57.166664,-53.0,90.0,ontime
9000020_1767720900,train,9000020,2026-01-06 17:35:00,11000055,2026-01-06 17:46:57.166664,43.0,109.0,ontime
9000020_1767721200,train,9000020,2026-01-06 17:40:00,11000444,2026-01-06 17:50:57.166664,103.0,165.0,late
9000020_1767721500,train,9000020,2026-01-06 17:45:00,11000221,2026-01-06 17:55:57.166664,119.0,394.0,late
9000020_1767721800,train,9000020,2026-01-06 17:50:00,11000159,2026-01-06 18:00:57.166664,184.0,326.0,late
9000020_1767722100,train,9000020,2026-01-06 17:55:00,11000287,2026-01-06 18:05:57.166664,327.0,397.0,late
9000020_1767722400,train,9000020,2026-01-06 18:00:00,11000430,2026-01-06 18:12:57.166664,378.0,495.0,late
9000020_1767722700,train,9000020,2026-01-06 18:05:00,11000279,2026-01-06 18:15:57.166664,341.0,416.0,late
9000020_1767723000,train,9000020,2026-01-06 18:10:00,11000012,2026-01-06 18:21:57.166664,418.0,425.0,late
9000020_1767729300,train,9000020,2026-01-06 19:55:00,11000273,2026-01-06 20:05:57.166664,401.0,109.0,ontime
9000020_1767729600,train,9000020,2026-01-06 20:00:00,11000028,2026-01-06 20:11:57.166664,401.0,141.0,late
9000020_1767729900,train,9000020,2026-01-06 20:05:00,11000145,2026-01-06 20:15:57.166664,401.0,266.0,late
9000020_1767730200,train,9000020,2026-01-06 20:10:00,11000046,2026-01-06 20:20:57.166664,176.0,194.0,late
9000020_1767730500,train,9000020,2026-01-06 20:15:00,11000052,2026-01-06 20:25:57.166664,87.0,135.0,late
9000020_1767730800,train,9000020,2026-01-06 20:20:00,11000044,2026-01-06 20:30:57.166664,207.0,165.0,late
9000020_1767731100,train,9000020,2026-01-06 20:25:00,11000171,2026-01-06 20:35:57.166664,132.0,279.0,late
9000020_1767731400,train,9000020,2026-01-06 20:30:00,11000109,2026-01-06 20:41:57.166664,205.0,313.0,late
9000020_1767731700,train,9000020,2026-01-06 20:35:00,11000040,2026-01-06 20:45:57.166664,220.0,372.0,late
9000020_1767732000,train,9000020,2026-01-06 20:40:00,11000168,2026-01-06 20:50:57.166664,308.0,417.0,late
9000020_1767732300,train,9000020,2026-01-06 20:45:00,11000106,2026-01-06 20:55:57.166664,368.0,410.0,late
9000020_1767732600,train,9000020,2026-01-06 20:50:00,11000080,2026-01-06 21:00:57.166664,400.0,435.0,late
9000020_1767732900,train,9000020,2026-01-06 20:55:00,11000114,2026-01-06 21:05:57.166664,418.0,444.0,late
9000020_1767733200,train,9000020,2026-01-06 21:00:00,11000111,2026-01-06 21:10:57.166664,400.0,463.0,late
9000020_1767733500,train,9000020,2026-01-06 21:05:00,11000066,2026-01-06 21:15:57.166664,419.0,396.0,late
9000020_1767733800,train,9000020,2026-01-06 21:10:00,11000069,2026-01-06 21:20:57.166664,458.0,413.0,late
9000020_1767734100,train,9000020,2026-01-06 21:15:00,11000077,2026-01-06 21:25:57.166664,449.0,441.0,late
9000020_1767734700,train,9000020,2026-01-06 21:25:00,11000553,2026-01-06 21:35:57.166664,428.0,12.0,ontime
9000020_1767735000,train,9000020,2026-01-06 21:30:00,11000448,2026-01-06 21:40:57.166664,441.0,17.0,ontime
9000020_1767735300,train,9000020,2026-01-06 21:35:00,11000452,2026-01-06 21:46:57.166664,441.0,-16.0,ontime
9000020_1767735600,train,9000020,2026-01-06 21:40:00,11000162,2026-01-06 21:50:57.166664,22.0,18.0,ontime
9000020_1767735900,train,9000020,2026-01-06 21:45:00,11000479,2026-01-06 21:55:57.166664,1.0,5.0,ontime
9000020_1767736200,train,9000020,2026-01-06 21:50:00,11000163,2026-01-06 22:00:57.166664,7.0,8.0,ontime
9000020_1767736500,train,9000020,2026-01-06 21:55:00,11000460,2026-01-06 22:05:57.166664,52.0,-17.0,ontime
9000020_1767736800,train,9000020,2026-01-06 22:00:00,11000480,2026-01-06 22:11:57.166664,7.0,-6.0,ontime
9000020_1767737100,train,9000020,2026-01-06 22:05:00,11000587,2026-01-06 22:15:57.166664,-16.0,40.0,ontime
9000020_1767737400,train,9000020,2026-01-06 22:10:00,11000607,2026-01-06 22:21:57.166664,-22.0,19.0,ontime
9000020_1767737700,train,9000020,2026-01-06 22:15:00,11000599,2026-01-06 22:25:57.166664,10.0,9.0,ontime
9000020_1767738000,train,9000020,2026-01-06 22:20:00,11000566,2026-01-06 22:30:57.166664,2.0,-10.0,ontime
9000020_1767738300,train,9000020,2026-01-06 22:25:00,11000449,2026-01-06 22:35:57.166664,18.0,-30.0,ontime
9000020_1767738600,train,9000020,2026-01-06 22:30:00,11000485,2026-01-06 22:40:57.166664,-23.0,-29.0,ontime
9000020_1767738900,train,9000020,2026-01-06 22:35:00,11000557,2026-01-06 22:47:57.166664,29.0,-52.0,ontime
9000020_1767739200,train,9000020,2026-01-06 22:40:00,11000471,2026-01-06 22:50:57.166664,-30.0,-8.0,ontime
9000020_1767739500,train,9000020,2026-01-06 22:45:00,11000489,2026-01-06 22:55:57.166664,6.0,3.0,ontime
9000021_1767665700,train,9000021,2026-01-06 02:15:00,11100000,2026-01-06 02:28:58.166929,0.0,36.0,ontime
9000021_1767666000,train,9000021,2026-01-06 02:20:00,11100004,2026-01-06 02:30:58.166929,0.0,64.0,ontime
9000021_1767666300,train,9000021,2026-01-06 02:25:00,11100264,2026-01-06 02:36:58.166929,0.0,89.0,ontime
9000021_1767666600,train,9000021,2026-01-06 02:30:00,11100018,2026-01-06 02:40:58.166929,43.0,174.0,late
9000021_1767666900,train,9000021,2026-01-06 02:35:00,11100025,2026-01-06 02:45:58.166929,64.0,86.0,ontime
9000021_1767667200,train,9000021,2026-01-06 02:40:00,11100265,2026-01-06 02:51:58.166929,172.0,157.0,late
9000021_1767667500,train,9000021,2026-01-06 02:45:00,11100392,2026-01-06 02:55:58.166929,125.0,102.0,ontime
9000021_1767667800,train,9000021,2026-01-06 02:50:00,11100425,2026-01-06 03:00:58.166929,136.0,107.0,ontime
9000021_1767668100,train,9000021,2026-01-06 02:55:00,11100089,2026-01-06 03:08:58.166929,177.0,67.0,ontime
9000021_1767668400,train,9000021,2026-01-06 03:00:00,11100383,2026-01-06 03:10:58.166929,88.0,195.0,late
9000021_1767668700,train,9000021,2026-01-06 03:05:00,11100021,2026-01-06 03:15:58.166929,90.0,182.0,late
9000021_1767669000,train,9000021,2026-01-06 03:10:00,11100427,2026-01-06 03:20:58.166929,102.0,143.0,late
9000021_1767669300,train,9000021,2026-01-06 03:15:00,11100395,2026-01-06 03:26:58.166929,123.0,73.0,ontime
9000021_1767669600,train,9000021,2026-01-06 03:20:00,11100408,2026-01-06 03:32:58.166929,151.0,-25.0,ontime
9000021_1767669900,train,9000021,2026-01-06 03:25:00,11100386,2026-01-06 03:35:58.166929,75.0,-15.0,ontime
9000021_1767670200,train,9000021,2026-01-06 03:30:00,11100407,2026-01-06 03:40:58.166929,50.0,75.0,ontime
9000021_1767670500,train,9000021,2026-01-06 03:35:00,11100412,2026-01-06 03:45:58.166929,-12.0,96.0,ontime
9000021_1767670800,train,9000021,2026-01-06 03:40:00,11100385,2026-01-06 03:53:58.166929,42.0,64.0,ontime
9000021_1767671100,train,9000021,2026-01-06 03:45:00,11100402,2026-01-06 03:55:58.166929,85.0,139.0,late
9000021_1767671400,train,9000021,2026-01-06 03:50:00,11100272,2026-01-06 04:01:58.166929,47.0,267.0,late
9000021_1767671700,train,9000021,2026-01-06 03:55:00,11100399,2026-01-06 04:05:58.166929,88.0,347.0,late
9000021_1767672000,train,9000021,2026-01-06 04:00:00,11100417,2026-01-06 04:10:58.166929,216.0,356.0,late
9000021_1767672300,train,9000021,2026-01-06 04:05:00,11100421,2026-01-06 04:16:58.166929,402.0,347.0,late
9000021_1767672600,train,9000021,2026-01-06 04:10:00,11100422,2026-01-06 04:20:58.166929,379.0,378.0,late
9000021_1767672900,train,9000021,2026-01-06 04:15:00,11100256,2026-01-06 04:25:58.166929,346.0,266.0,late
9000021_1767673200,train,9000021,2026-01-06 04:20:00,11100118,2026-01-06 04:34:58.166929,349.0,100.0,ontime
9000021_1767673500,train,9000021,2026-01-06 04:25:00,11100117,2026-01-06 04:35:58.166929,234.0,103.0,ontime
9000021_1767673800,train,9000021,2026-01-06 04:30:00,11100433,2026-01-06 04:41:58.166929,167.0,118.0,ontime
9000021_1767674100,train,9000021,2026-01-06 04:35:00,11100381,2026-01-06 04:45:58.166929,100.0,216.0,late
9000021_1767674400,train,9000021,2026-01-06 04:40:00,11100374,2026-01-06 04:51:58.166929,100.0,192.0,late
9000021_1767674700,train,9000021,2026-01-06 04:45:00,11100375,2026-01-06 04:55:58.166929,110.0,186.0,late
9000021_1767675000,train,9000021,2026-01-06 04:50:00,11100379,2026-01-06 05:00:58.166929,193.0,122.0,late
9000021_1767675300,train,9000021,2026-01-06 04:55:00,11100380,2026-01-06 05:06:58.166929,107.0,48.0,ontime
9000021_1767675600,train,9000021,2026-01-06 05:00:00,11100378,2026-01-06 05:10:58.166929,91.0,232.0,late
9000021_1767675900,train,9000021,2026-01-06 05:05:00,11100260,2026-01-06 05:17:58.166929,63.0,-19.0,ontime
9000021_1767677700,train,9000021,2026-01-06 05:35:00,11100176,2026-01-06 05:48:58.166929,-19.0,-3.0,ontime
9000021_1767678000,train,9000021,2026-01-06 05:40:00,11100332,2026-01-06 05:50:58.166929,-19.0,40.0,ontime
9000021_1767678300,train,9000021,2026-01-06 05:45:00,11100329,2026-01-06 05:56:58.166929,-19.0,-45.0,ontime
9000021_1767678600,train,9000021,2026-01-06 05:50:00,11100328,2026-01-06 06:02:58.166929,-4.0,-57.0,ontime
9000021_1767678900,train,9000021,2026-01-06 05:55:00,11100054,2026-01-06 06:06:58.166929,2.0,-101.0,early
9000021_1767679200,train,9000021,2026-01-06 06:00:00,11100325,2026-01-06 06:10:58.166929,-46.0,-59.0,ontime
9000021_1767679500,train,9000021,2026-01-06 06:05:00,11100322,2026-01-06 06:15:58.166929,-101.0,-81.0,early
9000021_1767679800,train,9000021,2026-01-06 06:10:00,11100320,2026-01-06 06:20:58.166929,-91.0,-75.0,early
9000021_1767680100,train,9000021,2026-01-06 06:15:00,11100317,2026-01-06 06:25:58.166929,-25.0,-29.0,ontime
9000021_1767680400,train,9000021,2026-01-06 06:20:00,11100023,2026-01-06 06:30:58.166929,11.0,42.0,ontime
9000021_1767680700,train,9000021,2026-01-06 06:25:00,11100299,2026-01-06 06:36:58.166929,-20.0,59.0,ontime
9000021_1767681000,train,9000021,2026-01-06 06:30:00,11100305,2026-01-06 06:40:58.166929,43.0,113.0,ontime
9000021_1767681300,train,9000021,2026-01-06 06:35:00,11100310,2026-01-06 06:46:58.166929,-18.0,36.0,ontime
9000021_1767681600,train,9000021,2026-01-06 06:40:00,11100300,2026-01-06 06:50:58.166929,84.0,43.0,ontime
9000021_1767681900,train,9000021,2026-01-06 06:45:00,11100297,2026-01-06 06:55:58.166929,161.0,-76.0,early
9000021_1767682200,train,9000021,2026-01-06 06:50:00,11100304,2026-01-06 07:01:58.166929,1.0,79.0,ontime
9000021_1767682500,train,9000021,2026-01-06 06:55:00,11100307,2026-01-06 07:05:58.166929,-92.0,125.0,late
9000021_1767682800,train,9000021,2026-01-06 07:00:00,11100269,2026-01-06 07:14:58.166929,7.0,56.0,ontime
9000021_1767683100,train,9000021,2026-01-06 07:05:00,11100335,2026-01-06 07:15:58.166929,83.0,61.0,ontime
9000021_1767683400,train,9000021,2026-01-06 07:10:00,11100284,2026-01-06 07:20:58.166929,103.0,78.0,ontime
9000021_1767683700,train,9000021,2026-01-06 07:15:00,11100440,2026-01-06 07:25:58.166929,56.0,177.0,late
9000021_1767684000,train,9000021,2026-01-06 07:20:00,11100348,2026-01-06 07:30:58.166929,109.0,119.0,ontime
9000021_1767684300,train,9000021,2026-01-06 07:25:00,11100361,2026-01-06 07:35:58.166929,75.0,38.0,ontime
9000021_1767684600,train,9000021,2026-01-06 07:30:00,11100372,2026-01-06 07:40:58.166929,122.0,38.0,ontime
9000021_1767684900,train,9000021,2026-01-06 07:35:00,11100286,2026-01-06 07:46:58.166929,67.0,68.0,ontime
9000021_1767685200,train,9000021,2026-01-06 07:40:00,11100341,2026-01-06 07:51:58.166929,0.0,6.0,ontime
9000021_1767685500,train,9000021,2026-01-06 07:45:00,11100347,2026-01-06 07:57:58.166929,100.0,108.0,ontime
9000021_1767685800,train,9000021,2026-01-06 07:50:00,11100351,2026-01-06 08:00:58.166929,28.0,134.0,late
9000021_1767686100,train,9000021,2026-01-06 07:55:00,11100360,2026-01-06 08:05:58.166929,-14.0,142.0,late
9000021_1767686400,train,9000021,2026-01-06 08:00:00,11100280,2026-01-06 08:10:58.166929,90.0,193.0,late
9000021_1767686700,train,9000021,2026-01-06 08:05:00,11100359,2026-01-06 08:16:58.166929,147.0,158.0,late
9000021_1767687000,train,9000021,2026-01-06 08:10:00,11100364,2026-01-06 08:22:58.166929,142.0,23.0,ontime
9000021_1767687300,train,9000021,2026-01-06 08:15:00,11100342,2026-01-06 08:25:58.166929,150.0,94.0,ontime
9000021_1767687600,train,9000021,2026-01-06 08:20:00,11100357,2026-01-06 08:32:58.166929,142.0,47.0,ontime
9000021_1767687900,train,9000021,2026-01-06 08:25:00,11100366,2026-01-06 08:36:58.166929,37.0,168.0,late
9000021_1767688200,train,9000021,2026-01-06 08:30:00,11100123,2026-01-06 08:41:58.166929,115.0,-46.0,ontime
9000021_1767701400,train,9000021,2026-01-06 12:10:00,11100178,2026-01-06 12:20:58.166929,-46.0,-48.0,ontime
9000021_1767701700,train,9000021,2026-01-06 12:15:00,11100226,2026-01-06 12:26:58.166929,-46.0,75.0,ontime
9000021_1767702000,train,9000021,2026-01-06 12:20:00,11100228,2026-01-06 12:30:58.166929,-46.0,73.0,ontime
9000021_1767702300,train,9000021,2026-01-06 12:25:00,11100291,2026-01-06 12:35:58.166929,83.0,73.0,ontime
9000021_1767702600,train,9000021,2026-01-06 12:30:00,11100184,2026-01-06 12:41:58.166929,51.0,23.0,ontime
9000021_1767702900,train,9000021,2026-01-06 12:35:00,11100229,2026-01-06 12:45:58.166929,78.0,38.0,ontime
9000021_1767703200,train,9000021,2026-01-06 12:40:00,11100232,2026-01-06 12:51:58.166929,-22.0,110.0,ontime
9000021_1767703500,train,9000021,2026-01-06 12:45:00,11100292,2026-01-06 12:55:58.166929,10.0,125.0,late
9000021_1767703800,train,9000021,2026-01-06 12:50:00,11100233,2026-01-06 13:00:58.166929,60.0,53.0,ontime
9000021_1767704100,train,9000021,2026-01-06 12:55:00,11100124,2026-01-06 13:05:58.166929,89.0,104.0,ontime
9000021_1767704400,train,9000021,2026-01-06 13:00:00,11100128,2026-01-06 13:10:58.166929,98.0,94.0,ontime
9000021_1767704700,train,9000021,2026-01-06 13:05:00,11100131,2026-01-06 13:15:58.166929,42.0,221.0,late
9000021_1767705000,train,9000021,2026-01-06 13:10:00,11100135,2026-01-06 13:22:58.166929,135.0,247.0,late
9000021_1767705300,train,9000021,2026-01-06 13:15:00,11100137,2026-01-06 13:26:58.166929,157.0,254.0,late
9000021_1767705600,train,9000021,2026-01-06 13:20:00,11100138,2026-01-06 13:30:58.166929,276.0,195.0,late
9000021_1767705900,train,9000021,2026-01-06 13:25:00,11100141,2026-01-06 13:36:58.166929,212.0,58.0,ontime
9000021_1767706200,train,9000021,2026-01-06 13:30:00,11100143,2026-01-06 13:41:58.166929,254.0,30.0,ontime
9000021_1767706500,train,9000021,2026-01-06 13:35:00,11100214,2026-01-06 13:45:58.166929,113.0,36.0,ontime
9000021_1767706800,train,9000021,2026-01-06 13:40:00,11100194,2026-01-06 13:52:58.166929,44.0,82.0,ontime
9000021_1767707100,train,9000021,2026-01-06 13:45:00,11100195,2026-01-06 13:55:58.166929,32.0,67.0,ontime
9000021_1767707400,train,9000021,2026-01-06 13:50:00,11100253,2026-01-06 14:00:58.166929,58.0,18.0,ontime
9000021_1767707700,train,9000021,2026-01-06 13:55:00,11100244,2026-01-06 14:06:58.166929,77.0,83.0,ontime
9000021_1767708000,train,9000021,2026-01-06 14:00:00,11100201,2026-01-06 14:11:58.166929,42.0,24.0,ontime
9000021_1767708300,train,9000021,2026-01-06 14:05:00,11100289,2026-01-06 14:15:58.166929,22.0,96.0,ontime
9000021_1767708600,train,9000021,2026-01-06 14:10:00,11100441,2026-01-06 14:20:58.166929,50.0,76.0,ontime
9000021_1767708900,train,9000021,2026-01-06 14:15:00,11100209,2026-01-06 14:25:58.166929,71.0,147.0,late
9000021_1767709200,train,9000021,2026-01-06 14:20:00,11100247,2026-01-06 14:31:58.166929,93.0,297.0,late
9000021_1767709500,train,9000021,2026-01-06 14:25:00,11100096,2026-01-06 14:37:58.166929,150.0,224.0,late
9000021_1767709800,train,9000021,2026-01-06 14:30:00,11100236,2026-01-06 14:40:58.166929,224.0,187.0,late
9000021_1767710100,train,9000021,2026-01-06 14:35:00,11100100,2026-01-06 14:45:58.166929,244.0,144.0,late
9000021_1767710400,train,9000021,2026-01-06 14:40:00,11100238,2026-01-06 14:50:58.166929,183.0,258.0,late
9000021_1767710700,train,9000021,2026-01-06 14:45:00,11100093,2026-01-06 14:56:58.166929,189.0,165.0,late
9000021_1767711000,train,9000021,2026-01-06 14:50:00,11100189,2026-01-06 15:02:58.166929,216.0,90.0,ontime
9000021_1767711300,train,9000021,2026-01-06 14:55:00,11100281,2026-01-06 15:06:58.166929,201.0,66.0,ontime
9000021_1767711600,train,9000021,2026-01-06 15:00:00,11100095,2026-01-06 15:10:58.166929,151.0,20.0,ontime
9000021_1767711900,train,9000021,2026-01-06 15:05:00,11100191,2026-01-06 15:15:58.166929,62.0,186.0,late
9000021_1767712200,train,9000021,2026-01-06 15:10:00,11100090,2026-01-06 15:21:58.166929,84.0,-29.0,ontime
9000021_1767719400,train,9000021,2026-01-06 17:10:00,11100022,2026-01-06 17:21:58.166929,-29.0,6.0,ontime
9000021_1767719700,train,9000021,2026-01-06 17:15:00,11100251,2026-01-06 17:27:58.166929,-29.0,96.0,ontime
9000021_1767720000,train,9000021,2026-01-06 17:20:00,11100224,2026-01-06 17:30:58.166929,-29.0,63.0,ontime
9000021_1767720300,train,9000021,2026-01-06 17:25:00,11100055,2026-01-06 17:36:58.166929,33.0,104.0,ontime
9000021_1767720600,train,9000021,2026-01-06 17:30:00,11100444,2026-01-06 17:40:58.166929,122.0,175.0,late
9000021_1767720900,train,9000021,2026-01-06 17:35:00,11100221,2026-01-06 17:45:58.166929,119.0,410.0,late
9000021_1767721200,train,9000021,2026-01-06 17:40:00,11100159,2026-01-06 17:50:58.166929,202.0,364.0,late
9000021_1767721500,train,9000021,2026-01-06 17:45:00,11100287,2026-01-06 17:55:58.166929,343.0,384.0,late
9000021_1767721800,train,9000021,2026-01-06 17:50:00,11100430,2026-01-06 18:02:58.166929,406.0,489.0,late
9000021_1767722100,train,9000021,2026-01-06 17:55:00,11100279,2026-01-06 18:05:58.166929,338.0,443.0,late
9000021_1767722400,train,9000021,2026-01-06 18:00:00,11100012,2026-01-06 18:11:58.166929,445.0,395.0,late
9000021_1767728700,train,9000021,2026-01-06 19:45:00,11100273,2026-01-06 19:55:58.166929,375.0,90.0,ontime
9000021_1767729000,train,9000021,2026-01-06 19:50:00,11100028,2026-01-06 20:01:58.166929,375.0,147.0,late
9000021_1767729300,train,9000021,2026-01-06 19:55:00,11100145,2026-01-06 20:05:58.166929,375.0,264.0,late
9000021_1767729600,train,9000021,2026-01-06 20:00:00,11100046,2026-01-06 20:10:58.166929,214.0,136.0,late
9000021_1767729900,train,9000021,2026-01-06 20:05:00,11100052,2026-01-06 20:15:58.166929,91.0,98.0,ontime
9000021_1767730200,train,9000021,2026-01-06 20:10:00,11100044,2026-01-06 20:20:58.166929,188.0,182.0,late
9000021_1767730500,train,9000021,2026-01-06 20:15:00,11100171,2026-01-06 20:25:58.166929,146.0,279.0,late
9000021_1767730800,train,9000021,2026-01-06 20:20:00,11100109,2026-01-06 20:31:58.166929,190.0,309.0,late
9000021_1767731100,train,9000021,2026-01-06 20:25:00,11100040,2026-01-06 20:35:58.166929,202.0,327.0,late
9000021_1767731400,train,9000021,2026-01-06 20:30:00,11100168,2026-01-06 20:40:58.166929,257.0,405.0,late
9000021_1767731700,train,9000021,2026-01-06 20:35:00,11100106,2026-01-06 20:45:58.166929,346.0,401.0,late
9000021_1767732000,train,9000021,2026-01-06 20:40:00,11100080,2026-01-06 20:50:58.166929,404.0,463.0,late
9000021_1767732300,train,9000021,2026-01-06 20:45:00,11100114,2026-01-06 20:55:58.166929,436.0,418.0,late
9000021_1767732600,train,9000021,2026-01-06 20:50:00,11100111,2026-01-06 21:00:58.166929,458.0,436.0,late
9000021_1767732900,train,9000021,2026-01-06 20:55:00,11100066,2026-01-06 21:05:58.166929,437.0,469.0,late
9000021_1767733200,train,9000021,2026-01-06 21:00:00,11100069,2026-01-06 21:10:58.166929,445.0,425.0,late
9000021_1767733500,train,9000021,2026-01-06 21:05:00,11100077,2026-01-06 21:15:58.166929,436.0,423.0,late
9000021_1767734100,train,9000021,2026-01-06 21:15:00,11100553,2026-01-06 21:25:58.166929,422.0,31.0,ontime
9000021_1767734400,train,9000021,2026-01-06 21:20:00,11100448,2026-01-06 21:30:58.166929,423.0,13.0,ontime
9000021_1767734700,train,9000021,2026-01-06 21:25:00,11100452,2026-01-06 21:36:58.166929,423.0,-26.0,ontime
9000021_1767735000,train,9000021,2026-01-06 21:30:00,11100162,2026-01-06 21:40:58.166929,15.0,-6.0,ontime
9000021_1767735300,train,9000021,2026-01-06 21:35:00,11100479,2026-01-06 21:45:58.166929,-25.0,10.0,ontime
9000021_1767735600,train,9000021,2026-01-06 21:40:00,11100163,2026-01-06 21:50:58.166929,3.0,6.0,ontime
9000021_1767735900,train,9000021,2026-01-06 21:45:00,11100460,2026-01-06 21:55:58.166929,-11.0,2.0,ontime
9000021_1767736200,train,9000021,2026-01-06 21:50:00,11100480,2026-01-06 22:01:58.166929,16.0,-7.0,ontime
9000021_1767736500,train,9000021,2026-01-06 21:55:00,11100587,2026-01-06 22:05:58.166929,51.0,-15.0,ontime
9000021_1767736800,train,9000021,2026-01-06 22:00:00,11100607,2026-01-06 22:11:58.166929,-5.0,-18.0,ontime
9000021_1767737100,train,9000021,2026-01-06 22:05:00,11100599,2026-01-06 22:15:58.166929,5.0,-3.0,ontime
9000021_1767737400,train,9000021,2026-01-06 22:10:00,11100566,2026-01-06 22:20:58.166929,11.0,-11.0,ontime
9000021_1767737700,train,9000021,2026-01-06 22:15:00,11100449,2026-01-06 22:25:58.166929,-4.0,-54.0,ontime
9000021_1767738000,train,9000021,2026-01-06 22:20:00,11100485,2026-01-06 22:30:58.166929,3.0,-15.0,ontime
9000021_1767738300,train,9000021,2026-01-06 22:25:00,11100557,2026-01-06 22:37:58.166929,-26.0,-21.0,ontime
9000021_1767738600,train,9000021,2026-01-06 22:30:00,11100471,2026-01-06 22:40:58.166929,-17.0,22.0,ontime
9000021_1767738900,train,9000021,2026-01-06 22:35:00,11100489,2026-01-06 22:45:58.166929,-9.0,8.0,ontime
9000022_1767739200,train,9000022,2026-01-06 22:40:00,11200039,2026-01-06 22:51:26.795686,0.0,15.0,ontime
9000022_1767739500,train,9000022,2026-01-06 22:45:00,11200030,2026-01-06 22:55:26.795686,0.0,-3.0,ontime
9000022_1767739800,train,9000022,2026-01-06 22:50:00,11200042,2026-01-06 23:00:26.795686,0.0,15.0,ontime
9000022_1767740100,train,9000022,2026-01-06 22:55:00,11200031,2026-01-06 23:05:26.795686,-21.0,-17.0,ontime
9000022_1767740400,train,9000022,2026-01-06 23:00:00,11200033,2026-01-06 23:10:26.795686,2.0,27.0,ontime
9000022_1767740700,train,9000022,2026-01-06 23:05:00,11200069,2026-01-06 23:16:26.795686,-7.0,-25.0,ontime
9000022_1767741000,train,9000022,2026-01-06 23:10:00,11200043,2026-01-06 23:20:26.795686,-44.0,-16.0,ontime
9000022_1767741300,train,9000022,2026-01-06 23:15:00,11200049,2026-01-06 23:25:26.795686,8.0,-1.0,ontime
9000022_1767741600,train,9000022,2026-01-06 23:20:00,11200013,2026-01-06 23:31:26.795686,-20.0,-18.0,ontime
9000022_1767741900,train,9000022,2026-01-06 23:25:00,11200019,2026-01-06 23:35:26.795686,-3.0,-1.0,ontime
9000022_1767742200,train,9000022,2026-01-06 23:30:00,11200001,2026-01-06 23:40:26.795686,8.0,9.0,ontime
9000022_1767742500,train,9000022,2026-01-06 23:35:00,11200077,2026-01-06 23:46:26.795686,10.0,20.0,ontime
9000022_1767742800,train,9000022,2026-01-06 23:40:00,11200056,2026-01-06 23:50:26.795686,31.0,-7.0,ontime
9000022_1767743100,train,9000022,2026-01-06 23:45:00,11200054,2026-01-06 23:55:26.795686,-6.0,-15.0,ontime
9000022_1767743400,train,9000022,2026-01-06 23:50:00,11200000,2026-01-07 00:00:26.795686,-20.0,-8.0,ontime
9000022_1767743700,train,9000022,2026-01-06 23:55:00,11200080,2026-01-07 00:05:26.795686,34.0,-4.0,ontime
9000022_1767744000,train,9000022,2026-01-07 00:00:00,11200022,2026-01-07 00:10:26.795686,5.0,36.0,ontime
9000022_1767744900,train,9000022,2026-01-07 00:15:00,11200006,2026-01-07 00:28:26.795686,0.0,-2.0,ontime
9000023_1767738900,train,9000023,2026-01-06 22:35:00,11300039,2026-01-06 22:46:03.094276,0.0,13.0,ontime
9000023_1767739200,train,9000023,2026-01-06 22:40:00,11300030,2026-01-06 22:50:03.094276,0.0,9.0,ontime
9000023_1767739500,train,9000023,2026-01-06 22:45:00,11300042,2026-01-06 22:55:03.094276,0.0,17.0,ontime
9000023_1767739800,train,9000023,2026-01-06 22:50:00,11300031,2026-01-06 23:00:03.094276,-22.0,1.0,ontime
9000023_1767740100,train,9000023,2026-01-06 22:55:00,11300033,2026-01-06 23:05:03.094276,19.0,-14.0,ontime
9000023_1767740400,train,9000023,2026-01-06 23:00:00,11300069,2026-01-06 23:11:03.094276,-19.0,9.0,ontime
9000023_1767740700,train,9000023,2026-01-06 23:05:00,11300043,2026-01-06 23:15:03.094276,-8.0,-34.0,ontime
9000023_1767741000,train,9000023,2026-01-06 23:10:00,11300049,2026-01-06 23:20:03.094276,-11.0,-6.0,ontime
9000023_1767741300,train,9000023,2026-01-06 23:15:00,11300013,2026-01-06 23:26:03.094276,10.0,-33.0,ontime
9000023_1767741600,train,9000023,2026-01-06 23:20:00,11300019,2026-01-06 23:30:03.094276,14.0,33.0,ontime
9000023_1767741900,train,9000023,2026-01-06 23:25:00,11300001,2026-01-06 23:35:03.094276,9.0,61.0,ontime
9000023_1767742200,train,9000023,2026-01-06 23:30:00,11300077,2026-01-06 23:41:03.094276,20.0,-12.0,ontime
9000023_1767742500,train,9000023,2026-01-06 23:35:00,11300056,2026-01-06 23:45:03.094276,-9.0,-28.0,ontime
9000023_1767742800,train,9000023,2026-01-06 23:40:00,11300054,2026-01-06 23:50:03.094276,4.0,13.0,ontime
9000023_1767743100,train,9000023,2026-01-06 23:45:00,11300000,2026-01-06 23:55:03.094276,10.0,5.0,ontime
9000023_1767743400,train,9000023,2026-01-06 23:50:00,11300080,2026-01-07 00:00:03.094276,57.0,13.0,ontime
9000023_1767743700,train,9000023,2026-01-06 23:55:00,11300022,2026-01-07 00:05:03.094276,-22.0,16.0,ontime
9000023_1767744600,train,9000023,2026-01-07 00:10:00,11300006,2026-01-07 00:23:03.094276,-4.0,-14.0,ontime
9000024_1767669600,train,9000024,2026-01-06 03:20:00,11400041,2026-01-06 03:33:30.113363,0.0,55.0,ontime
9000024_1767669900,train,9000024,2026-01-06 03:25:00,11400115,2026-01-06 03:35:30.113363,0.0,51.0,ontime
9000024_1767670200,train,9000024,2026-01-06 03:30:00,11400105,2026-01-06 03:40:30.113363,0.0,92.0,ontime
9000024_1767670500,train,9000024,2026-01-06 03:35:00,11400106,2026-01-06 03:46:30.113363,12.0,25.0,ontime
9000024_1767670800,train,9000024,2026-01-06 03:40:00,11400002,2026-01-06 03:50:30.113363,92.0,81.0,ontime
9000024_1767671100,train,9000024,2026-01-06 03:45:00,11400100,2026-01-06 03:55:30.113363,51.0,40.0,ontime
9000024_1767671400,train,9000024,2026-01-06 03:50:00,11400093,2026-01-06 04:00:30.113363,50.0,83.0,ontime
9000024_1767671700,train,9000024,2026-01-06 03:55:00,11400096,2026-01-06 04:05:30.113363,89.0,-15.0,ontime
9000024_1767672000,train,9000024,2026-01-06 04:00:00,11400166,2026-01-06 04:10:30.113363,47.0,-136.0,early
9000024_1767672300,train,9000024,2026-01-06 04:05:00,11400094,2026-01-06 04:15:30.113363,-61.0,-112.0,early
9000024_1767672600,train,9000024,2026-01-06 04:10:00,11400031,2026-01-06 04:20:30.113363,-74.0,-146.0,early
9000024_1767672900,train,9000024,2026-01-06 04:15:00,11400223,2026-01-06 04:26:30.113363,-155.0,42.0,ontime
9000024_1767673200,train,9000024,2026-01-06 04:20:00,11400244,2026-01-06 04:30:30.113363,-71.0,159.0,late
9000024_1767673500,train,9000024,2026-01-06 04:25:00,11400033,2026-01-06 04:36:30.113363,77.0,54.0,ontime
9000024_1767673800,train,9000024,2026-01-06 04:30:00,11400134,2026-01-06 04:40:30.113363,165.0,160.0,late
9000024_1767674100,train,9000024,2026-01-06 04:35:00,11400112,2026-01-06 04:46:30.113363,137.0,110.0,ontime
9000024_1767674400,train,9000024,2026-01-06 04:40:00,11400110,2026-01-06 04:50:30.113363,106.0,64.0,ontime
9000024_1767674700,train,9000024,2026-01-06 04:45:00,11400111,2026-01-06 04:55:30.113363,91.0,108.0,ontime
9000024_1767675000,train,9000024,2026-01-06 04:50:00,11400293,2026-01-06 05:01:30.113363,131.0,315.0,late
9000024_1767675300,train,9000024,2026-01-06 04:55:00,11400243,2026-01-06 05:05:30.113363,62.0,229.0,late
9000024_1767675600,train,9000024,2026-01-06 05:00:00,11400258,2026-01-06 05:10:30.113363,304.0,182.0,late
9000024_1767675900,train,9000024,2026-01-06 05:05:00,11400304,2026-01-06 05:17:30.113363,296.0,-36.0,ontime
9000024_1767679500,train,9000024,2026-01-06 06:05:00,11400014,2026-01-06 06:15:30.113363,-36.0,3.0,ontime
9000024_1767679800,train,9000024,2026-01-06 06:10:00,11400073,2026-01-06 06:20:30.113363,-36.0,66.0,ontime
9000024_1767680100,train,9000024,2026-01-06 06:15:00,11400213,2026-01-06 06:25:30.113363,-36.0,-33.0,ontime
9000024_1767680400,train,9000024,2026-01-06 06:20:00,11400083,2026-01-06 06:30:30.113363,71.0,34.0,ontime
9000024_1767680700,train,9000024,2026-01-06 06:25:00,11400022,2026-01-06 06:35:30.113363,-46.0,63.0,ontime
9000024_1767681000,train,9000024,2026-01-06 06:30:00,11400084,2026-01-06 06:41:30.113363,-5.0,-7.0,ontime
9000024_1767681300,train,9000024,2026-01-06 06:35:00,11400234,2026-01-06 06:46:30.113363,94.0,-131.0,early
9000024_1767681600,train,9000024,2026-01-06 06:40:00,11400254,2026-01-06 06:50:30.113363,75.0,-89.0,early
9000024_1767681900,train,9000024,2026-01-06 06:45:00,11400279,2026-01-06 06:55:30.113363,-55.0,-153.0,early
9000024_1767682200,train,9000024,2026-01-06 06:50:00,11400194,2026-01-06 07:00:30.113363,-44.0,-161.0,early
9000024_1767682500,train,9000024,2026-01-06 06:55:00,11400039,2026-01-06 07:07:30.113363,-120.0,-235.0,early
9000024_1767682800,train,9000024,2026-01-06 07:00:00,11400047,2026-01-06 07:10:30.113363,-200.0,-178.0,early
9000024_1767683100,train,9000024,2026-01-06 07:05:00,11400013,2026-01-06 07:15:30.113363,-116.0,-75.0,early
9000024_1767683400,train,9000024,2026-01-06 07:10:00,11400306,2026-01-06 07:20:30.113363,-235.0,-68.0,early
9000024_1767683700,train,9000024,2026-01-06 07:15:00,11400222,2026-01-06 07:26:30.113363,-64.0,-108.0,early
9000024_1767684000,train,9000024,2026-01-06 07:20:00,11400058,2026-01-06 07:32:30.113363,-93.0,-85.0,early
9000024_1767684300,train,9000024,2026-01-06 07:25:00,11400148,2026-01-06 07:36:30.113363,-72.0,-71.0,early
9000024_1767684600,train,9000024,2026-01-06 07:30:00,11400087,2026-01-06 07:40:30.113363,-32.0,-27.0,ontime
9000024_1767684900,train,9000024,2026-01-06 07:35:00,11400277,2026-01-06 07:45:30.113363,-91.0,254.0,late
9000024_1767685200,train,9000024,2026-01-06 07:40:00,11400012,2026-01-06 07:51:30.113363,-35.0,274.0,late
9000024_1767685500,train,9000024,2026-01-06 07:45:00,11400172,2026-01-06 07:56:30.113363,110.0,218.0,late
9000024_1767685800,train,9000024,2026-01-06 07:50:00,11400302,2026-01-06 08:00:30.113363,263.0,282.0,late
9000024_1767697500,train,9000024,2026-01-06 11:05:00,11400300,2026-01-06 11:16:30.113363,282.0,88.0,ontime
9000024_1767697800,train,9000024,2026-01-06 11:10:00,11400313,2026-01-06 11:22:30.113363,282.0,162.0,late
9000024_1767698100,train,9000024,2026-01-06 11:15:00,11400256,2026-01-06 11:25:30.113363,282.0,126.0,late
9000024_1767698400,train,9000024,2026-01-06 11:20:00,11400191,2026-01-06 11:31:30.113363,252.0,60.0,ontime
9000024_1767698700,train,9000024,2026-01-06 11:25:00,11400288,2026-01-06 11:35:30.113363,124.0,64.0,ontime
9000024_1767699000,train,9000024,2026-01-06 11:30:00,11400186,2026-01-06 11:40:30.113363,90.0,35.0,ontime
9000024_1767699300,train,9000024,2026-01-06 11:35:00,11400249,2026-01-06 11:46:30.113363,20.0,-20.0,ontime
9000024_1767699600,train,9000024,2026-01-06 11:40:00,11400414,2026-01-06 11:51:30.113363,-3.0,-20.0,ontime
9000024_1767699900,train,9000024,2026-01-06 11:45:00,11400411,2026-01-06 11:55:30.113363,-23.0,-47.0,ontime
9000024_1767700200,train,9000024,2026-01-06 11:50:00,11400230,2026-01-06 12:00:30.113363,66.0,-111.0,early
9000024_1767700500,train,9000024,2026-01-06 11:55:00,11400416,2026-01-06 12:05:30.113363,-62.0,-105.0,early
9000024_1767700800,train,9000024,2026-01-06 12:00:00,11400049,2026-01-06 12:10:30.113363,-90.0,-158.0,early
9000024_1767701100,train,9000024,2026-01-06 12:05:00,11400137,2026-01-06 12:16:30.113363,-147.0,-164.0,early
9000024_1767701400,train,9000024,2026-01-06 12:10:00,11400450,2026-01-06 12:20:30.113363,-96.0,-59.0,ontime
9000024_1767701700,train,9000024,2026-01-06 12:15:00,11400248,2026-01-06 12:25:30.113363,-118.0,-47.0,ontime
9000024_1767702000,train,9000024,2026-01-06 12:20:00,11400448,2026-01-06 12:31:30.113363,16.0,-78.0,early
9000024_1767702300,train,9000024,2026-01-06 12:25:00,11400331,2026-01-06 12:37:30.113363,15.0,-123.0,early
9000024_1767702600,train,9000024,2026-01-06 12:30:00,11400446,2026-01-06 12:41:30.113363,-24.0,-176.0,early
9000024_1767702900,train,9000024,2026-01-06 12:35:00,11400063,2026-01-06 12:45:30.113363,-135.0,-178.0,early
9000024_1767703200,train,9000024,2026-01-06 12:40:00,11400441,2026-01-06 12:51:30.113363,-170.0,-26.0,ontime
9000024_1767703500,train,9000024,2026-01-06 12:45:00,11400447,2026-01-06 12:55:30.113363,-141.0,47.0,ontime
9000024_1767703800,train,9000024,2026-01-06 12:50:00,11400268,2026-01-06 13:00:30.113363,2.0,21.0,ontime
9000024_1767704100,train,9000024,2026-01-06 12:55:00,11400342,2026-01-06 13:05:30.113363,1.0,38.0,ontime
9000024_1767705300,train,9000024,2026-01-06 13:15:00,11400512,2026-01-06 13:28:30.113363,-19.0,57.0,ontime
9000024_1767705600,train,9000024,2026-01-06 13:20:00,11400388,2026-01-06 13:30:30.113363,-19.0,121.0,late
9000024_1767705900,train,9000024,2026-01-06 13:25:00,11400119,2026-01-06 13:35:30.113363,-19.0,218.0,late
9000024_1767706200,train,9000024,2026-01-06 13:30:00,11400508,2026-01-06 13:40:30.113363,109.0,164.0,late
9000024_1767706500,train,9000024,2026-01-06 13:35:00,11400053,2026-01-06 13:45:30.113363,146.0,84.0,ontime
9000024_1767706800,train,9000024,2026-01-06 13:40:00,11400505,2026-01-06 13:50:30.113363,174.0,314.0,late
9000024_1767707100,train,9000024,2026-01-06 13:45:00,11400217,2026-01-06 13:56:30.113363,77.0,203.0,late
9000024_1767707400,train,9000024,2026-01-06 13:50:00,11400507,2026-01-06 14:01:30.113363,267.0,33.0,ontime
9000024_1767707700,train,9000024,2026-01-06 13:55:00,11400152,2026-01-06 14:05:30.113363,218.0,-5.0,ontime
9000024_1767708000,train,9000024,2026-01-06 14:00:00,11400509,2026-01-06 14:10:30.113363,121.0,-82.0,early
9000024_1767708300,train,9000024,2026-01-06 14:05:00,11400118,2026-01-06 14:15:30.113363,20.0,-100.0,early
9000024_1767708600,train,9000024,2026-01-06 14:10:00,11400140,2026-01-06 14:22:30.113363,-30.0,-44.0,ontime
9000024_1767708900,train,9000024,2026-01-06 14:15:00,11400139,2026-01-06 14:25:30.113363,-75.0,-51.0,ontime
9000024_1767709200,train,9000024,2026-01-06 14:20:00,11400485,2026-01-06 14:30:30.113363,-47.0,-8.0,ontime
9000024_1767709500,train,9000024,2026-01-06 14:25:00,11400499,2026-01-06 14:35:30.113363,-44.0,-84.0,early
9000024_1767709800,train,9000024,2026-01-06 14:30:00,11400260,2026-01-06 14:41:30.113363,-26.0,-80.0,early
9000024_1767710100,train,9000024,2026-01-06 14:35:00,11400275,2026-01-06 14:46:30.113363,-67.0,-191.0,early
9000024_1767710400,train,9000024,2026-01-06 14:40:00,11400511,2026-01-06 14:50:30.113363,-102.0,-140.0,early
9000024_1767710700,train,9000024,2026-01-06 14:45:00,11400491,2026-01-06 14:56:30.113363,-130.0,-152.0,early
9000024_1767711000,train,9000024,2026-01-06 14:50:00,11400481,2026-01-06 15:00:30.113363,-136.0,-19.0,ontime
9000024_1767711300,train,9000024,2026-01-06 14:55:00,11400496,2026-01-06 15:05:30.113363,-125.0,-41.0,ontime
9000024_1767711600,train,9000024,2026-01-06 15:00:00,11400490,2026-01-06 15:10:30.113363,-38.0,-2.0,ontime
9000024_1767711900,train,9000024,2026-01-06 15:05:00,11400488,2026-01-06 15:16:30.113363,50.0,38.0,ontime
9000024_1767714600,train,9000024,2026-01-06 15:50:00,11400080,2026-01-06 16:02:30.113363,55.0,87.0,ontime
9000024_1767714900,train,9000024,2026-01-06 15:55:00,11400202,2026-01-06 16:05:30.113363,55.0,150.0,late
9000024_1767715200,train,9000024,2026-01-06 16:00:00,11400211,2026-01-06 16:10:30.113363,55.0,43.0,ontime
9000024_1767715500,train,9000024,2026-01-06 16:05:00,11400144,2026-01-06 16:17:30.113363,114.0,67.0,ontime
9000024_1767715800,train,9000024,2026-01-06 16:10:00,11400381,2026-01-06 16:20:30.113363,66.0,65.0,ontime
9000024_1767716100,train,9000024,2026-01-06 16:15:00,11400117,2026-01-06 16:26:30.113363,90.0,150.0,late
9000024_1767716400,train,9000024,2026-01-06 16:20:00,11400168,2026-01-06 16:30:30.113363,115.0,139.0,late
9000024_1767716700,train,9000024,2026-01-06 16:25:00,11400377,2026-01-06 16:35:30.113363,103.0,-10.0,ontime
9000024_1767717000,train,9000024,2026-01-06 16:30:00,11400384,2026-01-06 16:41:30.113363,218.0,-76.0,early
9000024_1767717300,train,9000024,2026-01-06 16:35:00,11400046,2026-01-06 16:45:30.113363,99.0,-201.0,early
9000024_1767717600,train,9000024,2026-01-06 16:40:00,11400173,2026-01-06 16:50:30.113363,-89.0,-136.0,early
9000024_1767717900,train,9000024,2026-01-06 16:45:00,11400517,2026-01-06 16:56:30.113363,-162.0,-80.0,early
9000024_1767718200,train,9000024,2026-01-06 16:50:00,11400515,2026-01-06 17:00:30.113363,-113.0,-116.0,early
9000024_1767718500,train,9000024,2026-01-06 16:55:00,11400176,2026-01-06 17:06:30.113363,-7.0,-179.0,early
9000024_1767718800,train,9000024,2026-01-06 17:00:00,11400445,2026-01-06 17:11:30.113363,-77.0,-140.0,early
9000024_1767719100,train,9000024,2026-01-06 17:05:00,11400347,2026-01-06 17:15:30.113363,-130.0,-76.0,early
9000024_1767719400,train,9000024,2026-01-06 17:10:00,11400459,2026-01-06 17:20:30.113363,-111.0,-194.0,early
9000024_1767719700,train,9000024,2026-01-06 17:15:00,11400460,2026-01-06 17:25:30.113363,-119.0,-191.0,early
9000024_1767720000,train,9000024,2026-01-06 17:20:00,11400453,2026-01-06 17:30:30.113363,-122.0,-234.0,early
9000024_1767720300,train,9000024,2026-01-06 17:25:00,11400315,2026-01-06 17:35:30.113363,-165.0,-48.0,ontime
9000024_1767720600,train,9000024,2026-01-06 17:30:00,11400455,2026-01-06 17:40:30.113363,-185.0,8.0,ontime
9000024_1767720900,train,9000024,2026-01-06 17:35:00,11400519,2026-01-06 17:45:30.113363,-130.0,5.0,ontime
9000024_1767721200,train,9000024,2026-01-06 17:40:00,11400069,2026-01-06 17:50:30.113363,66.0,41.0,ontime
9000024_1767723900,train,9000024,2026-01-06 18:25:00,11400285,2026-01-06 18:38:30.113363,30.0,126.0,late
9000024_1767724200,train,9000024,2026-01-06 18:30:00,11400516,2026-01-06 18:40:30.113363,30.0,113.0,ontime
9000024_1767724500,train,9000024,2026-01-06 18:35:00,11400206,2026-01-06 18:45:30.113363,30.0,210.0,late
9000024_1767724800,train,9000024,2026-01-06 18:40:00,11400029,2026-01-06 18:51:30.113363,115.0,217.0,late
9000024_1767725100,train,9000024,2026-01-06 18:45:00,11400145,2026-01-06 18:55:30.113363,225.0,265.0,late
9000024_1767725400,train,9000024,2026-01-06 18:50:00,11400463,2026-01-06 19:00:30.113363,170.0,330.0,late
9000024_1767725700,train,9000024,2026-01-06 18:55:00,11400464,2026-01-06 19:05:30.113363,224.0,188.0,late
9000024_1767726000,train,9000024,2026-01-06 19:00:00,11400266,2026-01-06 19:10:30.113363,332.0,116.0,ontime
9000024_1767726300,train,9000024,2026-01-06 19:05:00,11400034,2026-01-06 19:15:30.113363,286.0,-9.0,ontime
9000024_1767726600,train,9000024,2026-01-06 19:10:00,11400467,2026-01-06 19:20:30.113363,153.0,-11.0,ontime
9000024_1767726900,train,9000024,2026-01-06 19:15:00,11400207,2026-01-06 19:25:30.113363,13.0,8.0,ontime
9000024_1767727200,train,9000024,2026-01-06 19:20:00,11400367,2026-01-06 19:31:30.113363,4.0,-8.0,ontime
9000024_1767727500,train,9000024,2026-01-06 19:25:00,11400004,2026-01-06 19:35:30.113363,3.0,12.0,ontime
9000024_1767727800,train,9000024,2026-01-06 19:30:00,11400351,2026-01-06 19:41:30.113363,-15.0,16.0,ontime
9000024_1767728100,train,9000024,2026-01-06 19:35:00,11400025,2026-01-06 19:45:30.113363,60.0,38.0,ontime
9000024_1767728400,train,9000024,2026-01-06 19:40:00,11400219,2026-01-06 19:51:30.113363,65.0,-87.0,early
9000024_1767728700,train,9000024,2026-01-06 19:45:00,11400273,2026-01-06 19:55:30.113363,57.0,-109.0,early
9000024_1767729000,train,9000024,2026-01-06 19:50:00,11400353,2026-01-06 20:00:30.113363,12.0,18.0,ontime
9000024_1767729300,train,9000024,2026-01-06 19:55:00,11400362,2026-01-06 20:05:30.113363,-52.0,243.0,late
9000024_1767729600,train,9000024,2026-01-06 20:00:00,11400316,2026-01-06 20:10:30.113363,-7.0,188.0,late
9000024_1767729900,train,9000024,2026-01-06 20:05:00,11400354,2026-01-06 20:15:30.113363,108.0,204.0,late
9000024_1767732000,train,9000024,2026-01-06 20:40:00,11400133,2026-01-06 20:52:30.113363,206.0,80.0,ontime
9000024_1767732300,train,9000024,2026-01-06 20:45:00,11400242,2026-01-06 20:55:30.113363,206.0,165.0,late
9000024_1767732600,train,9000024,2026-01-06 20:50:00,11400387,2026-01-06 21:00:30.113363,206.0,86.0,ontime
9000024_1767732900,train,9000024,2026-01-06 20:55:00,11400524,2026-01-06 21:05:30.113363,65.0,-13.0,ontime
9000024_1767733200,train,9000024,2026-01-06 21:00:00,11400396,2026-01-06 21:10:30.113363,52.0,72.0,ontime
9000024_1767733500,train,9000024,2026-01-06 21:05:00,11400328,2026-01-06 21:15:30.113363,45.0,24.0,ontime
9000024_1767733800,train,9000024,2026-01-06 21:10:00,11400330,2026-01-06 21:22:30.113363,27.0,-79.0,early
9000024_1767734100,train,9000024,2026-01-06 21:15:00,11400303,2026-01-06 21:26:30.113363,48.0,-89.0,early
9000024_1767734400,train,9000024,2026-01-06 21:20:00,11400320,2026-01-06 21:31:30.113363,-45.0,-236.0,early
9000024_1767734700,train,9000024,2026-01-06 21:25:00,11400127,2026-01-06 21:35:30.113363,-81.0,-125.0,early
9000024_1767735000,train,9000024,2026-01-06 21:30:00,11400419,2026-01-06 21:42:30.113363,-157.0,-88.0,early
9000024_1767735300,train,9000024,2026-01-06 21:35:00,11400413,2026-01-06 21:45:30.113363,-122.0,-111.0,early
9000024_1767735600,train,9000024,2026-01-06 21:40:00,11400423,2026-01-06 21:50:30.113363,-30.0,-148.0,early
9000024_1767735900,train,9000024,2026-01-06 21:45:00,11400072,2026-01-06 21:55:30.113363,-88.0,-209.0,early
9000024_1767736200,train,9000024,2026-01-06 21:50:00,11400427,2026-01-06 22:00:30.113363,-150.0,-96.0,early
9000024_1767736500,train,9000024,2026-01-06 21:55:00,11400430,2026-01-06 22:05:30.113363,-141.0,75.0,ontime
9000024_1767736800,train,9000024,2026-01-06 22:00:00,11400434,2026-01-06 22:10:30.113363,-118.0,29.0,ontime
9000024_1767737100,train,9000024,2026-01-06 22:05:00,11400401,2026-01-06 22:15:30.113363,-74.0,130.0,late
9000024_1767737400,train,9000024,2026-01-06 22:10:00,11400192,2026-01-06 22:20:30.113363,-27.0,78.0,ontime
9000024_1767737700,train,9000024,2026-01-06 22:15:00,11400409,2026-01-06 22:25:30.113363,107.0,59.0,ontime
9000024_1767738000,train,9000024,2026-01-06 22:20:00,11400294,2026-01-06 22:30:30.113363,101.0,81.0,ontime
9000025_1767668700,train,9000025,2026-01-06 03:05:00,11500041,2026-01-06 03:17:26.240318,0.0,10.0,ontime
9000025_1767669000,train,9000025,2026-01-06 03:10:00,11500095,2026-01-06 03:20:26.240318,0.0,67.0,ontime
9000025_1767669300,train,9000025,2026-01-06 03:15:00,11500027,2026-01-06 03:25:26.240318,0.0,80.0,ontime
9000025_1767669600,train,9000025,2026-01-06 03:20:00,11500106,2026-01-06 03:30:26.240318,52.0,24.0,ontime
9000025_1767669900,train,9000025,2026-01-06 03:25:00,11500017,2026-01-06 03:35:26.240318,82.0,55.0,ontime
9000025_1767670200,train,9000025,2026-01-06 03:30:00,11500102,2026-01-06 03:40:26.240318,16.0,41.0,ontime
9000025_1767670500,train,9000025,2026-01-06 03:35:00,11500028,2026-01-06 03:47:26.240318,38.0,-34.0,ontime
9000025_1767670800,train,9000025,2026-01-06 03:40:00,11500125,2026-01-06 03:51:26.240318,53.0,-45.0,ontime
9000025_1767671100,train,9000025,2026-01-06 03:45:00,11500008,2026-01-06 03:56:26.240318,22.0,-157.0,early
9000025_1767671400,train,9000025,2026-01-06 03:50:00,11500098,2026-01-06 04:00:26.240318,-38.0,-88.0,early
9000025_1767671700,train,9000025,2026-01-06 03:55:00,11500210,2026-01-06 04:07:26.240318,-72.0,75.0,ontime
9000025_1767672000,train,9000025,2026-01-06 04:00:00,11500223,2026-01-06 04:10:26.240318,-104.0,88.0,ontime
9000025_1767672300,train,9000025,2026-01-06 04:05:00,11500245,2026-01-06 04:15:26.240318,-95.0,138.0,late
9000025_1767672600,train,9000025,2026-01-06 04:10:00,11500033,2026-01-06 04:20:26.240318,75.0,61.0,ontime
9000025_1767672900,train,9000025,2026-01-06 04:15:00,11500150,2026-01-06 04:25:26.240318,137.0,161.0,late
9000025_1767673200,train,9000025,2026-01-06 04:20:00,11500112,2026-01-06 04:30:26.240318,152.0,135.0,late
9000025_1767673500,train,9000025,2026-01-06 04:25:00,11500074,2026-01-06 04:35:26.240318,174.0,28.0,ontime
9000025_1767673800,train,9000025,2026-01-06 04:30:00,11500089,2026-01-06 04:40:26.240318,106.0,210.0,late
9000025_1767674100,train,9000025,2026-01-06 04:35:00,11500293,2026-01-06 04:45:26.240318,62.0,293.0,late
9000025_1767674400,train,9000025,2026-01-06 04:40:00,11500250,2026-01-06 04:50:26.240318,141.0,228.0,late
9000025_1767674700,train,9000025,2026-01-06 04:45:00,11500270,2026-01-06 04:56:26.240318,342.0,160.0,late
9000025_1767675000,train,9000025,2026-01-06 04:50:00,11500304,2026-01-06 05:01:26.240318,251.0,-52.0,ontime
9000025_1767678300,train,9000025,2026-01-06 05:45:00,11500014,2026-01-06 05:59:26.240318,-52.0,4.0,ontime
9000025_1767678600,train,9000025,2026-01-06 05:50:00,11500010,2026-01-06 06:00:26.240318,-52.0,30.0,ontime
9000025_1767678900,train,9000025,2026-01-06 05:55:00,11500177,2026-01-06 06:05:26.240318,-52.0,18.0,ontime
9000025_1767679200,train,9000025,2026-01-06 06:00:00,11500212,2026-01-06 06:10:26.240318,4.0,-60.0,ontime
9000025_1767679500,train,9000025,2026-01-06 06:05:00,11500124,2026-01-06 06:15:26.240318,43.0,23.0,ontime
9000025_1767679800,train,9000025,2026-01-06 06:10:00,11500071,2026-01-06 06:21:26.240318,-21.0,37.0,ontime
9000025_1767680100,train,9000025,2026-01-06 06:15:00,11500084,2026-01-06 06:25:26.240318,-9.0,-38.0,ontime
9000025_1767680400,train,9000025,2026-01-06 06:20:00,11500234,2026-01-06 06:30:26.240318,63.0,-94.0,early
9000025_1767680700,train,9000025,2026-01-06 06:25:00,11500257,2026-01-06 06:36:26.240318,42.0,-111.0,early
9000025_1767681000,train,9000025,2026-01-06 06:30:00,11500282,2026-01-06 06:40:26.240318,-43.0,-178.0,early
9000025_1767681300,train,9000025,2026-01-06 06:35:00,11500201,2026-01-06 06:45:26.240318,-86.0,-169.0,early
9000025_1767681600,train,9000025,2026-01-06 06:40:00,11500039,2026-01-06 06:51:26.240318,-157.0,-190.0,early
9000025_1767681900,train,9000025,2026-01-06 06:45:00,11500126,2026-01-06 06:55:26.240318,-175.0,-145.0,early
9000025_1767682200,train,9000025,2026-01-06 06:50:00,11500007,2026-01-06 07:01:26.240318,-105.0,-131.0,early
9000025_1767682500,train,9000025,2026-01-06 06:55:00,11500000,2026-01-06 07:06:26.240318,-165.0,-177.0,early
9000025_1767682800,train,9000025,2026-01-06 07:00:00,11500222,2026-01-06 07:10:26.240318,-71.0,-101.0,early
9000025_1767683100,train,9000025,2026-01-06 07:05:00,11500058,2026-01-06 07:16:26.240318,-108.0,-108.0,early
9000025_1767683400,train,9000025,2026-01-06 07:10:00,11500148,2026-01-06 07:20:26.240318,-60.0,-78.0,early
9000025_1767683700,train,9000025,2026-01-06 07:15:00,11500155,2026-01-06 07:25:26.240318,-66.0,30.0,ontime
9000025_1767684000,train,9000025,2026-01-06 07:20:00,11500283,2026-01-06 07:31:26.240318,-68.0,269.0,late
9000025_1767684300,train,9000025,2026-01-06 07:25:00,11500012,2026-01-06 07:35:26.240318,-10.0,280.0,late
9000025_1767684600,train,9000025,2026-01-06 07:30:00,11500172,2026-01-06 07:40:26.240318,263.0,213.0,late
9000025_1767696600,train,9000025,2026-01-06 10:50:00,11500300,2026-01-06 11:00:26.240318,307.0,95.0,ontime
9000025_1767696900,train,9000025,2026-01-06 10:55:00,11500313,2026-01-06 11:06:26.240318,307.0,142.0,late
9000025_1767697200,train,9000025,2026-01-06 11:00:00,11500267,2026-01-06 11:11:26.240318,307.0,141.0,late
9000025_1767697500,train,9000025,2026-01-06 11:05:00,11500191,2026-01-06 11:15:26.240318,260.0,33.0,ontime
9000025_1767697800,train,9000025,2026-01-06 11:10:00,11500424,2026-01-06 11:20:26.240318,113.0,13.0,ontime
9000025_1767698100,train,9000025,2026-01-06 11:15:00,11500188,2026-01-06 11:25:26.240318,122.0,38.0,ontime
9000025_1767698400,train,9000025,2026-01-06 11:20:00,11500249,2026-01-06 11:30:26.240318,75.0,-55.0,ontime
9000025_1767698700,train,9000025,2026-01-06 11:25:00,11500414,2026-01-06 11:35:26.240318,54.0,-28.0,ontime
9000025_1767699000,train,9000025,2026-01-06 11:30:00,11500338,2026-01-06 11:40:26.240318,-1.0,-79.0,early
9000025_1767699300,train,9000025,2026-01-06 11:35:00,11500343,2026-01-06 11:46:26.240318,48.0,-89.0,early
9000025_1767699600,train,9000025,2026-01-06 11:40:00,11500332,2026-01-06 11:50:26.240318,-94.0,-74.0,early
9000025_1767699900,train,9000025,2026-01-06 11:45:00,11500335,2026-01-06 11:57:26.240318,-78.0,-76.0,early
9000025_1767700200,train,9000025,2026-01-06 11:50:00,11500137,2026-01-06 12:00:26.240318,-72.0,-148.0,early
9000025_1767700500,train,9000025,2026-01-06 11:55:00,11500337,2026-01-06 12:05:26.240318,-127.0,-23.0,ontime
9000025_1767700800,train,9000025,2026-01-06 12:00:00,11500154,2026-01-06 12:10:26.240318,-76.0,-37.0,ontime
9000025_1767701100,train,9000025,2026-01-06 12:05:00,11500448,2026-01-06 12:15:26.240318,-51.0,-106.0,early
9000025_1767701400,train,9000025,2026-01-06 12:10:00,11500331,2026-01-06 12:21:26.240318,-61.0,-156.0,early
9000025_1767701700,train,9000025,2026-01-06 12:15:00,11500446,2026-01-06 12:25:26.240318,0.0,-150.0,early
9000025_1767702000,train,9000025,2026-01-06 12:20:00,11500246,2026-01-06 12:30:26.240318,-162.0,-112.0,early
9000025_1767702300,train,9000025,2026-01-06 12:25:00,11500441,2026-01-06 12:35:26.240318,-117.0,-7.0,ontime
9000025_1767702600,train,9000025,2026-01-06 12:30:00,11500340,2026-01-06 12:41:26.240318,-148.0,25.0,ontime
9000025_1767702900,train,9000025,2026-01-06 12:35:00,11500276,2026-01-06 12:46:26.240318,-10.0,4.0,ontime
9000025_1767703200,train,9000025,2026-01-06 12:40:00,11500514,2026-01-06 12:50:26.240318,-13.0,-18.0,ontime
9000025_1767704400,train,9000025,2026-01-06 13:00:00,11500512,2026-01-06 13:12:26.240318,-18.0,73.0,ontime
9000025_1767704700,train,9000025,2026-01-06 13:05:00,11500054,2026-01-06 13:15:26.240318,-18.0,166.0,late
9000025_1767705000,train,9000025,2026-01-06 13:10:00,11500136,2026-01-06 13:20:26.240318,-18.0,159.0,late
9000025_1767705300,train,9000025,2026-01-06 13:15:00,11500506,2026-01-06 13:27:26.240318,119.0,117.0,ontime
9000025_1767705600,train,9000025,2026-01-06 13:20:00,11500076,2026-01-06 13:30:26.240318,168.0,102.0,ontime
9000025_1767705900,train,9000025,2026-01-06 13:25:00,11500203,2026-01-06 13:36:26.240318,177.0,280.0,late
9000025_1767706200,train,9000025,2026-01-06 13:30:00,11500217,2026-01-06 13:40:26.240318,109.0,155.0,late
9000025_1767706500,train,9000025,2026-01-06 13:35:00,11500507,2026-01-06 13:45:26.240318,285.0,14.0,ontime
9000025_1767706800,train,9000025,2026-01-06 13:40:00,11500233,2026-01-06 13:51:26.240318,236.0,-43.0,ontime
9000025_1767707100,train,9000025,2026-01-06 13:45:00,11500501,2026-01-06 13:55:26.240318,128.0,-74.0,early
9000025_1767707400,train,9000025,2026-01-06 13:50:00,11500130,2026-01-06 14:00:26.240318,-16.0,-86.0,early
9000025_1767707700,train,9000025,2026-01-06 13:55:00,11500140,2026-01-06 14:06:26.240318,-54.0,12.0,ontime
9000025_1767708000,train,9000025,2026-01-06 14:00:00,11500151,2026-01-06 14:10:26.240318,-100.0,-18.0,ontime
9000025_1767708300,train,9000025,2026-01-06 14:05:00,11500498,2026-01-06 14:16:26.240318,-17.0,-81.0,early
9000025_1767708600,train,9000025,2026-01-06 14:10:00,11500291,2026-01-06 14:21:26.240318,-36.0,-117.0,early
9000025_1767708900,train,9000025,2026-01-06 14:15:00,11500260,2026-01-06 14:25:26.240318,-39.0,-71.0,early
9000025_1767709200,train,9000025,2026-01-06 14:20:00,11500275,2026-01-06 14:30:26.240318,-80.0,-206.0,early
9000025_1767709500,train,9000025,2026-01-06 14:25:00,11500489,2026-01-06 14:35:26.240318,-111.0,-120.0,early
9000025_1767709800,train,9000025,2026-01-06 14:30:00,11500491,2026-01-06 14:40:26.240318,-120.0,-148.0,early
9000025_1767710100,train,9000025,2026-01-06 14:35:00,11500492,2026-01-06 14:45:26.240318,-150.0,-5.0,ontime
9000025_1767710400,train,9000025,2026-01-06 14:40:00,11500209,2026-01-06 14:50:26.240318,-145.0,-40.0,ontime
9000025_1767710700,train,9000025,2026-01-06 14:45:00,11500486,2026-01-06 14:55:26.240318,-12.0,-22.0,ontime
9000025_1767711000,train,9000025,2026-01-06 14:50:00,11500488,2026-01-06 15:00:26.240318,-19.0,-5.0,ontime
9000025_1767713700,train,9000025,2026-01-06 15:35:00,11500080,2026-01-06 15:46:26.240318,90.0,82.0,ontime
9000025_1767714000,train,9000025,2026-01-06 15:40:00,11500167,2026-01-06 15:52:26.240318,90.0,72.0,ontime
9000025_1767714300,train,9000025,2026-01-06 15:45:00,11500218,2026-01-06 15:55:26.240318,90.0,34.0,ontime
9000025_1767714600,train,9000025,2026-01-06 15:50:00,11500144,2026-01-06 16:01:26.240318,161.0,41.0,ontime
9000025_1767714900,train,9000025,2026-01-06 15:55:00,11500382,2026-01-06 16:05:26.240318,47.0,138.0,late
9000025_1767715200,train,9000025,2026-01-06 16:00:00,11500117,2026-01-06 16:10:26.240318,62.0,169.0,late
9000025_1767715500,train,9000025,2026-01-06 16:05:00,11500232,2026-01-06 16:16:26.240318,114.0,90.0,ontime
9000025_1767715800,train,9000025,2026-01-06 16:10:00,11500378,2026-01-06 16:21:26.240318,125.0,-45.0,ontime
9000025_1767716100,train,9000025,2026-01-06 16:15:00,11500384,2026-01-06 16:25:26.240318,163.0,-109.0,early
9000025_1767716400,train,9000025,2026-01-06 16:20:00,11500062,2026-01-06 16:30:26.240318,22.0,-107.0,early
9000025_1767716700,train,9000025,2026-01-06 16:25:00,11500135,2026-01-06 16:35:26.240318,-83.0,-70.0,early
9000025_1767717000,train,9000025,2026-01-06 16:30:00,11500517,2026-01-06 16:40:26.240318,-182.0,-88.0,early
9000025_1767717300,train,9000025,2026-01-06 16:35:00,11500522,2026-01-06 16:46:26.240318,-147.0,-197.0,early
9000025_1767717600,train,9000025,2026-01-06 16:40:00,11500176,2026-01-06 16:50:26.240318,-58.0,-175.0,early
9000025_1767717900,train,9000025,2026-01-06 16:45:00,11500445,2026-01-06 16:55:26.240318,-119.0,-126.0,early
9000025_1767718200,train,9000025,2026-01-06 16:50:00,11500122,2026-01-06 17:01:26.240318,-130.0,-129.0,early
9000025_1767718500,train,9000025,2026-01-06 16:55:00,11500350,2026-01-06 17:07:26.240318,-45.0,-213.0,early
9000025_1767718800,train,9000025,2026-01-06 17:00:00,11500451,2026-01-06 17:11:26.240318,-53.0,-230.0,early
9000025_1767719100,train,9000025,2026-01-06 17:05:00,11500454,2026-01-06 17:15:26.240318,-209.0,-239.0,early
9000025_1767719400,train,9000025,2026-01-06 17:10:00,11500048,2026-01-06 17:21:26.240318,-164.0,5.0,ontime
9000025_1767719700,train,9000025,2026-01-06 17:15:00,11500346,2026-01-06 17:25:26.240318,-236.0,9.0,ontime
9000025_1767720000,train,9000025,2026-01-06 17:20:00,11500456,2026-01-06 17:30:26.240318,-58.0,2.0,ontime
9000025_1767720300,train,9000025,2026-01-06 17:25:00,11500114,2026-01-06 17:35:26.240318,14.0,67.0,ontime
9000025_1767723000,train,9000025,2026-01-06 18:10:00,11500285,2026-01-06 18:22:26.240318,27.0,141.0,late
9000025_1767723300,train,9000025,2026-01-06 18:15:00,11500064,2026-01-06 18:25:26.240318,27.0,217.0,late
9000025_1767723600,train,9000025,2026-01-06 18:20:00,11500162,2026-01-06 18:30:26.240318,27.0,209.0,late
9000025_1767723900,train,9000025,2026-01-06 18:25:00,11500029,2026-01-06 18:35:26.240318,168.0,213.0,late
9000025_1767724200,train,9000025,2026-01-06 18:30:00,11500164,2026-01-06 18:40:26.240318,172.0,268.0,late
9000025_1767724500,train,9000025,2026-01-06 18:35:00,11500247,2026-01-06 18:45:26.240318,167.0,322.0,late
9000025_1767724800,train,9000025,2026-01-06 18:40:00,11500475,2026-01-06 18:52:26.240318,266.0,147.0,late
9000025_1767725100,train,9000025,2026-01-06 18:45:00,11500465,2026-01-06 18:56:26.240318,330.0,47.0,ontime
9000025_1767725400,train,9000025,2026-01-06 18:50:00,11500057,2026-01-06 19:01:26.240318,235.0,-48.0,ontime
9000025_1767725700,train,9000025,2026-01-06 18:55:00,11500469,2026-01-06 19:05:26.240318,114.0,-61.0,early
9000025_1767726000,train,9000025,2026-01-06 19:00:00,11500369,2026-01-06 19:12:26.240318,-42.0,13.0,ontime
9000025_1767726300,train,9000025,2026-01-06 19:05:00,11500367,2026-01-06 19:15:26.240318,1.0,-29.0,ontime
9000025_1767726600,train,9000025,2026-01-06 19:10:00,11500036,2026-01-06 19:20:26.240318,10.0,68.0,ontime
9000025_1767726900,train,9000025,2026-01-06 19:15:00,11500351,2026-01-06 19:25:26.240318,13.0,25.0,ontime
9000025_1767727200,train,9000025,2026-01-06 19:20:00,11500059,2026-01-06 19:30:26.240318,95.0,5.0,ontime
9000025_1767727500,train,9000025,2026-01-06 19:25:00,11500219,2026-01-06 19:35:26.240318,97.0,-20.0,ontime
9000025_1767727800,train,9000025,2026-01-06 19:30:00,11500359,2026-01-06 19:40:26.240318,43.0,-77.0,early
9000025_1767728100,train,9000025,2026-01-06 19:35:00,11500356,2026-01-06 19:45:26.240318,-12.0,21.0,ontime
9000025_1767728400,train,9000025,2026-01-06 19:40:00,11500363,2026-01-06 19:50:26.240318,-96.0,236.0,late
9000025_1767728700,train,9000025,2026-01-06 19:45:00,11500284,2026-01-06 19:55:26.240318,32.0,156.0,late
9000025_1767729000,train,9000025,2026-01-06 19:50:00,11500355,2026-01-06 20:00:26.240318,253.0,215.0,late
9000025_1767731100,train,9000025,2026-01-06 20:25:00,11500133,2026-01-06 20:36:26.240318,201.0,55.0,ontime
9000025_1767731400,train,9000025,2026-01-06 20:30:00,11500321,2026-01-06 20:41:26.240318,201.0,118.0,ontime
9000025_1767731700,train,9000025,2026-01-06 20:35:00,11500520,2026-01-06 20:46:26.240318,201.0,39.0,ontime
9000025_1767732000,train,9000025,2026-01-06 20:40:00,11500392,2026-01-06 20:51:26.240318,186.0,25.0,ontime
9000025_1767732300,train,9000025,2026-01-06 20:45:00,11500082,2026-01-06 20:55:26.240318,76.0,77.0,ontime
9000025_1767732600,train,9000025,2026-01-06 20:50:00,11500390,2026-01-06 21:00:26.240318,-22.0,47.0,ontime
9000025_1767732900,train,9000025,2026-01-06 20:55:00,11500330,2026-01-06 21:06:26.240318,59.0,-68.0,early
9000025_1767733200,train,9000025,2026-01-06 21:00:00,11500303,2026-01-06 21:10:26.240318,8.0,-111.0,early
9000025_1767733500,train,9000025,2026-01-06 21:05:00,11500320,2026-01-06 21:15:26.240318,-42.0,-195.0,early
9000025_1767733800,train,9000025,2026-01-06 21:10:00,11500323,2026-01-06 21:20:26.240318,-115.0,-12.0,ontime
9000025_1767734100,train,9000025,2026-01-06 21:15:00,11500419,2026-01-06 21:26:26.240318,-180.0,-89.0,early
9000025_1767734400,train,9000025,2026-01-06 21:20:00,11500417,2026-01-06 21:30:26.240318,-110.0,-139.0,early
9000025_1767734700,train,9000025,2026-01-06 21:25:00,11500425,2026-01-06 21:35:26.240318,-84.0,-182.0,early
9000025_1767735000,train,9000025,2026-01-06 21:30:00,11500113,2026-01-06 21:40:26.240318,-139.0,-156.0,early
9000025_1767735300,train,9000025,2026-01-06 21:35:00,11500429,2026-01-06 21:46:26.240318,-144.0,-82.0,early
9000025_1767735600,train,9000025,2026-01-06 21:40:00,11500431,2026-01-06 21:50:26.240318,-220.0,39.0,ontime
9000025_1767735900,train,9000025,2026-01-06 21:45:00,11500020,2026-01-06 21:56:26.240318,-63.0,18.0,ontime
9000025_1767736200,train,9000025,2026-01-06 21:50:00,11500402,2026-01-06 22:00:26.240318,54.0,122.0,late
9000025_1767736500,train,9000025,2026-01-06 21:55:00,11500142,2026-01-06 22:05:26.240318,-3.0,77.0,ontime
9000025_1767736800,train,9000025,2026-01-06 22:00:00,11500428,2026-01-06 22:11:26.240318,89.0,55.0,ontime
9000025_1767737100,train,9000025,2026-01-06 22:05:00,11500436,2026-01-06 22:15:26.240318,114.0,71.0,ontime
129964_1767665100,test,129964,2026-01-06 02:05:00,53700336299,2026-01-06 02:18:00,0.0,-45.0,ontime
129964_1767665400,test,129964,2026-01-06 02:10:00,53700336296,2026-01-06 02:21:00,0.0,-37.0,ontime
129964_1767665700,test,129964,2026-01-06 02:15:00,53700336291,2026-01-06 02:27:00,0.0,-63.0,early
129964_1767666000,test,129964,2026-01-06 02:20:00,53700336288,2026-01-06 02:31:00,-58.0,-113.0,early
129964_1767666300,test,129964,2026-01-06 02:25:00,53700336282,2026-01-06 02:36:00,-49.0,-3.0,ontime
131672_1767666900,test,131672,2026-01-06 02:35:00,53700172789,2026-01-06 02:50:00,0.0,79.0,ontime
131672_1767667200,test,131672,2026-01-06 02:40:00,53700172785,2026-01-06 02:51:00,0.0,79.0,ontime
131672_1767667500,test,131672,2026-01-06 02:45:00,53700172782,2026-01-06 02:56:00,0.0,212.0,late
131672_1767667800,test,131672,2026-01-06 02:50:00,53700172779,2026-01-06 03:02:00,79.0,312.0,late
131672_1767668100,test,131672,2026-01-06 02:55:00,53700172773,2026-01-06 03:08:00,212.0,273.0,late
129964_1767668400,test,129964,2026-01-06 03:00:00,53700336258,2026-01-06 03:11:00,-21.0,-26.0,ontime
131672_1767668400,test,131672,2026-01-06 03:00:00,53700172767,2026-01-06 03:12:00,266.0,220.0,late
134040_1767668400,test,134040,2026-01-06 03:00:00,53698328426,2026-01-06 03:11:00,0.0,71.0,ontime
134040_1767668700,test,134040,2026-01-06 03:05:00,53698328412,2026-01-06 03:16:00,77.0,136.0,late
131672_1767668700,test,131672,2026-01-06 03:05:00,53700172763,2026-01-06 03:18:00,317.0,407.0,late
129964_1767669000,test,129964,2026-01-06 03:10:00,53700336306,2026-01-06 03:21:00,-86.0,-51.0,ontime
134040_1767669000,test,134040,2026-01-06 03:10:00,53698328416,2026-01-06 03:21:00,71.0,119.0,ontime
131672_1767669000,test,131672,2026-01-06 03:10:00,53700172766,2026-01-06 03:21:00,241.0,408.0,late
129964_1767669300,test,129964,2026-01-06 03:15:00,53700336346,2026-01-06 03:26:00,-39.0,-40.0,ontime
134040_1767669300,test,134040,2026-01-06 03:15:00,53698328431,2026-01-06 03:26:00,149.0,151.0,late
131672_1767669300,test,131672,2026-01-06 03:15:00,53700172778,2026-01-06 03:26:00,374.0,322.0,late
131672_1767669600,test,131672,2026-01-06 03:20:00,53700172792,2026-01-06 03:31:00,412.0,294.0,late
134040_1767669600,test,134040,2026-01-06 03:20:00,53698328417,2026-01-06 03:32:00,113.0,128.0,late
129964_1767669600,test,129964,2026-01-06 03:20:00,53700336342,2026-01-06 03:32:00,-39.0,-21.0,ontime
129964_1767669900,test,129964,2026-01-06 03:25:00,53700336337,2026-01-06 03:36:00,-42.0,10.0,ontime
134040_1767669900,test,134040,2026-01-06 03:25:00,53698328421,2026-01-06 03:37:00,149.0,158.0,late
131672_1767672000,test,131672,2026-01-06 04:00:00,53700172803,2026-01-06 04:11:00,207.0,72.0,ontime
131672_1767672300,test,131672,2026-01-06 04:05:00,53700172798,2026-01-06 04:18:00,236.0,-66.0,early
131672_1767672600,test,131672,2026-01-06 04:10:00,53700172815,2026-01-06 04:23:00,236.0,10.0,ontime
131672_1767672900,test,131672,2026-01-06 04:15:00,53700172810,2026-01-06 04:26:00,24.0,27.0,ontime
131672_1767673200,test,131672,2026-01-06 04:20:00,53700172812,2026-01-06 04:32:00,18.0,-43.0,ontime
131672_1767673500,test,131672,2026-01-06 04:25:00,53700172807,2026-01-06 04:36:00,20.0,-31.0,ontime
132430_1767673800,test,132430,2026-01-06 04:30:00,53698549482,2026-01-06 04:41:00,116.0,137.0,late
134040_1767673800,test,134040,2026-01-06 04:30:00,53698328389,2026-01-06 04:41:00,116.0,332.0,late
132430_1767674100,test,132430,2026-01-06 04:35:00,53698549473,2026-01-06 04:46:00,238.0,35.0,ontime
134040_1767674100,test,134040,2026-01-06 04:35:00,53698328393,2026-01-06 04:46:00,179.0,369.0,late
132430_1767674400,test,132430,2026-01-06 04:40:00,53698549485,2026-01-06 04:51:00,176.0,161.0,late
134040_1767674400,test,134040,2026-01-06 04:40:00,53698328407,2026-01-06 04:51:00,350.0,362.0,late
134040_1767674700,test,134040,2026-01-06 04:45:00,53698328394,2026-01-06 04:57:00,362.0,317.0,late
132430_1767674700,test,132430,2026-01-06 04:45:00,53698549481,2026-01-06 04:56:00,40.0,145.0,late
134040_1767675000,test,134040,2026-01-06 04:50:00,53698328398,2026-01-06 05:02:00,357.0,253.0,late
132430_1767675000,test,132430,2026-01-06 04:50:00,53698549491,2026-01-06 05:01:00,182.0,118.0,ontime
132430_1767675300,test,132430,2026-01-06 04:55:00,53698549495,2026-01-06 05:06:00,138.0,0.0,ontime
134040_1767675300,test,134040,2026-01-06 04:55:00,53698328578,2026-01-06 05:09:00,375.0,100.0,ontime
134040_1767675600,test,134040,2026-01-06 05:00:00,53698328572,2026-01-06 05:11:00,278.0,83.0,ontime
130238_1767675900,test,130238,2026-01-06 05:05:00,53698370091,2026-01-06 05:19:00,233.0,37.0,ontime
134040_1767675900,test,134040,2026-01-06 05:05:00,53698328575,2026-01-06 05:16:00,195.0,117.0,ontime
130238_1767676200,test,130238,2026-01-06 05:10:00,53698370100,2026-01-06 05:22:00,233.0,56.0,ontime
134040_1767676200,test,134040,2026-01-06 05:10:00,53698328563,2026-01-06 05:21:00,100.0,188.0,late
130238_1767676500,test,130238,2026-01-06 05:15:00,53698370116,2026-01-06 05:26:00,233.0,76.0,ontime
134040_1767676500,test,134040,2026-01-06 05:15:00,53698328583,2026-01-06 05:26:00,101.0,165.0,late
134040_1767676800,test,134040,2026-01-06 05:20:00,53698328586,2026-01-06 05:34:00,212.0,116.0,ontime
130238_1767676800,test,130238,2026-01-06 05:20:00,53698370115,2026-01-06 05:31:00,37.0,-9.0,ontime
130238_1767677100,test,130238,2026-01-06 05:25:00,53698370108,2026-01-06 05:36:00,76.0,38.0,ontime
134040_1767677100,test,134040,2026-01-06 05:25:00,53698328580,2026-01-06 05:37:00,212.0,112.0,ontime
131672_1767677400,test,131672,2026-01-06 05:30:00,53700172837,2026-01-06 05:41:00,87.0,86.0,ontime
122048_1767679200,test,122048,2026-01-06 06:00:00,53699018547,2026-01-06 06:11:00,179.0,154.0,late
133300_1767679200,test,133300,2026-01-06 06:00:00,53700641322,2026-01-06 06:11:00,12.0,65.0,ontime
122048_1767679500,test,122048,2026-01-06 06:05:00,53699018538,2026-01-06 06:17:00,184.0,55.0,ontime
133300_1767679800,test,133300,2026-01-06 06:10:00,53700641300,2026-01-06 06:25:00,63.0,-49.0,ontime
122048_1767679800,test,122048,2026-01-06 06:10:00,53699018541,2026-01-06 06:22:00,142.0,59.0,ontime
135081_1767679800,test,135081,2026-01-06 06:10:00,53699790956,2026-01-06 06:24:00,-30.0,6.0,ontime
135081_1767680100,test,135081,2026-01-06 06:15:00,53699790954,2026-01-06 06:26:00,-30.0,42.0,ontime
133300_1767680100,test,133300,2026-01-06 06:15:00,53700641294,2026-01-06 06:27:00,89.0,-49.0,ontime
133300_1767680400,test,133300,2026-01-06 06:20:00,53700641295,2026-01-06 06:32:00,89.0,-42.0,ontime
135081_1767680400,test,135081,2026-01-06 06:20:00,53699790980,2026-01-06 06:31:00,-30.0,-2.0,ontime
133300_1767680700,test,133300,2026-01-06 06:25:00,53700641302,2026-01-06 06:36:00,-49.0,26.0,ontime
135081_1767680700,test,135081,2026-01-06 06:25:00,53699790948,2026-01-06 06:37:00,6.0,-23.0,ontime
135081_1767681000,test,135081,2026-01-06 06:30:00,53699790969,2026-01-06 06:41:00,23.0,20.0,ontime
135081_1767681300,test,135081,2026-01-06 06:35:00,53699790964,2026-01-06 06:46:00,-50.0,71.0,ontime
135081_1767681600,test,135081,2026-01-06 06:40:00,53699790970,2026-01-06 06:52:00,18.0,-36.0,ontime
135081_1767681900,test,135081,2026-01-06 06:45:00,53699790971,2026-01-06 06:57:00,62.0,-25.0,ontime
135081_1767682200,test,135081,2026-01-06 06:50:00,53699790950,2026-01-06 07:01:00,9.0,-113.0,early
135081_1767682500,test,135081,2026-01-06 06:55:00,53699790955,2026-01-06 07:06:00,-118.0,-145.0,early
122048_1767682800,test,122048,2026-01-06 07:00:00,53699018657,2026-01-06 07:15:00,59.0,542.0,late
134040_1767682800,test,134040,2026-01-06 07:00:00,53698328638,2026-01-06 07:11:00,-56.0,72.0,ontime
135081_1767682800,test,135081,2026-01-06 07:00:00,53699790951,2026-01-06 07:11:00,-58.0,-127.0,early
122048_1767683100,test,122048,2026-01-06 07:05:00,53699018658,2026-01-06 07:17:00,59.0,542.0,late
135081_1767683100,test,135081,2026-01-06 07:05:00,53699790842,2026-01-06 07:16:00,-157.0,-186.0,early
134040_1767683100,test,134040,2026-01-06 07:05:00,53698328626,2026-01-06 07:16:00,45.0,131.0,late
135081_1767683400,test,135081,2026-01-06 07:10:00,53699790837,2026-01-06 07:22:00,-159.0,-182.0,early
122048_1767683400,test,122048,2026-01-06 07:10:00,53699018665,2026-01-06 07:22:00,59.0,578.0,late
134040_1767683400,test,134040,2026-01-06 07:10:00,53698328620,2026-01-06 07:21:00,-4.0,29.0,ontime
135081_1767683700,test,135081,2026-01-06 07:15:00,53699790839,2026-01-06 07:26:00,-84.0,-134.0,early
134040_1767683700,test,134040,2026-01-06 07:15:00,53698328623,2026-01-06 07:29:00,133.0,-62.0,early
122048_1767683700,test,122048,2026-01-06 07:15:00,53699018664,2026-01-06 07:27:00,542.0,446.0,late
134040_1767684000,test,134040,2026-01-06 07:20:00,53698328643,2026-01-06 07:32:00,143.0,48.0,ontime
122048_1767684000,test,122048,2026-01-06 07:20:00,53699018651,2026-01-06 07:32:00,599.0,415.0,late
135081_1767684000,test,135081,2026-01-06 07:20:00,53699790831,2026-01-06 07:31:00,-135.0,-142.0,early
134040_1767684300,test,134040,2026-01-06 07:25:00,53698328637,2026-01-06 07:36:00,48.0,86.0,ontime
122048_1767684300,test,122048,2026-01-06 07:25:00,53699018642,2026-01-06 07:37:00,559.0,408.0,late
135081_1767684300,test,135081,2026-01-06 07:25:00,53699790843,2026-01-06 07:36:00,-91.0,-79.0,early
133957_1767684600,test,133957,2026-01-06 07:30:00,53699456308,2026-01-06 07:41:00,53.0,22.0,ontime
133957_1767684900,test,133957,2026-01-06 07:35:00,53699456311,2026-01-06 07:46:00,75.0,-55.0,ontime
133957_1767685200,test,133957,2026-01-06 07:40:00,53699456302,2026-01-06 07:51:00,21.0,-36.0,ontime
133957_1767685500,test,133957,2026-01-06 07:45:00,53699456357,2026-01-06 07:56:00,-46.0,-95.0,early
133957_1767685800,test,133957,2026-01-06 07:50:00,53699456361,2026-01-06 08:01:00,-66.0,7.0,ontime
133957_1767686100,test,133957,2026-01-06 07:55:00,53699456364,2026-01-06 08:07:00,-95.0,-55.0,ontime
133957_1767686400,test,133957,2026-01-06 08:00:00,53699456352,2026-01-06 08:11:00,-18.0,9.0,ontime
134040_1767686400,test,134040,2026-01-06 08:00:00,53698328653,2026-01-06 08:11:00,192.0,43.0,ontime
134040_1767686700,test,134040,2026-01-06 08:05:00,53698328668,2026-01-06 08:16:00,127.0,6.0,ontime
133957_1767686700,test,133957,2026-01-06 08:05:00,53699456355,2026-01-06 08:16:00,-58.0,-42.0,ontime
134040_1767687000,test,134040,2026-01-06 08:10:00,53698328672,2026-01-06 08:21:00,38.0,24.0,ontime
133957_1767687000,test,133957,2026-01-06 08:10:00,53699456346,2026-01-06 08:21:00,-23.0,3.0,ontime
134040_1767687300,test,134040,2026-01-06 08:15:00,53698328648,2026-01-06 08:26:00,33.0,37.0,ontime
133957_1767687300,test,133957,2026-01-06 08:15:00,53699456322,2026-01-06 08:29:00,-24.0,79.0,ontime
133957_1767687600,test,133957,2026-01-06 08:20:00,53699456323,2026-01-06 08:31:00,-43.0,45.0,ontime
134040_1767687600,test,134040,2026-01-06 08:20:00,53698328593,2026-01-06 08:32:00,78.0,113.0,ontime
134040_1767687900,test,134040,2026-01-06 08:25:00,53698328607,2026-01-06 08:37:00,37.0,149.0,late
133957_1767687900,test,133957,2026-01-06 08:25:00,53699456327,2026-01-06 08:36:00,91.0,104.0,ontime
129964_1767688200,test,129964,2026-01-06 08:30:00,53700336396,2026-01-06 08:41:00,47.0,221.0,late
133957_1767688200,test,133957,2026-01-06 08:30:00,53699456336,2026-01-06 08:42:00,60.0,173.0,late
133957_1767688500,test,133957,2026-01-06 08:35:00,53699456339,2026-01-06 08:46:00,63.0,190.0,late
133957_1767688800,test,133957,2026-01-06 08:40:00,53699456331,2026-01-06 08:52:00,221.0,103.0,ontime
129964_1767688800,test,129964,2026-01-06 08:40:00,53700336490,2026-01-06 08:53:00,221.0,-54.0,ontime
133957_1767689100,test,133957,2026-01-06 08:45:00,53699456375,2026-01-06 08:58:00,150.0,-9.0,ontime
129964_1767689100,test,129964,2026-01-06 08:45:00,53700336488,2026-01-06 08:56:00,221.0,-78.0,early
129964_1767689400,test,129964,2026-01-06 08:50:00,53700336528,2026-01-06 09:01:00,221.0,36.0,ontime
133957_1767689400,test,133957,2026-01-06 08:50:00,53699456377,2026-01-06 09:01:00,118.0,-23.0,ontime
133957_1767689700,test,133957,2026-01-06 08:55:00,53699456380,2026-01-06 09:06:00,103.0,-32.0,ontime
129964_1767689700,test,129964,2026-01-06 08:55:00,53700336525,2026-01-06 09:06:00,-54.0,81.0,ontime
132430_1767690000,test,132430,2026-01-06 09:00:00,53698549396,2026-01-06 09:11:00,95.0,-66.0,early
132430_1767690300,test,132430,2026-01-06 09:05:00,53698549404,2026-01-06 09:17:00,31.0,-139.0,early
122613_1767691800,test,122613,2026-01-06 09:30:00,53718539181,2026-01-06 09:42:00,1.0,69.0,ontime
131672_1767691800,test,131672,2026-01-06 09:30:00,53700172929,2026-01-06 09:41:00,-68.0,-92.0,early
133300_1767691800,test,133300,2026-01-06 09:30:00,53700641078,2026-01-06 09:45:00,108.0,-58.0,ontime
133300_1767692100,test,133300,2026-01-06 09:35:00,53700641072,2026-01-06 09:47:00,161.0,-58.0,ontime
122613_1767692100,test,122613,2026-01-06 09:35:00,53718539195,2026-01-06 09:46:00,99.0,-16.0,ontime
122613_1767692400,test,122613,2026-01-06 09:40:00,53718539203,2026-01-06 09:52:00,120.0,-87.0,early
133300_1767692400,test,133300,2026-01-06 09:40:00,53700641079,2026-01-06 09:51:00,161.0,-31.0,ontime
122613_1767692700,test,122613,2026-01-06 09:45:00,53718539236,2026-01-06 09:56:00,3.0,-160.0,early
133300_1767692700,test,133300,2026-01-06 09:45:00,53700641063,2026-01-06 09:56:00,-58.0,-41.0,ontime
122613_1767693000,test,122613,2026-01-06 09:50:00,53718539232,2026-01-06 10:01:00,-29.0,-147.0,early
133300_1767693000,test,133300,2026-01-06 09:50:00,53700641064,2026-01-06 10:01:00,-51.0,-24.0,ontime
133300_1767693300,test,133300,2026-01-06 09:55:00,53700641070,2026-01-06 10:06:00,-73.0,47.0,ontime
122613_1767693300,test,122613,2026-01-06 09:55:00,53718539234,2026-01-06 10:06:00,-133.0,-146.0,early
130238_1767693600,test,130238,2026-01-06 10:00:00,53698370287,2026-01-06 10:13:00,0.0,0.0,ontime
130238_1767695100,test,130238,2026-01-06 10:25:00,53698370408,2026-01-06 10:37:00,0.0,-47.0,ontime
133300_1767695400,test,133300,2026-01-06 10:30:00,53700641098,2026-01-06 10:41:00,-16.0,33.0,ontime
133300_1767695700,test,133300,2026-01-06 10:35:00,53700641104,2026-01-06 10:46:00,33.0,50.0,ontime
122658_1767695700,test,122658,2026-01-06 10:35:00,53699433908,2026-01-06 10:49:00,-34.0,9.0,ontime
122658_1767696000,test,122658,2026-01-06 10:40:00,53699433910,2026-01-06 10:51:00,-34.0,100.0,ontime
133300_1767696000,test,133300,2026-01-06 10:40:00,53700641105,2026-01-06 10:51:00,36.0,197.0,late
122658_1767696300,test,122658,2026-01-06 10:45:00,53699433901,2026-01-06 10:57:00,-34.0,271.0,late
122658_1767696600,test,122658,2026-01-06 10:50:00,53699433903,2026-01-06 11:01:00,57.0,376.0,late
133300_1767696600,test,133300,2026-01-06 10:50:00,53700641370,2026-01-06 11:05:00,97.0,-52.0,ontime
133300_1767696900,test,133300,2026-01-06 10:55:00,53700641364,2026-01-06 11:07:00,243.0,-52.0,ontime
122658_1767696900,test,122658,2026-01-06 10:55:00,53699433906,2026-01-06 11:06:00,217.0,318.0,late
122613_1767697200,test,122613,2026-01-06 11:00:00,53718539259,2026-01-06 11:12:00,31.0,0.0,ontime
122658_1767697200,test,122658,2026-01-06 11:00:00,53699433897,2026-01-06 11:11:00,247.0,352.0,late
122048_1767697200,test,122048,2026-01-06 11:00:00,53699019196,2026-01-06 11:11:00,-136.0,-68.0,early
122613_1767697500,test,122613,2026-01-06 11:05:00,53718539254,2026-01-06 11:16:00,31.0,0.0,ontime
122048_1767697500,test,122048,2026-01-06 11:05:00,53699019195,2026-01-06 11:17:00,-186.0,-129.0,early
122658_1767697500,test,122658,2026-01-06 11:05:00,53699433809,2026-01-06 11:20:00,372.0,0.0,ontime
122613_1767697800,test,122613,2026-01-06 11:10:00,53718539251,2026-01-06 11:22:00,0.0,0.0,ontime
122658_1767697800,test,122658,2026-01-06 11:10:00,53699433817,2026-01-06 11:22:00,316.0,0.0,ontime
122048_1767697800,test,122048,2026-01-06 11:10:00,53699019211,2026-01-06 11:22:00,-53.0,-129.0,early
122658_1767698100,test,122658,2026-01-06 11:15:00,53699433819,2026-01-06 11:27:00,352.0,0.0,ontime
122048_1767698100,test,122048,2026-01-06 11:15:00,53699019201,2026-01-06 11:26:00,-108.0,-181.0,early
122613_1767698100,test,122613,2026-01-06 11:15:00,53718539274,2026-01-06 11:26:00,0.0,0.0,ontime
122613_1767698400,test,122613,2026-01-06 11:20:00,53718539246,2026-01-06 11:31:00,0.0,0.0,ontime
122048_1767698400,test,122048,2026-01-06 11:20:00,53699019193,2026-01-06 11:32:00,-146.0,-194.0,early
122658_1767698400,test,122658,2026-01-06 11:20:00,53699433822,2026-01-06 11:32:00,-8.0,0.0,ontime
122658_1767698700,test,122658,2026-01-06 11:25:00,53699433824,2026-01-06 11:38:00,0.0,0.0,ontime
122048_1767698700,test,122048,2026-01-06 11:25:00,53699019230,2026-01-06 11:39:00,-196.0,-216.0,early
122613_1767698700,test,122613,2026-01-06 11:25:00,53718539264,2026-01-06 11:36:00,0.0,0.0,ontime
122658_1767699000,test,122658,2026-01-06 11:30:00,53699433810,2026-01-06 11:41:00,0.0,0.0,ontime
122658_1767699300,test,122658,2026-01-06 11:35:00,53699433812,2026-01-06 11:46:00,0.0,0.0,ontime
122658_1767699600,test,122658,2026-01-06 11:40:00,53699433816,2026-01-06 11:51:00,0.0,0.0,ontime
122658_1767699900,test,122658,2026-01-06 11:45:00,53699433867,2026-01-06 11:56:00,0.0,72.0,ontime
122658_1767700200,test,122658,2026-01-06 11:50:00,53699433870,2026-01-06 12:01:00,0.0,183.0,late
122658_1767700500,test,122658,2026-01-06 11:55:00,53699433857,2026-01-06 12:06:00,-2.0,192.0,late
129964_1767700800,test,129964,2026-01-06 12:00:00,53700336645,2026-01-06 12:11:00,-106.0,77.0,ontime
135081_1767700800,test,135081,2026-01-06 12:00:00,53718723944,2026-01-06 12:11:00,-7.0,-128.0,early
132430_1767700800,test,132430,2026-01-06 12:00:00,53698549516,2026-01-06 12:11:00,-103.0,-169.0,early
135081_1767701100,test,135081,2026-01-06 12:05:00,53718723948,2026-01-06 12:16:00,-93.0,-93.0,early
132430_1767701100,test,132430,2026-01-06 12:05:00,53698549519,2026-01-06 12:17:00,-91.0,-262.0,early
129964_1767701100,test,129964,2026-01-06 12:05:00,53700336640,2026-01-06 12:16:00,62.0,80.0,ontime
129964_1767701400,test,129964,2026-01-06 12:10:00,53700336637,2026-01-06 12:21:00,82.0,61.0,ontime
132430_1767701400,test,132430,2026-01-06 12:10:00,53698549518,2026-01-06 12:21:00,-51.0,-258.0,early
135081_1767701400,test,135081,2026-01-06 12:10:00,53718723982,2026-01-06 12:22:00,-89.0,-122.0,early
129964_1767701700,test,129964,2026-01-06 12:15:00,53700336635,2026-01-06 12:26:00,67.0,-43.0,ontime
135081_1767701700,test,135081,2026-01-06 12:15:00,53718723977,2026-01-06 12:26:00,-92.0,19.0,ontime
132430_1767701700,test,132430,2026-01-06 12:15:00,53698549434,2026-01-06 12:26:00,-260.0,84.0,ontime
129964_1767702000,test,129964,2026-01-06 12:20:00,53700336632,2026-01-06 12:31:00,56.0,-38.0,ontime
135081_1767702000,test,135081,2026-01-06 12:20:00,53718723979,2026-01-06 12:31:00,-122.0,9.0,ontime
132430_1767702000,test,132430,2026-01-06 12:20:00,53698549436,2026-01-06 12:31:00,-276.0,87.0,ontime
132430_1767702300,test,132430,2026-01-06 12:25:00,53698549437,2026-01-06 12:37:00,33.0,90.0,ontime
135081_1767702300,test,135081,2026-01-06 12:25:00,53718723991,2026-01-06 12:36:00,-151.0,-39.0,ontime
129964_1767702300,test,129964,2026-01-06 12:25:00,53700336628,2026-01-06 12:37:00,4.0,-108.0,early
122613_1767702600,test,122613,2026-01-06 12:30:00,53718539315,2026-01-06 12:41:00,-105.0,64.0,ontime
122613_1767702900,test,122613,2026-01-06 12:35:00,53718539287,2026-01-06 12:46:00,49.0,64.0,ontime
131672_1767704400,test,131672,2026-01-06 13:00:00,53718793692,2026-01-06 13:11:00,84.0,94.0,ontime
131672_1767704700,test,131672,2026-01-06 13:05:00,53718793695,2026-01-06 13:19:00,161.0,13.0,ontime
131672_1767705000,test,131672,2026-01-06 13:10:00,53718793688,2026-01-06 13:21:00,101.0,7.0,ontime
131672_1767705300,test,131672,2026-01-06 13:15:00,53718793690,2026-01-06 13:26:00,78.0,-23.0,ontime
131672_1767705600,test,131672,2026-01-06 13:20:00,53718793684,2026-01-06 13:31:00,13.0,24.0,ontime
131672_1767705900,test,131672,2026-01-06 13:25:00,53718793705,2026-01-06 13:38:00,5.0,9.0,ontime
135081_1767706200,test,135081,2026-01-06 13:30:00,53718724047,2026-01-06 13:43:00,9.0,155.0,late
122613_1767706200,test,122613,2026-01-06 13:30:00,53718539328,2026-01-06 13:42:00,64.0,0.0,ontime
133957_1767706200,test,133957,2026-01-06 13:30:00,53699456524,2026-01-06 13:41:00,139.0,222.0,late
135081_1767706500,test,135081,2026-01-06 13:35:00,53718724032,2026-01-06 13:46:00,9.0,156.0,late
122613_1767706500,test,122613,2026-01-06 13:35:00,53718539325,2026-01-06 13:46:00,64.0,0.0,ontime
133957_1767706500,test,133957,2026-01-06 13:35:00,53699456527,2026-01-06 13:46:00,97.0,296.0,late
133957_1767706800,test,133957,2026-01-06 13:40:00,53699456514,2026-01-06 13:51:00,161.0,294.0,late
135081_1767706800,test,135081,2026-01-06 13:40:00,53718724051,2026-01-06 13:52:00,174.0,113.0,ontime
122613_1767706800,test,122613,2026-01-06 13:40:00,53718539322,2026-01-06 13:52:00,0.0,0.0,ontime
133957_1767707100,test,133957,2026-01-06 13:45:00,53699456518,2026-01-06 13:57:00,385.0,182.0,late
122613_1767707100,test,122613,2026-01-06 13:45:00,53718539351,2026-01-06 13:56:00,0.0,0.0,ontime
135081_1767707100,test,135081,2026-01-06 13:45:00,53718724046,2026-01-06 13:56:00,161.0,130.0,late
122613_1767707400,test,122613,2026-01-06 13:50:00,53718539337,2026-01-06 14:01:00,0.0,0.0,ontime
135081_1767707400,test,135081,2026-01-06 13:50:00,53718724020,2026-01-06 14:01:00,181.0,247.0,late
133957_1767707400,test,133957,2026-01-06 13:50:00,53699456558,2026-01-06 14:02:00,308.0,292.0,late
133957_1767707700,test,133957,2026-01-06 13:55:00,53699456561,2026-01-06 14:06:00,205.0,252.0,late
135081_1767707700,test,135081,2026-01-06 13:55:00,53718724026,2026-01-06 14:07:00,103.0,113.0,ontime
122613_1767707700,test,122613,2026-01-06 13:55:00,53718539349,2026-01-06 14:06:00,0.0,0.0,ontime
134040_1767708000,test,134040,2026-01-06 14:00:00,53698328697,2026-01-06 14:11:00,218.0,60.0,ontime
122048_1767708000,test,122048,2026-01-06 14:00:00,53699019035,2026-01-06 14:12:00,0.0,0.0,ontime
134040_1767708300,test,134040,2026-01-06 14:05:00,53698328688,2026-01-06 14:16:00,201.0,25.0,ontime
122048_1767708300,test,122048,2026-01-06 14:05:00,53699019038,2026-01-06 14:17:00,0.0,0.0,ontime
134040_1767708600,test,134040,2026-01-06 14:10:00,53698328675,2026-01-06 14:21:00,82.0,61.0,ontime
134040_1767708900,test,134040,2026-01-06 14:15:00,53698328704,2026-01-06 14:27:00,64.0,61.0,ontime
134040_1767709200,test,134040,2026-01-06 14:20:00,53698328719,2026-01-06 14:31:00,66.0,81.0,ontime
134040_1767709500,test,134040,2026-01-06 14:25:00,53698328722,2026-01-06 14:37:00,56.0,56.0,ontime
122048_1767709500,test,122048,2026-01-06 14:25:00,53699019131,2026-01-06 14:38:00,0.0,-276.0,early
133957_1767710100,test,133957,2026-01-06 14:35:00,53699456599,2026-01-06 14:47:00,140.0,102.0,ontime
133957_1767710400,test,133957,2026-01-06 14:40:00,53699456591,2026-01-06 14:51:00,140.0,98.0,ontime
133957_1767710700,test,133957,2026-01-06 14:45:00,53699456595,2026-01-06 14:56:00,140.0,157.0,late
133957_1767711000,test,133957,2026-01-06 14:50:00,53699456582,2026-01-06 15:01:00,93.0,144.0,late
133957_1767711300,test,133957,2026-01-06 14:55:00,53699456585,2026-01-06 15:06:00,139.0,104.0,ontime
122048_1767711600,test,122048,2026-01-06 15:00:00,53699019123,2026-01-06 15:11:00,14.0,106.0,ontime
122613_1767711600,test,122613,2026-01-06 15:00:00,53718539368,2026-01-06 15:11:00,0.0,0.0,ontime
129964_1767711600,test,129964,2026-01-06 15:00:00,53700336685,2026-01-06 15:11:00,-145.0,-143.0,early
129964_1767711900,test,129964,2026-01-06 15:05:00,53700336682,2026-01-06 15:16:00,-99.0,-3.0,ontime
122613_1767711900,test,122613,2026-01-06 15:05:00,53718539364,2026-01-06 15:16:00,0.0,0.0,ontime
122048_1767711900,test,122048,2026-01-06 15:05:00,53699019127,2026-01-06 15:16:00,98.0,85.0,ontime
129964_1767712200,test,129964,2026-01-06 15:10:00,53700336679,2026-01-06 15:21:00,-96.0,17.0,ontime
122048_1767712200,test,122048,2026-01-06 15:10:00,53699019105,2026-01-06 15:21:00,68.0,83.0,ontime
122048_1767712500,test,122048,2026-01-06 15:15:00,53699019112,2026-01-06 15:27:00,116.0,57.0,ontime
122613_1767712500,test,122613,2026-01-06 15:15:00,53718539407,2026-01-06 15:30:00,0.0,0.0,ontime
129964_1767712800,test,129964,2026-01-06 15:20:00,53700336738,2026-01-06 15:35:00,21.0,-108.0,early
122048_1767712800,test,122048,2026-01-06 15:20:00,53699019103,2026-01-06 15:33:00,139.0,-8.0,ontime
122613_1767712800,test,122613,2026-01-06 15:20:00,53718539402,2026-01-06 15:31:00,0.0,0.0,ontime
122613_1767713100,test,122613,2026-01-06 15:25:00,53718539406,2026-01-06 15:36:00,0.0,0.0,ontime
122048_1767713100,test,122048,2026-01-06 15:25:00,53699019132,2026-01-06 15:36:00,70.0,92.0,ontime
129964_1767713100,test,129964,2026-01-06 15:25:00,53700336737,2026-01-06 15:36:00,290.0,-108.0,early
134040_1767713400,test,134040,2026-01-06 15:30:00,53698328522,2026-01-06 15:41:00,199.0,36.0,ontime
134040_1767713700,test,134040,2026-01-06 15:35:00,53698328526,2026-01-06 15:48:00,203.0,21.0,ontime
134040_1767714000,test,134040,2026-01-06 15:40:00,53698328529,2026-01-06 15:52:00,101.0,108.0,ontime
134040_1767714300,test,134040,2026-01-06 15:45:00,53698328507,2026-01-06 15:56:00,21.0,-44.0,ontime
131672_1767715200,test,131672,2026-01-06 16:00:00,53718793773,2026-01-06 16:11:00,13.0,-130.0,early
135081_1767715200,test,135081,2026-01-06 16:00:00,53718724108,2026-01-06 16:11:00,59.0,100.0,ontime
131672_1767715500,test,131672,2026-01-06 16:05:00,53718793775,2026-01-06 16:16:00,-17.0,-99.0,early
135081_1767715500,test,135081,2026-01-06 16:05:00,53718724123,2026-01-06 16:17:00,59.0,74.0,ontime
135081_1767715800,test,135081,2026-01-06 16:10:00,53718724118,2026-01-06 16:22:00,59.0,82.0,ontime
131672_1767715800,test,131672,2026-01-06 16:10:00,53718793769,2026-01-06 16:21:00,-150.0,-59.0,ontime
135081_1767716100,test,135081,2026-01-06 16:15:00,53718724121,2026-01-06 16:26:00,167.0,47.0,ontime
131672_1767716100,test,131672,2026-01-06 16:15:00,53718793751,2026-01-06 16:28:00,-104.0,-53.0,ontime
135081_1767716400,test,135081,2026-01-06 16:20:00,53718724125,2026-01-06 16:31:00,60.0,118.0,ontime
131672_1767716400,test,131672,2026-01-06 16:20:00,53718793766,2026-01-06 16:31:00,-42.0,-55.0,ontime
131672_1767716700,test,131672,2026-01-06 16:25:00,53718793749,2026-01-06 16:36:00,30.0,-74.0,early
135081_1767716700,test,135081,2026-01-06 16:25:00,53718724129,2026-01-06 16:36:00,73.0,137.0,late
133300_1767717000,test,133300,2026-01-06 16:30:00,53700641221,2026-01-06 16:43:00,128.0,-12.0,ontime
133957_1767717000,test,133957,2026-01-06 16:30:00,53699456620,2026-01-06 16:41:00,66.0,134.0,late
133957_1767717300,test,133957,2026-01-06 16:35:00,53699456623,2026-01-06 16:46:00,107.0,71.0,ontime
133300_1767717300,test,133300,2026-01-06 16:35:00,53700641232,2026-01-06 16:46:00,122.0,-28.0,ontime
133957_1767717600,test,133957,2026-01-06 16:40:00,53699456610,2026-01-06 16:51:00,85.0,37.0,ontime
133300_1767717600,test,133300,2026-01-06 16:40:00,53700641216,2026-01-06 16:51:00,122.0,-46.0,ontime
133957_1767717900,test,133957,2026-01-06 16:45:00,53699456614,2026-01-06 16:57:00,159.0,-25.0,ontime
133300_1767717900,test,133300,2026-01-06 16:45:00,53700641217,2026-01-06 16:56:00,-12.0,25.0,ontime
133957_1767718200,test,133957,2026-01-06 16:50:00,53699456656,2026-01-06 17:02:00,88.0,-42.0,ontime
133300_1767718200,test,133300,2026-01-06 16:50:00,53700641218,2026-01-06 17:02:00,32.0,26.0,ontime
133300_1767718500,test,133300,2026-01-06 16:55:00,53700641219,2026-01-06 17:07:00,-20.0,129.0,late
133957_1767718500,test,133957,2026-01-06 16:55:00,53699456659,2026-01-06 17:06:00,-14.0,-28.0,ontime
132430_1767720600,test,132430,2026-01-06 17:30:00,53698549859,2026-01-06 17:41:00,440.0,141.0,late
133300_1767720600,test,133300,2026-01-06 17:30:00,53700641142,2026-01-06 17:42:00,1.0,99.0,ontime
132430_1767720900,test,132430,2026-01-06 17:35:00,53698549863,2026-01-06 17:48:00,65.0,216.0,late
133300_1767720900,test,133300,2026-01-06 17:35:00,53700641143,2026-01-06 17:47:00,11.0,154.0,late
133300_1767721200,test,133300,2026-01-06 17:40:00,53700641149,2026-01-06 17:51:00,41.0,113.0,ontime
132430_1767721200,test,132430,2026-01-06 17:40:00,53698549852,2026-01-06 17:51:00,137.0,309.0,late
132430_1767721500,test,132430,2026-01-06 17:45:00,53698549856,2026-01-06 17:58:00,191.0,359.0,late
134040_1767721500,test,134040,2026-01-06 17:45:00,53721480924,2026-01-06 17:56:00,-44.0,7.0,ontime
133300_1767721500,test,133300,2026-01-06 17:45:00,53700641118,2026-01-06 18:00:00,128.0,-28.0,ontime
132430_1767721800,test,132430,2026-01-06 17:50:00,53698549850,2026-01-06 18:02:00,279.0,295.0,late
133300_1767721800,test,133300,2026-01-06 17:50:00,53700641112,2026-01-06 18:02:00,113.0,-28.0,ontime
134040_1767721800,test,134040,2026-01-06 17:50:00,53721480895,2026-01-06 18:02:00,-44.0,78.0,ontime
131672_1767721800,test,131672,2026-01-06 17:50:00,53718793791,2026-01-06 18:04:00,-118.0,21.0,ontime
131672_1767722100,test,131672,2026-01-06 17:55:00,53718793793,2026-01-06 18:06:00,-118.0,47.0,ontime
132430_1767722100,test,132430,2026-01-06 17:55:00,53698549847,2026-01-06 18:06:00,371.0,393.0,late
134040_1767722100,test,134040,2026-01-06 17:55:00,53721480899,2026-01-06 18:06:00,-44.0,106.0,ontime
133300_1767722100,test,133300,2026-01-06 17:55:00,53700641113,2026-01-06 18:06:00,113.0,193.0,late
133957_1767722400,test,133957,2026-01-06 18:00:00,53699456694,2026-01-06 18:11:00,51.0,0.0,ontime
133957_1767722700,test,133957,2026-01-06 18:05:00,53699456731,2026-01-06 18:17:00,-48.0,-74.0,early
133957_1767723000,test,133957,2026-01-06 18:10:00,53699456735,2026-01-06 18:21:00,-23.0,100.0,ontime
133957_1767723300,test,133957,2026-01-06 18:15:00,53699456738,2026-01-06 18:26:00,-74.0,89.0,ontime
133957_1767723600,test,133957,2026-01-06 18:20:00,53699456727,2026-01-06 18:31:00,90.0,114.0,ontime
133957_1767723900,test,133957,2026-01-06 18:25:00,53699456718,2026-01-06 18:36:00,70.0,163.0,late
135081_1767724500,test,135081,2026-01-06 18:35:00,53718724215,2026-01-06 18:47:00,48.0,112.0,ontime
135081_1767724800,test,135081,2026-01-06 18:40:00,53718724213,2026-01-06 18:52:00,48.0,246.0,late
135081_1767725100,test,135081,2026-01-06 18:45:00,53718724206,2026-01-06 18:57:00,48.0,166.0,late
135081_1767725400,test,135081,2026-01-06 18:50:00,53718724203,2026-01-06 19:02:00,215.0,241.0,late
135081_1767725700,test,135081,2026-01-06 18:55:00,53718724180,2026-01-06 19:06:00,188.0,313.0,late
132430_1767726000,test,132430,2026-01-06 19:00:00,53698549302,2026-01-06 19:11:00,45.0,156.0,late
132430_1767726300,test,132430,2026-01-06 19:05:00,53698549315,2026-01-06 19:16:00,50.0,141.0,late
132430_1767726600,test,132430,2026-01-06 19:10:00,53698549319,2026-01-06 19:22:00,46.0,46.0,ontime
132430_1767726900,test,132430,2026-01-06 19:15:00,53698549313,2026-01-06 19:26:00,152.0,10.0,ontime
132430_1767727200,test,132430,2026-01-06 19:20:00,53698549310,2026-01-06 19:31:00,99.0,217.0,late
132430_1767727500,test,132430,2026-01-06 19:25:00,53698549337,2026-01-06 19:36:00,18.0,260.0,late
135081_1767727800,test,135081,2026-01-06 19:30:00,53718724242,2026-01-06 19:41:00,-23.0,-58.0,ontime
135081_1767728100,test,135081,2026-01-06 19:35:00,53718724247,2026-01-06 19:46:00,-10.0,58.0,ontime
135081_1767728400,test,135081,2026-01-06 19:40:00,53718724254,2026-01-06 19:51:00,-15.0,40.0,ontime
135081_1767728700,test,135081,2026-01-06 19:45:00,53718724224,2026-01-06 19:57:00,56.0,-16.0,ontime
135081_1767729000,test,135081,2026-01-06 19:50:00,53718724222,2026-01-06 20:01:00,24.0,-62.0,early
135081_1767729300,test,135081,2026-01-06 19:55:00,53718724241,2026-01-06 20:07:00,14.0,-45.0,ontime
135081_1767729600,test,135081,2026-01-06 20:00:00,53718724225,2026-01-06 20:11:00,-49.0,24.0,ontime
135081_1767729900,test,135081,2026-01-06 20:05:00,53718724235,2026-01-06 20:16:00,-82.0,206.0,late
135081_1767730200,test,135081,2026-01-06 20:10:00,53718724234,2026-01-06 20:22:00,27.0,197.0,late
135081_1767730500,test,135081,2026-01-06 20:15:00,53718724231,2026-01-06 20:26:00,222.0,234.0,late
134040_1767730500,test,134040,2026-01-06 20:15:00,53721480959,2026-01-06 20:30:00,393.0,121.0,late
134040_1767730800,test,134040,2026-01-06 20:20:00,53721480962,2026-01-06 20:31:00,393.0,191.0,late
134040_1767731100,test,134040,2026-01-06 20:25:00,53721480967,2026-01-06 20:36:00,393.0,150.0,late
134040_1767731400,test,134040,2026-01-06 20:30:00,53721480964,2026-01-06 20:42:00,148.0,214.0,late
134040_1767731700,test,134040,2026-01-06 20:35:00,53721480969,2026-01-06 20:46:00,195.0,152.0,late
134040_1767732000,test,134040,2026-01-06 20:40:00,53721480972,2026-01-06 20:51:00,239.0,152.0,late
134040_1767732300,test,134040,2026-01-06 20:45:00,53721480938,2026-01-06 20:56:00,178.0,181.0,late
134040_1767732600,test,134040,2026-01-06 20:50:00,53721480941,2026-01-06 21:01:00,135.0,230.0,late
134040_1767732900,test,134040,2026-01-06 20:55:00,53721480945,2026-01-06 21:06:00,192.0,315.0,late
131672_1767733200,test,131672,2026-01-06 21:00:00,53718793877,2026-01-06 21:12:00,-15.0,-15.0,ontime
131672_1767733500,test,131672,2026-01-06 21:05:00,53718793859,2026-01-06 21:16:00,17.0,-60.0,ontime
131672_1767733800,test,131672,2026-01-06 21:10:00,53718793862,2026-01-06 21:22:00,34.0,-24.0,ontime
131672_1767734100,test,131672,2026-01-06 21:15:00,53718793867,2026-01-06 21:28:00,-30.0,-1.0,ontime
131672_1767734400,test,131672,2026-01-06 21:20:00,53718793869,2026-01-06 21:31:00,-31.0,26.0,ontime
131672_1767734700,test,131672,2026-01-06 21:25:00,53718793883,2026-01-06 21:36:00,19.0,12.0,ontime
135081_1767735000,test,135081,2026-01-06 21:30:00,53718724272,2026-01-06 21:41:00,-23.0,-184.0,early
135081_1767735300,test,135081,2026-01-06 21:35:00,53718724278,2026-01-06 21:46:00,-136.0,-69.0,early
135081_1767735600,test,135081,2026-01-06 21:40:00,53718724320,2026-01-06 21:51:00,-197.0,-88.0,early
135081_1767735900,test,135081,2026-01-06 21:45:00,53718724329,2026-01-06 21:56:00,-61.0,-130.0,early
135081_1767736200,test,135081,2026-01-06 21:50:00,53718724324,2026-01-06 22:01:00,-63.0,-161.0,early
135081_1767736500,test,135081,2026-01-06 21:55:00,53718724305,2026-01-06 22:06:00,-131.0,-191.0,early
132430_1767738600,test,132430,2026-01-06 22:30:00,53698549718,2026-01-06 22:41:00,96.0,110.0,ontime
130072_1767738600,test,130072,2026-01-06 22:30:00,53698461713,2026-01-06 22:41:00,0.0,0.0,ontime
132430_1767738900,test,132430,2026-01-06 22:35:00,53698549706,2026-01-06 22:46:00,90.0,112.0,ontime
130072_1767738900,test,130072,2026-01-06 22:35:00,53698461704,2026-01-06 22:47:00,0.0,0.0,ontime
132430_1767739200,test,132430,2026-01-06 22:40:00,53698549702,2026-01-06 22:51:00,52.0,81.0,ontime
132430_1767739500,test,132430,2026-01-06 22:45:00,53698549713,2026-01-06 22:57:00,147.0,-2.0,ontime
132430_1767739800,test,132430,2026-01-06 22:50:00,53698549712,2026-01-06 23:01:00,89.0,8.0,ontime
132430_1767740100,test,132430,2026-01-06 22:55:00,53698549790,2026-01-06 23:07:00,25.0,175.0,late
134494_1767740400,test,134494,2026-01-06 23:00:00,53698426121,2026-01-06 23:11:00,0.0,0.0,ontime
134494_1767740700,test,134494,2026-01-06 23:05:00,53698426095,2026-01-06 23:18:00,0.0,0.0,ontime
134494_1767741000,test,134494,2026-01-06 23:10:00,53698426092,2026-01-06 23:21:00,0.0,0.0,ontime
134494_1767741300,test,134494,2026-01-06 23:15:00,53698426104,2026-01-06 23:26:00,0.0,0.0,ontime
134494_1767741600,test,134494,2026-01-06 23:20:00,53698426101,2026-01-06 23:31:00,0.0,0.0,ontime
134494_1767741900,test,134494,2026-01-06 23:25:00,53698426098,2026-01-06 23:36:00,0.0,0.0,ontime
131672_1767670500,validate,131672,2026-01-06 03:35:00,53700172828,2026-01-06 03:50:00,274.0,,
131672_1767670800,validate,131672,2026-01-06 03:40:00,53700172829,2026-01-06 03:51:00,274.0,,
131672_1767671100,validate,131672,2026-01-06 03:45:00,53700172826,2026-01-06 03:56:00,274.0,,
131672_1767671400,validate,131672,2026-01-06 03:50:00,53700172823,2026-01-06 04:02:00,78.0,,
134040_1767672000,validate,134040,2026-01-06 04:00:00,53698328460,2026-01-06 04:12:00,60.0,,
134040_1767672300,validate,134040,2026-01-06 04:05:00,53698328464,2026-01-06 04:16:00,43.0,,
134040_1767672600,validate,134040,2026-01-06 04:10:00,53698328461,2026-01-06 04:21:00,-2.0,,
134040_1767672900,validate,134040,2026-01-06 04:15:00,53698328384,2026-01-06 04:28:00,92.0,,
134040_1767673200,validate,134040,2026-01-06 04:20:00,53698328399,2026-01-06 04:31:00,82.0,,
134040_1767673500,validate,134040,2026-01-06 04:25:00,53698328402,2026-01-06 04:36:00,67.0,,
122048_1767673800,validate,122048,2026-01-06 04:30:00,53699018729,2026-01-06 04:41:00,163.0,,
122048_1767674100,validate,122048,2026-01-06 04:35:00,53699018713,2026-01-06 04:46:00,65.0,,
122048_1767674400,validate,122048,2026-01-06 04:40:00,53699018736,2026-01-06 04:51:00,16.0,,
122048_1767674700,validate,122048,2026-01-06 04:45:00,53699018721,2026-01-06 04:57:00,-45.0,,
122048_1767675000,validate,122048,2026-01-06 04:50:00,53699018712,2026-01-06 05:01:00,-37.0,,
122048_1767675300,validate,122048,2026-01-06 04:55:00,53699018743,2026-01-06 05:06:00,-39.0,,
131672_1767675600,validate,131672,2026-01-06 05:00:00,53700172861,2026-01-06 05:14:00,172.0,,
131672_1767675900,validate,131672,2026-01-06 05:05:00,53700172854,2026-01-06 05:16:00,80.0,,
131672_1767676200,validate,131672,2026-01-06 05:10:00,53700172856,2026-01-06 05:21:00,86.0,,
131672_1767676500,validate,131672,2026-01-06 05:15:00,53700172850,2026-01-06 05:26:00,-64.0,,
131672_1767676800,validate,131672,2026-01-06 05:20:00,53700172838,2026-01-06 05:33:00,-119.0,,
131672_1767677100,validate,131672,2026-01-06 05:25:00,53700172840,2026-01-06 05:36:00,-11.0,,
122658_1767679500,validate,122658,2026-01-06 06:05:00,53699433958,2026-01-06 06:16:00,0.0,,
122658_1767679800,validate,122658,2026-01-06 06:10:00,53699433966,2026-01-06 06:22:00,0.0,,
122658_1767680100,validate,122658,2026-01-06 06:15:00,53699433960,2026-01-06 06:27:00,0.0,,
122658_1767680400,validate,122658,2026-01-06 06:20:00,53699433963,2026-01-06 06:31:00,49.0,,
122658_1767680700,validate,122658,2026-01-06 06:25:00,53699433970,2026-01-06 06:36:00,167.0,,
134040_1767684600,validate,134040,2026-01-06 07:30:00,53698328624,2026-01-06 07:42:00,-30.0,,
130238_1767684600,validate,130238,2026-01-06 07:30:00,53698370374,2026-01-06 07:41:00,0.0,,
130238_1767684900,validate,130238,2026-01-06 07:35:00,53698370369,2026-01-06 07:46:00,0.0,,
134040_1767684900,validate,134040,2026-01-06 07:35:00,53698328662,2026-01-06 07:49:00,30.0,,
134040_1767685200,validate,134040,2026-01-06 07:40:00,53698328655,2026-01-06 07:51:00,116.0,,
130238_1767685200,validate,130238,2026-01-06 07:40:00,53698370373,2026-01-06 07:52:00,16.0,,
134040_1767685500,validate,134040,2026-01-06 07:45:00,53698328670,2026-01-06 07:57:00,99.0,,
130238_1767685500,validate,130238,2026-01-06 07:45:00,53698370384,2026-01-06 07:56:00,66.0,,
134040_1767685800,validate,134040,2026-01-06 07:50:00,53698328646,2026-01-06 08:03:00,62.0,,
130238_1767685800,validate,130238,2026-01-06 07:50:00,53698370378,2026-01-06 08:02:00,127.0,,
130238_1767686100,validate,130238,2026-01-06 07:55:00,53698370370,2026-01-06 08:06:00,115.0,,
134040_1767686100,validate,134040,2026-01-06 07:55:00,53698328650,2026-01-06 08:07:00,89.0,,
122658_1767686400,validate,122658,2026-01-06 08:00:00,53699433990,2026-01-06 08:11:00,0.0,,
122658_1767686700,validate,122658,2026-01-06 08:05:00,53699433988,2026-01-06 08:16:00,0.0,,
122658_1767687000,validate,122658,2026-01-06 08:10:00,53699433982,2026-01-06 08:21:00,0.0,,
122658_1767687300,validate,122658,2026-01-06 08:15:00,53699434006,2026-01-06 08:28:00,0.0,,
122658_1767687600,validate,122658,2026-01-06 08:20:00,53699434005,2026-01-06 08:32:00,0.0,,
122658_1767687900,validate,122658,2026-01-06 08:25:00,53699434011,2026-01-06 08:36:00,0.0,,
122613_1767690000,validate,122613,2026-01-06 09:00:00,53718539183,2026-01-06 09:12:00,0.0,,
122613_1767690300,validate,122613,2026-01-06 09:05:00,53718539202,2026-01-06 09:16:00,0.0,,
122613_1767690600,validate,122613,2026-01-06 09:10:00,53718539175,2026-01-06 09:22:00,46.0,,
122613_1767690900,validate,122613,2026-01-06 09:15:00,53718539186,2026-01-06 09:26:00,85.0,,
122613_1767691200,validate,122613,2026-01-06 09:20:00,53718539188,2026-01-06 09:31:00,147.0,,
122613_1767691500,validate,122613,2026-01-06 09:25:00,53718539173,2026-01-06 09:36:00,111.0,,
122048_1767695400,validate,122048,2026-01-06 10:30:00,53699019177,2026-01-06 10:41:00,-195.0,,
122048_1767695700,validate,122048,2026-01-06 10:35:00,53699019208,2026-01-06 10:48:00,-252.0,,
122048_1767696000,validate,122048,2026-01-06 10:40:00,53699019206,2026-01-06 10:52:00,-294.0,,
122048_1767696300,validate,122048,2026-01-06 10:45:00,53699019223,2026-01-06 10:56:00,-321.0,,
122048_1767696600,validate,122048,2026-01-06 10:50:00,53699019217,2026-01-06 11:01:00,12.0,,
122048_1767696900,validate,122048,2026-01-06 10:55:00,53699019205,2026-01-06 11:06:00,-73.0,,
133300_1767699000,validate,133300,2026-01-06 11:30:00,53700641042,2026-01-06 11:45:00,211.0,,
122048_1767699000,validate,122048,2026-01-06 11:30:00,53699019228,2026-01-06 11:42:00,-162.0,,
133300_1767699300,validate,133300,2026-01-06 11:35:00,53700641036,2026-01-06 11:47:00,249.0,,
122048_1767699300,validate,122048,2026-01-06 11:35:00,53699019221,2026-01-06 11:46:00,-169.0,,
122048_1767699600,validate,122048,2026-01-06 11:40:00,53699019224,2026-01-06 11:52:00,-199.0,,
133300_1767699600,validate,133300,2026-01-06 11:40:00,53700641043,2026-01-06 11:51:00,249.0,,
122048_1767699900,validate,122048,2026-01-06 11:45:00,53699019219,2026-01-06 11:56:00,-178.0,,
133300_1767699900,validate,133300,2026-01-06 11:45:00,53700641049,2026-01-06 11:56:00,-16.0,,
122048_1767700200,validate,122048,2026-01-06 11:50:00,53699019085,2026-01-06 12:04:00,-311.0,,
133300_1767700200,validate,133300,2026-01-06 11:50:00,53700641050,2026-01-06 12:01:00,57.0,,
122048_1767700500,validate,122048,2026-01-06 11:55:00,53699019086,2026-01-06 12:06:00,-314.0,,
133300_1767700500,validate,133300,2026-01-06 11:55:00,53700641056,2026-01-06 12:06:00,30.0,,
133957_1767700800,validate,133957,2026-01-06 12:00:00,53699456496,2026-01-06 12:11:00,-158.0,,
133957_1767701100,validate,133957,2026-01-06 12:05:00,53699456500,2026-01-06 12:16:00,56.0,,
133957_1767701400,validate,133957,2026-01-06 12:10:00,53699456488,2026-01-06 12:21:00,58.0,,
133957_1767701700,validate,133957,2026-01-06 12:15:00,53699456490,2026-01-06 12:26:00,147.0,,
133957_1767702000,validate,133957,2026-01-06 12:20:00,53699456494,2026-01-06 12:31:00,166.0,,
133957_1767702300,validate,133957,2026-01-06 12:25:00,53699456548,2026-01-06 12:37:00,156.0,,
129964_1767702600,validate,129964,2026-01-06 12:30:00,53700336669,2026-01-06 12:41:00,-3.0,,
129964_1767702900,validate,129964,2026-01-06 12:35:00,53700336666,2026-01-06 12:46:00,-38.0,,
129964_1767703200,validate,129964,2026-01-06 12:40:00,53700336663,2026-01-06 12:51:00,-28.0,,
129964_1767703500,validate,129964,2026-01-06 12:45:00,53700336660,2026-01-06 12:56:00,-23.0,,
129964_1767704100,validate,129964,2026-01-06 12:55:00,53700336627,2026-01-06 13:10:00,-73.0,,
122658_1767706200,validate,122658,2026-01-06 13:30:00,53699434086,2026-01-06 13:41:00,406.0,,
122658_1767706500,validate,122658,2026-01-06 13:35:00,53699434081,2026-01-06 13:46:00,0.0,,
122658_1767706800,validate,122658,2026-01-06 13:40:00,53699434082,2026-01-06 13:51:00,0.0,,
122658_1767707100,validate,122658,2026-01-06 13:45:00,53699434080,2026-01-06 13:56:00,0.0,,
122658_1767707400,validate,122658,2026-01-06 13:50:00,53699434078,2026-01-06 14:01:00,0.0,,
131672_1767709800,validate,131672,2026-01-06 14:30:00,53718793724,2026-01-06 14:41:00,132.0,,
122048_1767709800,validate,122048,2026-01-06 14:30:00,53699019129,2026-01-06 14:41:00,0.0,,
131672_1767710100,validate,131672,2026-01-06 14:35:00,53718793725,2026-01-06 14:49:00,108.0,,
122048_1767710100,validate,122048,2026-01-06 14:35:00,53699019137,2026-01-06 14:46:00,0.0,,
131672_1767710400,validate,131672,2026-01-06 14:40:00,53718793720,2026-01-06 14:51:00,59.0,,
122048_1767710400,validate,122048,2026-01-06 14:40:00,53699019143,2026-01-06 14:51:00,-276.0,,
122048_1767710700,validate,122048,2026-01-06 14:45:00,53699019130,2026-01-06 14:56:00,-56.0,,
131672_1767710700,validate,131672,2026-01-06 14:45:00,53718793722,2026-01-06 14:56:00,35.0,,
131672_1767711000,validate,131672,2026-01-06 14:50:00,53718793715,2026-01-06 15:01:00,-83.0,,
122048_1767711000,validate,122048,2026-01-06 14:50:00,53699019114,2026-01-06 15:01:00,140.0,,
122048_1767711300,validate,122048,2026-01-06 14:55:00,53699019118,2026-01-06 15:07:00,18.0,,
131672_1767711300,validate,131672,2026-01-06 14:55:00,53718793711,2026-01-06 15:08:00,-78.0,,
132430_1767713400,validate,132430,2026-01-06 15:30:00,53698549618,2026-01-06 15:41:00,264.0,,
133300_1767713400,validate,133300,2026-01-06 15:30:00,53700641276,2026-01-06 15:41:00,-36.0,,
132430_1767713700,validate,132430,2026-01-06 15:35:00,53698549642,2026-01-06 15:46:00,318.0,,
133300_1767713700,validate,133300,2026-01-06 15:35:00,53700641281,2026-01-06 15:46:00,-63.0,,
133300_1767714000,validate,133300,2026-01-06 15:40:00,53700641282,2026-01-06 15:51:00,-49.0,,
132430_1767714000,validate,132430,2026-01-06 15:40:00,53698549615,2026-01-06 15:51:00,289.0,,
132430_1767714300,validate,132430,2026-01-06 15:45:00,53698549620,2026-01-06 15:57:00,289.0,,
133300_1767714600,validate,133300,2026-01-06 15:50:00,53700641346,2026-01-06 16:05:00,6.0,,
132430_1767714600,validate,132430,2026-01-06 15:50:00,53698549633,2026-01-06 16:01:00,399.0,,
132430_1767714900,validate,132430,2026-01-06 15:55:00,53698549637,2026-01-06 16:06:00,266.0,,
133300_1767714900,validate,133300,2026-01-06 15:55:00,53700641340,2026-01-06 16:07:00,66.0,,
122048_1767717000,validate,122048,2026-01-06 16:30:00,53699018892,2026-01-06 16:42:00,0.0,,
122048_1767717300,validate,122048,2026-01-06 16:35:00,53699018890,2026-01-06 16:46:00,0.0,,
122048_1767717600,validate,122048,2026-01-06 16:40:00,53699018893,2026-01-06 16:51:00,0.0,,
122613_1767718800,validate,122613,2026-01-06 17:00:00,53718539463,2026-01-06 17:11:00,72.0,,
132430_1767720000,validate,132430,2026-01-06 17:20:00,53698549867,2026-01-06 17:31:00,440.0,,
132430_1767720300,validate,132430,2026-01-06 17:25:00,53698549857,2026-01-06 17:38:00,440.0,,
131672_1767722400,validate,131672,2026-01-06 18:00:00,53718793788,2026-01-06 18:11:00,-118.0,,
131672_1767722700,validate,131672,2026-01-06 18:05:00,53718793784,2026-01-06 18:16:00,21.0,,
131672_1767723000,validate,131672,2026-01-06 18:10:00,53718793806,2026-01-06 18:22:00,162.0,,
131672_1767723300,validate,131672,2026-01-06 18:15:00,53718793800,2026-01-06 18:26:00,257.0,,
131672_1767723600,validate,131672,2026-01-06 18:20:00,53718793797,2026-01-06 18:32:00,317.0,,
131672_1767723900,validate,131672,2026-01-06 18:25:00,53718793816,2026-01-06 18:38:00,302.0,,
133957_1767724200,validate,133957,2026-01-06 18:30:00,53699456722,2026-01-06 18:41:00,193.0,,
132430_1767727800,validate,132430,2026-01-06 19:30:00,53698549332,2026-01-06 19:41:00,192.0,,
132430_1767728100,validate,132430,2026-01-06 19:35:00,53698549329,2026-01-06 19:46:00,278.0,,
132430_1767728400,validate,132430,2026-01-06 19:40:00,53698549322,2026-01-06 19:51:00,229.0,,
132430_1767728700,validate,132430,2026-01-06 19:45:00,53698549326,2026-01-06 19:56:00,295.0,,
132430_1767729000,validate,132430,2026-01-06 19:50:00,53698549342,2026-01-06 20:01:00,104.0,,
132430_1767729300,validate,132430,2026-01-06 19:55:00,53698549348,2026-01-06 20:07:00,88.0,,
122048_1767731400,validate,122048,2026-01-06 20:30:00,53699018766,2026-01-06 20:41:00,5.0,,
122048_1767731700,validate,122048,2026-01-06 20:35:00,53699018860,2026-01-06 20:47:00,2.0,,
122048_1767732000,validate,122048,2026-01-06 20:40:00,53699018841,2026-01-06 20:51:00,4.0,,
122048_1767732300,validate,122048,2026-01-06 20:45:00,53699018845,2026-01-06 20:56:00,2.0,,
122048_1767732600,validate,122048,2026-01-06 20:50:00,53699018850,2026-01-06 21:02:00,0.0,,
122048_1767732900,validate,122048,2026-01-06 20:55:00,53699018853,2026-01-06 21:06:00,0.0,,
134040_1767733200,validate,134040,2026-01-06 21:00:00,53721480950,2026-01-06 21:11:00,253.0,,
134040_1767733500,validate,134040,2026-01-06 21:05:00,53721480954,2026-01-06 21:16:00,288.0,,
134040_1767733800,validate,134040,2026-01-06 21:10:00,53721480955,2026-01-06 21:21:00,355.0,,
134040_1767734100,validate,134040,2026-01-06 21:15:00,53721480983,2026-01-06 21:26:00,434.0,,
134040_1767734400,validate,134040,2026-01-06 21:20:00,53721480985,2026-01-06 21:31:00,434.0,,
134040_1767734700,validate,134040,2026-01-06 21:25:00,53721480988,2026-01-06 21:36:00,434.0,,
130072_1767736800,validate,130072,2026-01-06 22:00:00,53698461695,2026-01-06 22:13:00,0.0,,
130072_1767737100,validate,130072,2026-01-06 22:05:00,53698461696,2026-01-06 22:16:00,0.0,,
130072_1767737400,validate,130072,2026-01-06 22:10:00,53698461700,2026-01-06 22:23:00,0.0,,
130072_1767737700,validate,130072,2026-01-06 22:15:00,53698461691,2026-01-06 22:26:00,0.0,,
130072_1767738000,validate,130072,2026-01-06 22:20:00,53698461692,2026-01-06 22:31:00,0.0,,
130072_1767738300,validate,130072,2026-01-06 22:25:00,53698461709,2026-01-06 22:36:00,0.0,,
130072_1767742200,validate,130072,2026-01-06 23:30:00,53698461565,2026-01-06 23:41:00,0.0,,
130072_1767742500,validate,130072,2026-01-06 23:35:00,53698461563,2026-01-06 23:47:00,0.0,,
130072_1767742800,validate,130072,2026-01-06 23:40:00,53698461560,2026-01-06 23:52:00,0.0,,
130072_1767743100,validate,130072,2026-01-06 23:45:00,53698461556,2026-01-06 23:59:00,0.0,,
130072_1767743400,validate,130072,2026-01-06 23:50:00,53698461554,2026-01-07 00:01:00,0.0,,
130072_1767743700,validate,130072,2026-01-06 23:55:00,53698461552,2026-01-07 00:08:00,0.0,,
